step,leg,pc,pc_meas,sw,ca_iface,ca_bulk,ca_flux,plate_leak,scrubbed,u_max,m_red,m_blue
0,0,0.00607,0.006070137023925781,1.0,0.0,0.0,0.0,0.0,0.0,0.0,656907.5625,4898572.5
2000,0,0.00607,0.006201744079589844,0.9898265600204468,0.0053009349852800374,0.0006913520861417055,0.0003781438339501619,1.9698992259441503e-29,0.0,0.03752165660262108,693943.1875,4892000.0
4000,0,0.00607,0.006199022134145138,0.9868207573890686,0.005041860044002532,0.000580419972538948,0.0003138374071568251,1.9008594594600815e-16,0.0,0.03821198269724846,706743.9375,4878273.0
6000,0,0.00607,0.0061975916226705285,0.9842831492424011,0.004891399294137955,0.0005395154934376478,0.0002854448044672608,3.539212109146539e-12,0.0,0.038670048117637634,717482.75,4865345.0
8000,0,0.00607,0.006196637948354067,0.9819043278694153,0.004754776880145073,0.0005098356399685144,0.0002656951081007719,4.839380562948747e-10,3.5392140607104494e-12,0.03892391920089722,727443.0,4853473.5
10000,0,0.00607,0.006195803483327267,0.9796294569969177,0.004624857008457183,0.00048408154398202894,0.0002488238038495183,9.436108783233976e-09,4.87477214844434e-10,0.039619434624910355,736864.9375,4842498.0
12000,0,0.00645,0.0065747698148092,0.9768818616867065,0.004494096711277961,0.00050296769477427,0.0002584722125902772,7.040980420924825e-08,9.92358866261367e-09,0.03926204517483711,749001.875,4831865.5
14000,0,0.00645,0.006573696931203243,0.9746921062469482,0.0043984223157167435,0.000474240118637681,0.00023818882182240488,3.0057486810619594e-07,8.033335023929777e-08,0.039470039308071136,757968.25,4821456.0
16000,0,0.00645,0.006573120752970396,0.97263503074646,0.004312161728739739,0.00045219655148684976,0.00022323618177324533,9.015528235067904e-07,3.80908104658656e-07,0.039728160947561264,766361.0,4811759.5
18000,0,0.00645,0.006572683652242062,0.970652163028717,0.004246033355593681,0.0004393012728542089,0.00021394938230514526,2.1349778762669303e-06,1.2824609281654464e-06,0.03992820531129837,774431.3125,4802681.5
20000,0,0.00645,0.006572206815083859,0.968704879283905,0.004221004992723465,0.0004312215372920036,0.00020747864618897438,4.2861652218562085e-06,3.417437440190324e-06,0.03944898024201393,782326.5,4794080.0
22000,0,0.00683,0.006951967875162779,0.965976357460022,0.0042003575712442395,0.0004961052443832159,0.0002388607943430543,7.712636033829767e-06,7.703603116793883e-06,0.03850262239575386,794221.25,4785368.5
24000,0,0.00683,0.006951570510864258,0.963779628276825,0.004125728458166123,0.0004718025214970112,0.00022714571096003053,1.2687736671068706e-05,1.5416236422139545e-05,0.03813880681991577,803112.25,4776134.0
26000,0,0.00683,0.006951332092285156,0.9617255926132202,0.00404452420771122,0.00044579911045730116,0.0002161603420972824,1.9392788090044633e-05,2.8103975821692356e-05,0.038402214646339417,811425.25,4767119.5
28000,0,0.00683,0.0069512128829956055,0.9597280025482178,0.003976795449852943,0.0004318585619330406,0.00021161362528800964,2.8001026294077747e-05,4.7496782101631024e-05,0.03862544149160385,819498.9375,4758454.0
30000,0,0.00683,0.0069510539372762414,0.9577222466468811,0.003972884640097618,0.00042759524658322336,0.00020959493704140184,3.868513522320427e-05,7.549780111975116e-05,0.038582943379879,827598.875,4750064.0
32000,0,0.00683,0.006950934727986691,0.955778956413269,0.003972537443041801,0.0004121415317058563,0.00020017733331769702,5.153617530595511e-05,0.00011418289632518855,0.03853660449385643,835439.4375,4741857.5
34000,0,0.00683,0.00695081551869714,0.9540088772773743,0.003947337344288825,0.0003899797797203064,0.00018524836050346494,6.644548557233065e-05,0.00016571904980327082,0.03856698051095009,842573.5,4733923.0
36000,0,0.00683,0.006950696309407589,0.9523862600326538,0.003900865465402603,0.0003692758036777377,0.00017410351429134605,8.328165131388232e-05,0.00023216452082368624,0.03861090913414955,849118.5,4726454.5
38000,0,0.00683,0.0069506168365478516,0.9508507251739502,0.003862586989998817,0.00035463913809508085,0.00016414140118286015,0.00010200007091043517,0.0003154460921020348,0.03855355083942413,855307.4375,4719463.5
40000,0,0.00683,0.0069504578908284875,0.9494163393974304,0.0038292139768600466,0.00033925708848983046,0.0001537184929475188,0.0001224906009156257,0.0004174461848403428,0.03819531202316284,861089.125,4712899.0
42000,0,0.00683,0.006950418154398619,0.9480991959571838,0.003798389807343483,0.0003181567415595054,0.00014235589187592266,0.0001445435918867588,0.000539936814859799,0.03800415247678757,866394.125,4706767.5
44000,0,0.00683,0.006950418154398619,0.9468643069267273,0.003757452592253685,0.00030772392638027667,0.00013367955107241867,0.00016801440506242216,0.0006844804067465578,0.03751770406961441,871371.125,4701071.5
46000,0,0.00683,0.006950338681538937,0.9456912279129028,0.0037319216877222065,0.0002966791624203324,0.00012755297357216477,0.00019281618006061763,0.0008524948991204713,0.03715555742383003,876097.0,4695751.0
48000,0,0.00683,0.006950338681538937,0.9444858431816101,0.003748476132750511,0.0003099867375567555,0.00013308573979884384,0.0002189663500757888,0.0010453111373887498,0.037514399737119675,880981.25,4690724.0
50000,0,0.00683,0.006950179735819517,0.9431027173995972,0.0037952303886413575,0.0003298092633485794,0.00014397503109648822,0.000247349264100194,0.0012642775020164539,0.03758099675178528,886584.875,4685666.5
52000,0,0.00683,0.006950179735819517,0.9416865110397339,0.003703440725803375,0.00030735824257135393,0.00013896862510591744,0.0002779214992187917,0.0015116267661166478,0.037580911070108414,892300.5,4680298.0
54000,0,0.00683,0.0069501399993896484,0.940406084060669,0.003632717207074165,0.00029511456377804277,0.00013629898894578217,0.0003089847741648555,0.0017895484981660832,0.03758088871836662,897457.3125,4674902.5
56000,0,0.00683,0.0069501399993896484,0.9391608834266663,0.003626253455877304,0.0002918761223554611,0.00013096601469442248,0.00034090541885234416,0.002098533621576904,0.037514787167310715,902463.25,4669665.0
58000,0,0.00683,0.006950060526529966,0.9380013346672058,0.0036066066473722457,0.00027493759989738464,0.00012062303721904755,0.0003735884965863079,0.002439439011325418,0.037110835313797,907116.25,4664620.5
60000,0,0.00683,0.006949981053670284,0.9369820952415466,0.0035710353404283524,0.0002583697903901338,0.00011155524989590048,0.00040635679033584893,0.0028130275370155562,0.03712107986211777,911201.375,4659873.0
62000,0,0.00683,0.0069498419761657715,0.9359970688819885,0.003537249565124512,0.000249364273622632,0.00010612044716253876,0.0004395137948449701,0.003219384327351405,0.03699961677193642,915145.8125,4655461.0
64000,0,0.00683,0.0069498419761657715,0.9350271821022034,0.0035200562328100205,0.0002469326602295041,0.00010435989825055003,0.00047338168951682746,0.0036588980057810534,0.0371229313313961,919042.3125,4651303.0
66000,0,0.00683,0.006949782371520996,0.9340635538101196,0.0035242680460214615,0.00024536363780498506,0.00010238116374239326,0.0005081847193650901,0.004132279462467237,0.03733586147427559,922920.1875,4647270.5
68000,0,0.00683,0.006949742635091127,0.9331195950508118,0.003540477156639099,0.0002424785168841481,9.984903736039996e-05,0.0005435937200672925,0.004640464007209345,0.037245508283376694,926715.125,4643347.5
70000,0,0.00683,0.006949663162231445,0.9321887493133545,0.0035432290285825727,0.00023882866371423007,9.89551655948162e-05,0.0005795156466774642,0.005184058018314942,0.037308596074581146,930456.875,4639518.0
72000,0,0.00683,0.0069496234258015765,0.9312992095947266,0.0035424686968326567,0.0002316460013389587,9.296410717070102e-05,0.0006157389143481851,0.005763573199331119,0.03890835866332054,934026.0,4635778.5
74000,0,0.00683,0.006949663162231445,0.930467963218689,0.003523692861199379,0.00022766992915421725,8.844020194374025e-05,0.0006517814472317696,0.006379312695755913,0.038908641785383224,937356.9375,4632191.0
76000,0,0.00683,0.006949643294016539,0.929682195186615,0.003505843132734298,0.0002227001590654254,8.438984514214097e-05,0.0006879541324451566,0.007031093793741717,0.03892922028899193,940504.1875,4628777.0
78000,0,0.00683,0.006949504216512026,0.9289315342903137,0.0034931592643260953,0.00021615372970700266,8.037866209633648e-05,0.0007242248975671828,0.007719047809771552,0.0386563204228878,943516.5,4625513.5
80000,0,0.00683,0.006949464480082157,0.928218424320221,0.0034818369895219803,0.00021364022977650164,7.74694315623492e-05,0.0007603821577504277,0.008443272940169378,0.03989524394273758,946377.625,4622419.5
82000,0,0.00683,0.006949404875437437,0.9275065660476685,0.003473452851176262,0.00021280383225530386,7.606300641782582e-05,0.0007968434947542846,0.009203655272542789,0.04010051488876343,949231.25,4619459.0
84000,0,0.00683,0.006949305534362793,0.9268089532852173,0.0034599751234054565,0.00021598513703793287,7.56090972572565e-05,0.0008336619357578456,0.010000499058335378,0.04013849049806595,952037.3125,4616590.5
86000,0,0.00683,0.006949325402577755,0.926102876663208,0.003439571335911751,0.00021689163986593485,7.428782409988344e-05,0.0008709962712600827,0.010834160994093223,0.04020144045352936,954875.6875,4613773.5
88000,0,0.00683,0.006949325402577755,0.9254437685012817,0.0034255508333444597,0.00021069860085844993,7.001286139711738e-05,0.0009084383491426706,0.011705156974315001,0.04020179063081741,957519.0,4610996.0
90000,0,0.00683,0.006949305534362793,0.9248415231704712,0.0034109409898519516,0.0002009765477851033,6.549459067173302e-05,0.0009451414807699621,0.012613594974211707,0.04020177572965622,959925.875,4608320.0
92000,0,0.00683,0.006949404875437437,0.9242652058601379,0.0034012358635663984,0.00019563310779631136,6.279117660596966e-05,0.0009813504293560982,0.013558736978850617,0.04021212086081505,962228.9375,4605795.0
94000,0,0.00683,0.006949484348297119,0.9236749410629272,0.0034422550350427625,0.0002007825532928109,6.283729453571141e-05,0.0010174718918278813,0.014540087524622037,0.040240030735731125,964581.1875,4603408.5
96000,0,0.00683,0.00694960355758667,0.923050582408905,0.0033734306693077084,0.00020241271704435349,6.357140955515206e-05,0.001054507913067937,0.015557559882111206,0.04025063291192055,967093.875,4601071.0
98000,0,0.00683,0.006949524084726988,0.9224597811698914,0.0033556297421455383,0.00020133450161665675,6.281723617576062e-05,0.0010920640779659152,0.016612067213102533,0.04024332016706467,969475.375,4598712.0
100000,0,0.00683,0.006949444611867306,0.9218875765800476,0.0033499930053949357,0.00020099298562854527,6.205975078046321e-05,0.0011294796131551266,0.017704131174653127,0.04025036096572876,971785.6875,4596381.0
102000,0,0.00721,0.007329503695170048,0.9206477999687195,0.0033635564148426053,0.0002463335869833827,9.237218764610588e-05,0.0011753960279747844,0.018833609740070357,0.04010931774973869,977721.0625,4593657.5
104000,0,0.00721,0.007329384485880497,0.9198012351989746,0.0033425316214561462,0.00023760164622217418,8.577207336202264e-05,0.0012205663369968534,0.02000900506955321,0.040109556168317795,981145.9375,4590368.5
106000,0,0.00721,0.007329364617665646,0.9190279245376587,0.0033215384930372236,0.000230308691971004,8.233433472923934e-05,0.001262236968614161,0.021229572221457316,0.04011986404657364,984249.8125,4587095.5
108000,0,0.00721,0.007329305013020815,0.9182683229446411,0.003305010125041008,0.0002305043861269951,8.172408561222254e-05,0.0013025002554059029,0.022491808375164225,0.03992524743080139,987305.875,4583927.0
110000,0,0.00721,0.007329444090525328,0.9174249768257141,0.0033481553196907043,0.00026066028513014314,8.864958654157818e-05,0.0013432344421744347,0.023794308630570127,0.039925120770931244,990722.5625,4580813.0
112000,0,0.00721,0.007329265276590946,0.9165977239608765,0.0032873161137104033,0.0002466672332957387,8.606364135630428e-05,0.0013858819147571921,0.025137544004067137,0.039935462176799774,994063.5,4577576.0
114000,0,0.00721,0.007329205671946226,0.9158324599266052,0.0032391685992479323,0.0002307383343577385,8.110288763418794e-05,0.0014265513746067882,0.026523425802409007,0.040060076862573624,997126.3125,4574352.0
116000,0,0.00721,0.007329205671946226,0.9151135087013245,0.003229296952486038,0.00022548628039658069,7.677958346903324e-05,0.0014654671540483832,0.02794997624569322,0.040106117725372314,999996.9375,4571269.5
118000,0,0.00721,0.007329185803731264,0.9144254922866821,0.003222673013806343,0.00022361755836755034,7.404774078167975e-05,0.0015034147072583437,0.029415442934080317,0.04010595753788948,1002751.5625,4568325.5
120000,0,0.00721,0.007329185803731264,0.9137552976608276,0.003221430256962776,0.0002231898019090295,7.183108245953917e-05,0.0015409758780151606,0.030918857292092695,0.04016943275928497,1005440.25,4565504.5
122000,0,0.00721,0.007329185803731264,0.9131212830543518,0.003227011486887932,0.00021813863422721623,6.915252306498587e-05,0.0015782631235197186,0.03245983375218446,0.04016938433051109,1007981.5625,4562787.0
124000,0,0.00721,0.007329165935516357,0.9125113487243652,0.003219202160835266,0.00021134540438652038,6.608580006286501e-05,0.0016149597940966487,0.034038095245889674,0.03949736803770065,1010422.9375,4560172.0
126000,0,0.00721,0.007329205671946226,0.9119231700897217,0.0032003574073314668,0.00020658650901168583,6.351625779643655e-05,0.0016510682180523872,0.03565305562206293,0.03949727490544319,1012771.875,4557661.0
128000,0,0.00721,0.007329165935516357,0.9113538861274719,0.0032100528478622432,0.00020494263153523207,6.14694319665432e-05,0.001686707022599876,0.03730412186105485,0.03953257203102112,1015055.0,4555249.5
130000,0,0.00721,0.007329006989796993,0.9108282923698425,0.003218303248286247,0.0002008270239457488,5.804845131933689e-05,0.0017218160210177302,0.03899082969856198,0.03956068307161331,1017163.875,4552915.0
132000,0,0.00721,0.007328967253367125,0.9103420376777649,0.0032244976609945293,0.00019405510975047945,5.489029572345316e-05,0.0017557272221893072,0.04071264455542649,0.03888004645705223,1019107.3125,4550704.0
134000,0,0.00721,0.007328927516937256,0.9098870754241943,0.0032289601862430573,0.0001878916984423995,5.157318082638085e-05,0.001788581139408052,0.042468371079123865,0.03891518712043762,1020924.6875,4548621.5
136000,0,0.00721,0.007328887780507443,0.9094581007957458,0.0032313294708728787,0.0001817063079215586,4.781015159096568e-05,0.001820703037083149,0.04425695198570127,0.03888009488582611,1022634.125,4546679.0
138000,0,0.00721,0.007328808307647705,0.9090553522109985,0.00323500856757164,0.0001785903936251998,4.4950784649699925e-05,0.0018520578742027283,0.04607765467353846,0.0389154814183712,1024237.875,4544842.0
140000,0,0.00721,0.007328768571217892,0.908675491809845,0.0032366454601287843,0.0001742133521474898,4.2409653542563315e-05,0.0018828831380233169,0.047929711965664576,0.03849966451525688,1025750.375,4543134.5
142000,0,0.00721,0.007328808307647705,0.9083150029182434,0.003239281475543976,0.00017310939729213714,4.120171652175485e-05,0.0019131716107949615,0.04981259428878064,0.038504235446453094,1027188.375,4541521.5
144000,0,0.00721,0.007328689098358154,0.9079698920249939,0.0032446220517158507,0.0001715797232463956,4.017577157355844e-05,0.0019430231768637896,0.051725766132406245,0.03850412368774414,1028566.4375,4539993.0
146000,0,0.00721,0.007328689098358154,0.9076323509216309,0.0032414261251688,0.00017025844426825644,3.929879167117178e-05,0.0019727088510990143,0.053668790007761966,0.038471151143312454,1029914.625,4538544.5
148000,0,0.00721,0.007328609625498472,0.9072953462600708,0.003238445147871971,0.00017334329895675183,3.920544404536486e-05,0.002002288121730089,0.055641498626030336,0.03850417956709862,1031266.9375,4537140.5
150000,0,0.00721,0.0073286493619282855,0.9069421291351318,0.0032366801053285597,0.00017821338260546327,4.109554865863174e-05,0.0020322687923908234,0.05764378628209914,0.0384993776679039,1032692.0625,4535766.5
152000,0,0.00721,0.007328609625498472,0.9065427184104919,0.0032441437244415286,0.00018932584207504986,4.572204197756946e-05,0.002063525142148137,0.05967605554015125,0.03849928826093674,1034313.9375,4534368.5
154000,0,0.00721,0.007328609625498472,0.9060100317001343,0.0032819882035255428,0.00020883495453745128,5.300524062477052e-05,0.0020980595145374537,0.06173957975097681,0.03849923983216286,1036508.5625,4532827.0
156000,0,0.00721,0.007328609625498472,0.9056130647659302,0.0032996587455272675,0.00018406067974865436,4.30249550845474e-05,0.002133417408913374,0.06383763926551426,0.0384993702173233,1038093.8125,4531075.0
158000,0,0.00721,0.007328609625498472,0.9052752256393433,0.0033059950917959215,0.0001768052577972412,3.928772930521518e-05,0.002162850694730878,0.06597105830424214,0.038499269634485245,1039425.8125,4529433.0
160000,0,0.00721,0.007328609625498472,0.9049947261810303,0.003315328806638718,0.0001693053403869271,3.541807236615568e-05,0.0021891058422625065,0.06813390923180367,0.03849930316209793,1040522.75,4527958.0
162000,0,0.00721,0.007328609625498472,0.9047228693962097,0.003314617276191711,0.00016898806206882002,3.3830749453045426e-05,0.0022142466623336077,0.07032301670388068,0.038511570543050766,1041600.75,4526648.0
164000,0,0.00721,0.0073285698890686035,0.904459536075592,0.003312498331069946,0.0001635742839425802,3.1523694633506236e-05,0.002239449415355921,0.07253726359904493,0.03851167857646942,1042640.5,4525460.5
166000,0,0.00721,0.007328609625498472,0.9042048454284668,0.0033163309097290036,0.00015895743854343888,2.8093985747545954e-05,0.0022646235302090645,0.07477671348006214,0.038617417216300964,1043657.6875,4524345.5
168000,0,0.00721,0.0073286493619282855,0.9039630889892578,0.0033188514411449433,0.00015366033185273408,2.552814839873463e-05,0.0022899270989000797,0.07704133631177927,0.038634058088064194,1044624.0625,4523291.0
170000,0,0.00721,0.007328609625498417,0.9037275910377502,0.003323465213179588,0.0001489553484134376,2.385125117143616e-05,0.0023147689644247293,0.07933126247935678,0.038638729602098465,1045563.625,4522273.0
172000,0,0.00721,0.007328609625498417,0.9034954309463501,0.003329050913453102,0.0001457812380976975,2.2229764726944265e-05,0.002339352620765567,0.08164603307359601,0.03863837942481041,1046492.4375,4521276.0
174000,0,0.00721,0.007328530152638735,0.903261661529541,0.0033207859843969343,0.00014632099773734806,2.16807282413356e-05,0.0023643109016120434,0.08398538732417608,0.03863370418548584,1047431.9375,4520344.5
176000,0,0.00721,0.0073285698890686035,0.9030296206474304,0.0033083342015743254,0.00014693943085148932,2.138737181667238e-05,0.002389466157183051,0.08634969892428006,0.03863861411809921,1048371.6875,4519427.0
178000,0,0.00721,0.0073285698890686035,0.9028071761131287,0.0033081054687499997,0.00014537549577653408,2.072747302008793e-05,0.0024144116323441267,0.08873916461580182,0.038633793592453,1049263.875,4518525.0
180000,0,0.00721,0.0073285698890686035,0.9025912284851074,0.0033147238194942475,0.0001438062754459679,1.995651109609753e-05,0.0024390099570155144,0.0911535760153153,0.03863387554883957,1050130.25,4517630.0
182000,0,0.00759,0.007708370685577393,0.9017864465713501,0.003337625041604042,0.0001786688342690468,4.6656507765874264e-05,0.002480162773281336,0.09359258434251631,0.03858599811792374,1054326.125,4516355.0
184000,0,0.00759,0.007708251476287842,0.9013806581497192,0.0033406469970941543,0.0001759107457473874,4.246883327141404e-05,0.0025145122781395912,0.09607274874561215,0.038586199283599854,1055951.875,4514668.5
186000,0,0.00759,0.007708291212717655,0.9010041356086731,0.0033314321190118785,0.00017429367871955038,4.079706268385053e-05,0.0025431669782847166,0.09858725869544531,0.038479242473840714,1057460.375,4513037.5
188000,0,0.00759,0.0077082117398580285,0.9006593227386475,0.0033335886895656582,0.00017272954573854804,3.941047179978341e-05,0.0025693713687360287,0.10113042474240745,0.038479242473840714,1058830.625,4511503.5
190000,0,0.00759,0.007708132266998291,0.9003349542617798,0.003331339359283447,0.0001722272951155901,3.814366646111011e-05,0.0025942795909941196,0.10369979774095799,0.038583703339099884,1060123.0,4510064.0
192000,0,0.00759,0.007708132266998291,0.9000239968299866,0.0033292200416326525,0.0001737947110086679,3.714875492732972e-05,0.0026184520684182644,0.10629407593496824,0.04071108624339104,1061363.375,4508712.0
194000,0,0.00759,0.007708092530568478,0.8997195363044739,0.0033264290541410446,0.0001733694225549698,3.653779567684978e-05,0.0026419623754918575,0.108912526373572,0.04071100056171417,1062583.25,4507406.5
196000,0,0.00759,0.007707973321278927,0.8993998169898987,0.0033251222223043444,0.00017502617556601762,3.752447082661092e-05,0.0026659180875867605,0.11155449177586223,0.04071097820997238,1063874.25,4506152.5
198000,0,0.00759,0.007707973321278927,0.8990830779075623,0.003319988027215004,0.0001733571640215814,3.58253950253129e-05,0.0026908176951110363,0.11422041195892478,0.04073970764875412,1065146.125,4504876.5
200000,0,0.00759,0.00770801305770874,0.8988112211227417,0.003315642848610878,0.0001694588456302881,3.2882779487408696e-05,0.002714205766096711,0.11691123174951161,0.04073970764875412,1066227.0,4503645.0
202000,0,0.00759,0.0077079733212788715,0.8985571265220642,0.0033130344003438946,0.0001620755065232515,2.893719647545367e-05,0.0027357786893844604,0.11962543728277768,0.040739525109529495,1067235.125,4502477.5
204000,0,0.00759,0.0077078938484191895,0.8983148336410522,0.0033097334206104276,0.00015509927179664374,2.5687098968774077e-05,0.002757274778559804,0.12236121457517828,0.040740881115198135,1068200.5,4501418.0
206000,0,0.00759,0.007707933584849003,0.8980845808982849,0.003305038809776306,0.00014936483930796384,2.3046058777254073e-05,0.002778206951916218,0.12511848958656874,0.040740717202425,1069120.0,4500392.0
208000,0,0.00759,0.0077078938484191895,0.8978585004806519,0.0033009342849254606,0.00014534023357555269,2.1066390036139638e-05,0.00279841385781765,0.1278966967713156,0.04076308757066727,1070021.875,4499400.5
210000,0,0.00759,0.007707933584849003,0.8976419568061829,0.003296058624982834,0.00014361082576215268,1.9609965966083107e-05,0.002819090848788619,0.13069511272460904,0.04076319560408592,1070888.125,4498502.5
212000,0,0.00759,0.0077078938484191895,0.897432804107666,0.0032940197736024855,0.00014272630214691163,1.917368936119601e-05,0.002839792752638459,0.13351420124509122,0.040763016790151596,1071727.625,4497652.0
214000,0,0.00759,0.0077078938484191895,0.897223174571991,0.0032962992787361144,0.00014271839754655957,1.9024327048100532e-05,0.0028605388943105936,0.13635399446339097,0.04076319932937622,1072571.625,4496795.5
216000,0,0.00759,0.007707933584849003,0.8970123529434204,0.0032976195216178894,0.0001430758275091648,1.8947129137814046e-05,0.002881221706047654,0.13921453475468543,0.04076292738318443,1073420.75,4495945.0
218000,0,0.00759,0.007707854111989321,0.8968104720115662,0.003300510346889496,0.0001415218343026936,1.815385912777856e-05,0.0029018791392445564,0.14209575855620887,0.04076305031776428,1074228.25,4495115.5
220000,0,0.00759,0.007707854111989321,0.8966174125671387,0.0033007036894559857,0.0001397570827975869,1.746205671224743e-05,0.0029218189883977175,0.144997638626776,0.04076295346021652,1074998.0,4494279.5
222000,0,0.00759,0.007707814375559452,0.8964329361915588,0.0033005613833665846,0.0001391402678564191,1.7332431161776183e-05,0.002940936479717493,0.14791945901215758,0.040817178785800934,1075735.875,4493472.0
224000,0,0.00759,0.007707774639129639,0.8962526917457581,0.0033010270446538923,0.00013869019458070397,1.705160248093307e-05,0.0029597782995551825,0.15086039386206057,0.040817275643348694,1076451.625,4492698.0
226000,0,0.00759,0.007707774639129639,0.8960793018341064,0.00330035425722599,0.000138463475741446,1.6848380619194357e-05,0.002978607779368758,0.1538201723944464,0.04083375632762909,1077144.625,4491965.0
228000,0,0.00759,0.007707814375559452,0.8959077000617981,0.0032978713512420653,0.0001389816403388977,1.7179646238218994e-05,0.0029974107164889574,0.15679878133796837,0.04083374887704849,1077833.375,4491261.5
230000,0,0.00759,0.007707695166269957,0.8957195281982422,0.0033038996160030367,0.0001418547355569899,1.922802912304178e-05,0.003016609465703368,0.15979619484842505,0.04082994908094406,1078595.75,4490545.0
232000,0,0.00759,0.007707774639129639,0.8954598903656006,0.003283636271953583,0.0001497161341831088,2.4729044525884092e-05,0.003039447357878089,0.16281280501262035,0.03985818475484848,1079668.25,4489775.0
234000,0,0.00759,0.007707814375559452,0.8951972723007202,0.0032642193138599394,0.0001481292420066893,2.4722263333387673e-05,0.0030634053982794285,0.1658522521376678,0.039858799427747726,1080733.125,4488828.5
236000,0,0.00759,0.007707774639129639,0.8949387073516846,0.003246020898222923,0.00014788439730182288,2.500556583981961e-05,0.003085172502323985,0.1689156552076408,0.03985820338129997,1081777.625,4487829.5
238000,0,0.00759,0.007707854111989321,0.8946428894996643,0.0032629903405904767,0.00016359935980290172,3.164916706737131e-05,0.0031072606798261404,0.17200082817562606,0.03985835239291191,1082986.5,4486821.5
240000,0,0.00759,0.007707695166269957,0.8942314982414246,0.003245846927165985,0.00018690694123506545,4.210334445815533e-05,0.0031367489136755466,0.17510808908828285,0.0398581326007843,1084692.375,4485642.0
242000,0,0.00759,0.007707615693410275,0.8938446044921875,0.003250652924180031,0.000183198822196573,4.0938021265901624e-05,0.003165935166180134,0.17824483567365196,0.039858393371105194,1086264.125,4484235.0
244000,0,0.00759,0.007707575956980406,0.8935483694076538,0.0032497316598892215,0.00017172275111079215,3.506384964566678e-05,0.00318764615803957,0.18141076944284823,0.03986304998397827,1087436.0,4482860.0
246000,0,0.00759,0.00770757595698035,0.8933088779449463,0.003257392346858978,0.0001520494115538895,2.6941523537971078e-05,0.0032038120552897453,0.18459841490239587,0.03987513482570648,1088373.0,4481643.0
248000,0,0.00759,0.007707536220550537,0.8930917382240295,0.003270275890827179,0.00014377580955624578,2.183543110731989e-05,0.003218534868210554,0.18780222602636304,0.039891768246889114,1089226.0,4480598.0
250000,0,0.00759,0.00770757595698035,0.8928917646408081,0.0032770995050668715,0.00013815057463943957,1.8097001884598285e-05,0.003232778748497367,0.19102076112740424,0.03989241272211075,1090011.0,4479647.0
252000,0,0.00759,0.00770757595698035,0.8927190899848938,0.0032794468104839322,0.0001355840009637177,1.6007368685677648e-05,0.003246329491958022,0.1942535415057161,0.03989188000559807,1090694.375,4478805.5
254000,0,0.00759,0.007707536220550537,0.8925571441650391,0.003279854357242584,0.00013486656825989485,1.5816179802641274e-05,0.0032588490284979343,0.19749986960069027,0.03989192098379135,1091326.25,4478020.0
256000,0,0.00759,0.007707496484120668,0.8924115896224976,0.0032808903604745862,0.00013420042814686893,1.5123053162824361e-05,0.003271650755777955,0.20075872095749464,0.03989188000559807,1091900.375,4477334.5
258000,0,0.00759,0.007707496484120668,0.8922719955444336,0.003283509984612465,0.00013445888180285692,1.5201461792457849e-05,0.0032840901985764503,0.20403037264459517,0.03989601135253906,1092451.75,4476681.5
260000,0,0.00759,0.0077074567476908,0.8921462893486023,0.0032858181744813914,0.00013469052501022814,1.4926606672815978e-05,0.0032966972794383764,0.2073144633088329,0.03954169526696205,1092952.5,4476127.5
262000,0,0.00797,0.008087456226348877,0.8914878368377686,0.0033144835382699967,0.00017022833926603196,3.702541871462017e-05,0.0033294139429926872,0.21061115988977935,0.039549559354782104,1096560.625,4475239.5
264000,0,0.00797,0.008087337017059326,0.8912066221237183,0.0033171012997627253,0.00016628899611532687,3.295753849670291e-05,0.0033531540539115667,0.21394057453126397,0.03954949975013733,1097681.0,4474014.5
266000,0,0.00797,0.00808737675348914,0.8909595012664795,0.0033195231109857557,0.00015363931888714432,2.7301005320623518e-05,0.0033702137880027294,0.21729372974932876,0.03955585137009621,1098658.375,4472859.0
268000,0,0.00797,0.008087337017059326,0.8907312750816345,0.00332183837890625,0.00014527406310662627,2.307537943124771e-05,0.003385059768334031,0.22066394283883956,0.03953511267900467,1099557.125,4471807.0
270000,0,0.00797,0.00808737675348914,0.8905163407325745,0.0033221762627363206,0.00014018974034115672,2.018696832237765e-05,0.003398176748305559,0.22404900330566552,0.03954082727432251,1100409.75,4470824.5
272000,0,0.00797,0.00808737675348914,0.8903171420097351,0.003314724937081337,0.00013766101328656076,1.8243769591208545e-05,0.003411337034776807,0.22744718145095494,0.039555780589580536,1101202.875,4469941.5
274000,0,0.00797,0.008087337017059326,0.8901310563087463,0.00330938845872879,0.00013673275243490933,1.7434176697861403e-05,0.0034237646032124758,0.23085851778723981,0.03955575078725815,1101942.875,4469118.5
276000,0,0.00797,0.008087337017059326,0.8899493217468262,0.00330464206635952,0.0001366481417790055,1.7590644711162894e-05,0.0034354734234511852,0.2342822823904523,0.0395660400390625,1102662.125,4468303.0
278000,0,0.00797,0.008087217807769775,0.8897736072540283,0.0032980386167764664,0.00013593441108241677,1.716809347271919e-05,0.003447473980486393,0.23771775604673412,0.03949878364801407,1103367.0,4467553.0
280000,0,0.00797,0.008087257544199589,0.8896052837371826,0.003292250260710716,0.00013580649392679333,1.6940118803177027e-05,0.0034595164470374584,0.24116522932872858,0.03931253030896187,1104038.5,4466838.0
282000,0,0.00797,0.008087217807769775,0.8894433975219727,0.0032853294163942334,0.000135231576859951,1.6193120973184702e-05,0.003471751930192113,0.24462474251613703,0.039312563836574554,1104685.875,4466164.0
284000,0,0.00797,0.008087257544199589,0.8892887830734253,0.003281215205788612,0.0001352885621599853,1.604397693881765e-05,0.003483905689790845,0.24809649328217592,0.03931257873773575,1105305.5,4465523.5
286000,0,0.00797,0.008087217807769775,0.8891338109970093,0.003278768062591552,0.0001360814902000129,1.6341052833013234e-05,0.0034957323223352432,0.25158039943762806,0.039312440901994705,1105927.5,4464877.5
288000,0,0.00797,0.008087217807769775,0.8889740705490112,0.0032806627452373503,0.00013723792508244512,1.676196261541918e-05,0.0035076129715889692,0.2550761291988262,0.039312563836574554,1106570.5,4464246.0
290000,0,0.00797,0.008087217807769775,0.8887955546379089,0.0032721560448408125,0.00013927849940955638,1.730718067847192e-05,0.0035203739535063505,0.2585837426360765,0.03931260481476784,1107299.5,4463629.5
292000,0,0.00797,0.008087178071339962,0.8886188268661499,0.003272944688796997,0.00013874425785616039,1.698048581602052e-05,0.0035342765040695667,0.2621041203148731,0.039312563836574554,1108018.25,4462986.0
294000,0,0.00797,0.008087178071339962,0.8884193301200867,0.0032793030142784117,0.00014505895087495445,1.955132174771279e-05,0.003547914093360305,0.26563839612045076,0.03931276500225067,1108836.125,4462291.5
296000,0,0.00797,0.008087217807769775,0.8881872892379761,0.0032884784042835234,0.0001479403115808964,2.0793042494915426e-05,0.003563434351235628,0.2691863092824885,0.03930250182747841,1109786.5,4461520.5
298000,0,0.00797,0.008087217807769775,0.8879774808883667,0.003297721222043037,0.00014415294863283633,1.8998229643329977e-05,0.0035801695194095373,0.2727497434008935,0.03929217904806137,1110634.875,4460727.5
300000,0,0.00797,0.008087217807769775,0.8877878785133362,0.0033048413693904876,0.0001402543275617063,1.76423360244371e-05,0.003594747046008706,0.2763299112904885,0.039292510598897934,1111394.75,4459924.0
302000,0,0.00797,0.008087138334910093,0.8876078128814697,0.003324802219867706,0.00013846348738297818,1.714048848953098e-05,0.0036072498187422752,0.279924660431973,0.039302486926317215,1112101.875,4459116.5
304000,0,0.00797,0.008087217807769775,0.8874496221542358,0.0033394999802112578,0.00013616809155791998,1.5432808140758425e-05,0.0036186017096042633,0.28353191071637657,0.03931262344121933,1112728.5,4458368.0
306000,0,0.00797,0.008087217807769775,0.8873201608657837,0.0033454593271017075,0.0001341499970294535,1.4038989320397375e-05,0.0036288094706833363,0.2871505105633357,0.039312563836574554,1113231.5,4457698.5
308000,0,0.00797,0.008087178071339907,0.8872084617614746,0.0033473137766122816,0.00013489995617419482,1.4138707774691283e-05,0.003637754125520587,0.290779320034019,0.03941257670521736,1113667.125,4457134.5
310000,0,0.00797,0.008087217807769775,0.8871191740036011,0.0033475104719400406,0.00013647767482325435,1.461839856347069e-05,0.003646733006462455,0.2944170762550154,0.03945054113864899,1114015.875,4456704.0
312000,0,0.00797,0.008087217807769775,0.8870453834533691,0.0033479344099760057,0.00014012788888067006,1.5685286780353635e-05,0.0036556138657033443,0.2980638122882762,0.03945049270987511,1114308.0,4456340.5
314000,0,0.00797,0.008087217807769775,0.8869811296463013,0.0033484958112239838,0.0001473974669352174,1.737919374136254e-05,0.0036643885541707277,0.30171942708530214,0.03945044055581093,1114558.25,4456033.5
316000,0,0.00797,0.008087217807769775,0.8869221210479736,0.003350628539919853,0.0001595156150870025,1.795107964426279e-05,0.0036731071304529905,0.30538381703645673,0.03945058211684227,1114786.5,4455750.0
318000,0,0.00797,0.008087217807769775,0.8868697285652161,0.0033515930175781247,0.00017072214977815746,1.6886067169252782e-05,0.003681853646412492,0.30905692370124843,0.03945053741335869,1114996.625,4455497.0
320000,0,0.00797,0.008087217807769775,0.8868207335472107,0.0033535100519657135,0.00017514784121885896,1.5792204067111015e-05,0.0036906313616782427,0.3127387754850158,0.03945029154419899,1115191.375,4455272.5
322000,0,0.00797,0.008087217807769775,0.8867746591567993,0.003354814276099205,0.0001750129275023937,1.4509620086755604e-05,0.003699499648064375,0.3164294077780166,0.03945047780871391,1115372.5,4455068.0
324000,0,0.00797,0.008087178071339907,0.8867315649986267,0.0033565107733011246,0.00017382462974637746,1.4016876230016351e-05,0.0037084633950144053,0.3201289085902342,0.0394505076110363,1115544.0,4454878.5
326000,0,0.00797,0.008087178071339907,0.8866908550262451,0.0033579226583242416,0.000172054604627192,1.3878480240236968e-05,0.0037174965254962444,0.3238373719852486,0.039450328797101974,1115708.875,4454705.0
328000,0,0.00797,0.008087178071339907,0.8866505026817322,0.003364267572760582,0.00017065133433789015,1.3859264436177908e-05,0.0037266327999532223,0.32755487223603513,0.03945042937994003,1115871.375,4454539.0
330000,0,0.00797,0.008087178071339907,0.886610746383667,0.003363886848092079,0.00016979362117126585,1.3675280206371098e-05,0.003735943464562297,0.3312815036390045,0.03945019841194153,1116028.75,4454380.0
332000,0,0.00797,0.008087217807769775,0.8865730166435242,0.0033637456595897674,0.00016833919798955318,1.3506735558621584e-05,0.0037452401593327522,0.3350174475692281,0.03945039585232735,1116180.25,4454218.5
334000,0,0.00797,0.008087178071339907,0.8865371346473694,0.003364385291934013,0.00016710043419152496,1.3132081949152051e-05,0.0037545268423855305,0.33876269052252855,0.039450373500585556,1116325.25,4454068.0
336000,0,0.00797,0.008087178071339907,0.8865031599998474,0.0033645924180746075,0.0001657897257246077,1.2699195940513163e-05,0.0037637772038578987,0.3425172143381157,0.03945021331310272,1116464.75,4453926.0
338000,0,0.00797,0.008087138334910038,0.8864696621894836,0.003365608677268028,0.00016485530650243164,1.2349813187029212e-05,0.003772987285628915,0.3462809899121591,0.03945044428110123,1116598.625,4453785.0
340000,0,0.00797,0.008087178071339907,0.8864365220069885,0.003366875275969505,0.00016440021572634576,1.2105284986319018e-05,0.003782214829698205,0.35005397836194124,0.039450373500585556,1116730.125,4453651.0
342000,0,0.00835,0.008467098077138246,0.8858442306518555,0.003382129594683647,0.00015465584583580495,2.6416618493385612e-05,0.003813030431047082,0.35383619109616365,0.03933481499552727,1120079.75,4453041.0
344000,0,0.00835,0.008467018604278564,0.8856180906295776,0.0033778242766857145,0.0001476206351071596,2.2196077043190596e-05,0.0038338450249284506,0.357649221992872,0.03933492675423622,1120981.0,4452041.5
346000,0,0.00835,0.008467018604278564,0.8853946924209595,0.0033725082874298093,0.00014645492192357778,2.1300477965269234e-05,0.003848286112770438,0.3614830693461069,0.03934204950928688,1121869.75,4451087.5
348000,0,0.00835,0.008467058340708378,0.8851667046546936,0.0033674735575914385,0.0001500281039625406,2.254152641398832e-05,0.003862112993374467,0.3653313540618935,0.03934502601623535,1122792.0,4450196.0
350000,0,0.00835,0.008467058340708378,0.8849055171012878,0.0033602721989154814,0.0001606052042916417,2.6729411911219358e-05,0.003876442788168788,0.369193463097147,0.0393451452255249,1123855.125,4449261.5
352000,0,0.00835,0.008467058340708433,0.8846002221107483,0.003345014527440071,0.00017141205025836826,3.009249921888113e-05,0.0038937032222747803,0.3730699054196545,0.03933466598391533,1125111.125,4448235.5
354000,0,0.00835,0.008467018604278564,0.8842740654945374,0.003368958085775375,0.00018508172361180185,3.4211599268019195e-05,0.003911565523594618,0.37696360724494543,0.03933483362197876,1126439.75,4447099.5
356000,0,0.00835,0.008467098077138246,0.8839426636695862,0.0033886436372995376,0.00018643791554495692,3.367302706465125e-05,0.003930474165827036,0.3808751755625078,0.03933485597372055,1127791.75,4445904.5
358000,0,0.00835,0.008467058340708433,0.883635938167572,0.0033731739968061443,0.00018757634097710252,3.409716009628028e-05,0.003945809323340654,0.3848056497283348,0.039334990084171295,1129022.375,4444689.5
360000,0,0.00835,0.008467098077138302,0.8832969665527344,0.003353079035878181,0.0001939533278346062,3.6287182592786844e-05,0.0039613815024495125,0.38875145625770774,0.039332084357738495,1130397.125,4443432.5
362000,0,0.00835,0.008467098077138302,0.8829576373100281,0.003336234390735626,0.00019266346935182808,3.783042193390429e-05,0.0039759413339197636,0.3927128386914798,0.039324767887592316,1131768.0,4442108.0
364000,0,0.00835,0.008467098077138302,0.8825761675834656,0.003324924036860466,0.0002007686998695135,4.344597982708365e-05,0.003993434365838766,0.396688782353706,0.03928995877504349,1133326.875,4440783.5
366000,0,0.00835,0.008467058340708433,0.8821480870246887,0.0033269368112087247,0.00020865101832896472,4.822557093575597e-05,0.004014200996607542,0.40068221904785123,0.039332158863544464,1135084.25,4439328.5
368000,0,0.00835,0.008467098077138302,0.8816980123519897,0.0033445321023464203,0.0001986414659768343,4.753579560201615e-05,0.004035934340208769,0.4046964191131362,0.039289701730012894,1136915.625,4437715.5
370000,0,0.00835,0.008467058340708433,0.881241500377655,0.003364218771457672,0.00019815580453723668,4.805037169717252e-05,0.0040558502078056335,0.4087323525220224,0.03924156352877617,1138774.5,4436020.0
372000,0,0.00835,0.008467058340708433,0.8808135390281677,0.003367212042212486,0.00018753139302134513,4.371860122773796e-05,0.004073726944625378,0.41278820226416674,0.03920657932758331,1140488.5,4434294.5
374000,0,0.00835,0.008467018604278564,0.8804454207420349,0.003352629020810127,0.00018411689670756458,4.130201414227486e-05,0.004084885120391846,0.4168619301401147,0.0392896942794323,1141950.75,4432644.5
376000,0,0.00835,0.008467018604278564,0.8801056146621704,0.003344705700874328,0.00018926194170489904,3.978640888817608e-05,0.004092835355550051,0.42094681432918396,0.03928982466459274,1143297.0,4431131.5
378000,0,0.00835,0.008467058340708378,0.8797656297683716,0.00334247313439846,0.0001952752936631441,4.210510815028101e-05,0.004100268241018057,0.4250396506160566,0.0393320769071579,1144661.0,4429714.5
380000,0,0.00835,0.008467018604278564,0.8793858885765076,0.0033589892089366915,0.00020329810213297604,4.320768639445305e-05,0.004111574962735176,0.42913991932273593,0.039289817214012146,1146200.75,4428297.0
382000,0,0.00835,0.008467058340708433,0.8789882063865662,0.0033427752554416657,0.0001932296436280012,3.885677142534405e-05,0.004124958999454975,0.4332514947511324,0.039297204464673996,1147812.75,4426789.0
384000,0,0.00835,0.008467058340708378,0.8787233829498291,0.003342657908797264,0.0001806227955967188,3.1579029746353625e-05,0.004127937369048595,0.4373764556132325,0.03932494297623634,1148833.625,4425397.5
386000,0,0.00835,0.008467018604278564,0.8784972429275513,0.0033451318740844722,0.00015963173937052488,2.458082453813404e-05,0.004127142019569874,0.44150439531058755,0.0393347330391407,1149708.625,4424220.0
388000,0,0.00835,0.008467058340708378,0.8782989382743835,0.003344719484448433,0.0001468311878852546,1.9252013589721174e-05,0.004125459585338831,0.4456315387271413,0.039334796369075775,1150477.5,4423207.5
390000,0,0.00835,0.008467058340708378,0.8781256675720215,0.0033445827662944793,0.00014146980829536914,1.6097771003842352e-05,0.004123906139284372,0.44975699644983497,0.03934500366449356,1151151.375,4422341.0
392000,0,0.00835,0.008467018604278564,0.8779716491699219,0.003343977779150009,0.00014111375203356146,1.565712154842913e-05,0.004121570382267237,0.45388090538308706,0.039345212280750275,1151750.375,4421555.0
394000,0,0.00835,0.008467098077138246,0.8778302669525146,0.003343858569860458,0.0001410463126376271,1.4917858061380685e-05,0.004119915887713432,0.4580024757653543,0.039362672716379166,1152300.25,4420867.0
396000,0,0.00835,0.008467058340708433,0.8777060508728027,0.003344491124153137,0.0001418776111677289,1.4795181050430983e-05,0.004118797369301319,0.462122392118729,0.03937266021966934,1152793.75,4420286.5
398000,0,0.00835,0.008467098077138246,0.8776015639305115,0.0033432669937610623,0.00014308583922684193,1.5037025150377303e-05,0.004118664190173149,0.46624118948803034,0.039400652050971985,1153206.0,4419822.5
400000,0,0.00835,0.008467098077138246,0.877509355545044,0.0033439993858337402,0.00014516966184601187,1.5673726738896218e-05,0.004119107965379953,0.4703598504185745,0.03941798210144043,1153573.25,4419408.0
402000,0,0.00835,0.008467098077138246,0.8774238228797913,0.00334523431956768,0.00014874227344989776,1.651714992476627e-05,0.0041200462728738785,0.4744789602465996,0.0394180566072464,1153910.625,4419036.5
404000,0,0.00835,0.008467098077138246,0.8773444294929504,0.0033462923020124435,0.00015384608414024112,1.7629427020438015e-05,0.004121377132833004,0.4785990088477799,0.03941788524389267,1154230.0,4418686.0
406000,0,0.00835,0.008467098077138246,0.8772681355476379,0.0033466167747974395,0.00016047005774453283,1.8304924014955756e-05,0.0041230288334190845,0.4827203864462742,0.039417896419763565,1154533.875,4418357.5
408000,0,0.00835,0.008467098077138246,0.8771945238113403,0.0033473126590251923,0.00016792233800515531,1.8653606821317224e-05,0.004125025123357773,0.4868434171423384,0.03942800313234329,1154826.25,4418047.5
410000,0,0.00835,0.008467098077138246,0.8771238923072815,0.003347152844071388,0.00017444477416574954,1.7698112060315907e-05,0.004127309657633305,0.4909684418000349,0.03942818194627762,1155108.25,4417750.5
412000,0,0.00835,0.008467058340708378,0.8770572543144226,0.0033465962857007975,0.00017889232840389012,1.683584850979969e-05,0.004129778128117323,0.4950957454040715,0.03942804038524628,1155376.25,4417463.0
414000,0,0.00835,0.008467058340708378,0.8769932389259338,0.0033459894359111784,0.00018158250022679565,1.559247466502711e-05,0.004132379777729511,0.49922552166954365,0.039428092539310455,1155631.0,4417189.5
416000,0,0.00835,0.008467058340708378,0.8769318461418152,0.003346579894423485,0.00018329554004594683,1.4544186706189065e-05,0.00413508852943778,0.503357902844257,0.03942795470356941,1155875.5,4416933.0
418000,0,0.00835,0.008467058340708378,0.8768731355667114,0.003347581997513771,0.000184373720549047,1.3753499661106615e-05,0.0041379304602742195,0.5074929904423722,0.03942834213376045,1156110.125,4416684.5
420000,0,0.00835,0.008467058340708378,0.87681645154953,0.00334843210875988,0.0001849814900197089,1.3237367966212332e-05,0.0041409023106098175,0.51163091857434,0.03943823277950287,1156338.75,4416445.5
422000,0,0.00873,0.008846978346506718,0.8762285709381104,0.003366466239094734,0.00016131801530718803,2.5755626847967505e-05,0.004166735336184502,0.5157718213506111,0.03958175331354141,1159680.25,4415786.0
424000,0,0.00873,0.008846898873647036,0.876029372215271,0.003365211188793182,0.00014784364029765129,1.886148238554597e-05,0.004179784562438726,0.519938559015102,0.039581555873155594,1160457.875,4414798.5
426000,0,0.00873,0.008846859137217222,0.8758647441864014,0.003366410732269287,0.00014059023233130573,1.5604228246957062e-05,0.0041851745918393135,0.5241183403179117,0.03959187865257263,1161097.625,4413946.5
428000,0,0.00873,0.008846898873647036,0.8757181167602539,0.0033654879778623583,0.00014051005709916353,1.5395929221995174e-05,0.004187209531664848,0.528303511650122,0.039654362946748734,1161662.375,4413193.5
430000,0,0.00873,0.008846898873647036,0.8755815625190735,0.0033685103058814997,0.0001413291785866022,1.5373574569821358e-05,0.004189103841781616,0.5324907193191417,0.03968219831585884,1162196.5,4412537.0
432000,0,0.00873,0.008846898873647036,0.8754433989524841,0.003378956392407417,0.00014386666007339954,1.6635014617349952e-05,0.004191732499748468,0.5366798180386492,0.03967221826314926,1162753.375,4411958.5
434000,0,0.00873,0.008846859137217222,0.8752620816230774,0.003383094072341919,0.00014714949065819383,1.893052249215543e-05,0.004197893664240837,0.5408715542636879,0.03968227282166481,1163494.875,4411335.5
436000,0,0.00873,0.008846898873647036,0.8751082420349121,0.003387419134378433,0.00014218124561011792,1.4972651842981576e-05,0.004203065298497677,0.5450694479279288,0.039682261645793915,1164104.125,4410643.0
438000,0,0.00873,0.008846898873647036,0.8749947547912598,0.003390533849596977,0.00014374146703630684,1.519200304755941e-05,0.004205404780805111,0.5492725127607652,0.03968249261379242,1164548.375,4410107.5
440000,0,0.00873,0.008846898873647036,0.8748984336853027,0.0033901896327733993,0.00014769661938771606,1.6594894987065345e-05,0.004207591991871595,0.55347791381628,0.0396822914481163,1164927.75,4409675.0
442000,0,0.00873,0.008846898873647036,0.8748078346252441,0.003389723226428032,0.00015365665312856434,1.839781325543299e-05,0.004210139624774456,0.5576855039455064,0.03968236222863197,1165291.75,4409287.0
444000,0,0.00873,0.008846898873647036,0.8747026324272156,0.0033943768590688705,0.00015771717298775908,2.030307368841022e-05,0.00421367771923542,0.5618956445016035,0.03965453803539276,1165720.75,4408908.0
446000,0,0.00873,0.008846819400787354,0.8745082020759583,0.003424724191427231,0.00017496586078777907,2.7106012566946447e-05,0.004220942035317421,0.5661093254804679,0.03940489888191223,1166551.125,4408472.0
448000,0,0.00873,0.008846819400787354,0.8740073442459106,0.003418673202395439,0.00024288282729685308,4.991174209862947e-05,0.0042432756163179874,0.5703302693784305,0.039004500955343246,1168729.75,4407699.5
450000,0,0.00873,0.008846759796142578,0.8732617497444153,0.0034118913114070887,0.0003052230458706617,7.427602540701627e-05,0.004289170261472464,0.5745735403381356,0.03887282311916351,1171934.125,4406218.5
452000,0,0.00873,0.00884672005971271,0.8723729848861694,0.003397110104560852,0.00033059522975236176,8.867772994562982e-05,0.004347671288996935,0.5788627082713016,0.03873065114021301,1175685.875,4403919.5
454000,0,0.00873,0.00884668032328284,0.8713448643684387,0.003365018963813782,0.00036019922699779275,0.00010360154556110501,0.004409091547131538,0.5832103749036857,0.03714362159371376,1179980.875,4400917.0
456000,0,0.00873,0.008846640586853027,0.8701400756835938,0.003316419199109077,0.00040736491791903967,0.00012271642917767165,0.004474455490708351,0.5876194664508172,0.03714373707771301,1184994.75,4397270.5
458000,0,0.00873,0.008846620718638065,0.8687191009521484,0.0032805863767862323,0.0004515470936894417,0.00014377199113368988,0.0045484211295843124,0.5920939228728481,0.03714371100068092,1190904.125,4392928.5
460000,0,0.00873,0.008846541245778383,0.8671186566352844,0.003256144747138023,0.0004891476593911647,0.00015962072648108004,0.004632011521607637,0.5966423393458196,0.03714364022016525,1197534.25,4387794.5
462000,0,0.00873,0.008846461772918701,0.8654295206069946,0.0032240811735391615,0.0005085681565105915,0.00017142511205747724,0.004715451039373875,0.6012743592493304,0.03714374080300331,1204468.625,4381965.0
464000,0,0.00873,0.008846163749694824,0.8635818958282471,0.0033039700239896773,0.0005662006791681051,0.00019173425389453768,0.004799312446266413,0.6059898149453171,0.03714383393526077,1212040.375,4375578.5
466000,0,0.00873,0.008844892183939634,0.861537516117096,0.003250206261873245,0.0005512403324246407,0.0001908720820210874,0.004891683347523212,0.6107891273915835,0.03714373707771301,1220265.5,4368532.0
468000,0,0.00873,0.00884457429250085,0.8597095608711243,0.0031817931681871413,0.0005071231629699468,0.00018104456830769777,0.004961412400007248,0.6156808084108003,0.03714364022016525,1227545.0,4361122.5
470000,0,0.00873,0.008844534556070982,0.8579696416854858,0.003153176233172417,0.0005021884571760893,0.00017753519350662827,0.005007851403206587,0.6206422203451463,0.03714372217655182,1234513.5,4353894.5
472000,0,0.00873,0.008844534556070982,0.8562343120574951,0.003132779151201248,0.00048792394809424875,0.0001747730071656406,0.005047212820500135,0.6256500722140141,0.03714366629719734,1241494.875,4346864.5
474000,0,0.00873,0.00884457429250085,0.8545355796813965,0.003098667226731777,0.000479054357856512,0.00017376557225361465,0.005083005875349045,0.630697281309224,0.03714359179139137,1248339.25,4339944.0
476000,0,0.00873,0.008844534556070982,0.8528348803520203,0.0031220516189932822,0.00048240600153803825,0.00017285913927480578,0.005117073655128479,0.6357802895128795,0.03714365512132645,1255203.125,4333111.5
478000,0,0.00873,0.008844534556070982,0.8511425256729126,0.003154134005308151,0.00047680265270173545,0.00016741091385483742,0.005150699056684971,0.6408973543204435,0.03714362159371376,1262030.75,4326318.0
480000,0,0.00873,0.008844494819641113,0.84953773021698,0.0031447257846593853,0.0004628375172615051,0.0001618070644326508,0.005175188649445772,0.6460480552397736,0.037160925567150116,1268461.0,4319644.0
482000,0,0.00873,0.0088444550832113,0.8479843139648438,0.003140128031373024,0.0004634738899767399,0.00015982546610757706,0.005193459335714579,0.6512232462175258,0.03716093301773071,1274688.125,4313190.0
484000,0,0.00873,0.008844415346781431,0.846402645111084,0.0031625367701053615,0.0004551635589450598,0.0001575481495819986,0.005214944947510958,0.6564167046219178,0.037161003798246384,1281070.25,4306859.5
486000,0,0.00873,0.008844375610351562,0.8449758887290955,0.0031455978751182556,0.00039456272497773165,0.00013803110923618078,0.005229005124419928,0.6616316472411223,0.03718448057770729,1286707.375,4300645.0
488000,0,0.00873,0.00884429613749188,0.8438576459884644,0.0031410809606313705,0.0003143775509670377,0.00010924955131486058,0.005216417368501425,0.6668606491059133,0.03718458116054535,1290962.75,4294963.5
490000,0,0.00873,0.008844216664632198,0.8430266380310059,0.0031559862196445464,0.00026868302375078197,8.538659894838928e-05,0.005177479702979326,0.6720770622834631,0.03718448057770729,1294043.875,4290231.5
492000,0,0.00873,0.008844157059987423,0.8423312902450562,0.003162291646003723,0.00024448540061712266,7.213630015030503e-05,0.005131969694048166,0.6772545401237973,0.03718462958931923,1296663.75,4286420.5
494000,0,0.00873,0.008844077587127686,0.841759443283081,0.0031716331839561464,0.00022325380705296992,5.893560592085123e-05,0.0050889598205685616,0.6823865046955713,0.03718458116054535,1298816.375,4283286.0
496000,0,0.00873,0.008843998114268004,0.8412750363349915,0.0031796760857105253,0.00021533407270908354,5.127059994265437e-05,0.00504852831363678,0.687475466378785,0.03718452528119087,1300655.5,4280707.5
498000,0,0.00873,0.008843998114268004,0.8408592343330383,0.0031860742717981336,0.00019442646298557518,4.155522037763148e-05,0.005012734327465296,0.6925239914327928,0.03718462213873863,1302239.0,4278537.5
500000,0,0.00873,0.008843998114268004,0.8404812812805176,0.003190236911177635,0.00020506796427071093,4.029590345453471e-05,0.004981726408004761,0.6975367243632742,0.037184618413448334,1303714.25,4276689.0
502000,0,0.00911,0.009224077065785763,0.839571475982666,0.003215811029076576,0.0002301668981090188,5.778048071078956e-05,0.004987959749996662,0.7025184521682628,0.03714323043823242,1308440.25,4274692.0
504000,0,0.00911,0.009223997592926025,0.8391322493553162,0.0032224699854850767,0.00019608032889664173,4.243475559633225e-05,0.0049806092865765095,0.7075064119182595,0.03714323788881302,1310116.0,4272483.0
506000,0,0.00911,0.009224077065785707,0.8387749195098877,0.003233285993337631,0.00019217727240175006,3.657910274341702e-05,0.004961291328072548,0.7124870230674811,0.03714342787861824,1311476.5,4270599.0
508000,0,0.00911,0.009224037329355839,0.8384796380996704,0.0032395992428064344,0.0001957705244421959,3.292078617960215e-05,0.0049392771907150745,0.7174483134642311,0.03714333102107048,1312595.625,4269020.5
510000,0,0.00911,0.009224037329355839,0.8382251262664795,0.0032420527189970017,0.00017645710613578558,2.5734415976330636e-05,0.00491773197427392,0.7223875850670107,0.037143364548683167,1313568.0,4267691.5
512000,0,0.00911,0.009224037329355839,0.8379981517791748,0.0032464131712913514,0.0001681795693002641,2.0106790179852394e-05,0.00489839119836688,0.7273053175069459,0.037143364548683167,1314440.25,4266565.0
514000,0,0.00911,0.009224037329355839,0.8377922177314758,0.003250189870595932,0.00016390495002269743,1.7079114331863818e-05,0.004881558008491993,0.7322037147589096,0.037159863859415054,1315243.75,4265577.5
516000,0,0.00911,0.009224077065785707,0.837604820728302,0.003252027556300163,0.00016205686843022703,1.6549672000110147e-05,0.004867009352892637,0.7370852681107887,0.03718838468194008,1315977.125,4264694.5
518000,0,0.00911,0.009224037329355839,0.837425172328949,0.0032576628029346464,0.00016230636974796654,1.6579171642661095e-05,0.004853839986026287,0.7419522779293426,0.037171825766563416,1316678.25,4263862.0
520000,0,0.00911,0.009223997592926025,0.8372578620910645,0.003260727226734161,0.00016284912126138807,1.586327125551179e-05,0.004843231290578842,0.7468061179153689,0.03718841075897217,1317348.875,4263137.0
522000,0,0.00911,0.009224037329355839,0.8370981216430664,0.003263003006577492,0.00016417516162618996,1.6147176211234182e-05,0.0048345280811190605,0.7516493468776413,0.037188299000263214,1317985.625,4262466.5
524000,0,0.00911,0.009223997592926025,0.8369404673576355,0.0032672245055437085,0.00016564627876505255,1.6535994654987006e-05,0.004827619530260563,0.75648387123347,0.03718826547265053,1318619.25,4261830.5
526000,0,0.00911,0.009224037329355839,0.8367801308631897,0.0032721903175115586,0.0001667325384914875,1.680267450865358e-05,0.004822617396712303,0.7613114935576983,0.03718822821974754,1319266.75,4261213.0
528000,0,0.00911,0.009223957856496157,0.8366166353225708,0.0032746743410825728,0.00016739366110414265,1.7013413889799266e-05,0.004819431807845831,0.7661341123513945,0.03718827664852142,1319934.25,4260594.5
530000,0,0.00911,0.009223957856496157,0.8364478945732117,0.0032782644033432008,0.00016784420004114508,1.721841690596193e-05,0.004818060901015997,0.7709535432279178,0.03718838095664978,1320628.75,4259965.0
532000,0,0.00911,0.009223997592926025,0.836260199546814,0.0032834671437740326,0.0001714901765808463,1.8966391508001834e-05,0.004817487671971321,0.7757716041289338,0.03718821704387665,1321404.125,4259277.5
534000,0,0.00911,0.009223997592926025,0.836039662361145,0.003281394392251968,0.00017759803449735045,2.1246577671263366e-05,0.004818750079721212,0.7805890936635502,0.0371883325278759,1322317.375,4258483.0
536000,0,0.00911,0.009224077065785707,0.8357921242713928,0.003283903747797012,0.00018945145420730112,2.3962701379787174e-05,0.004823879338800907,0.7854078456059166,0.03718843311071396,1323358.125,4257657.5
538000,0,0.00911,0.009224037329355839,0.8354964256286621,0.003289731591939926,0.00020884599070996045,2.9909799923188985e-05,0.004833454266190529,0.7902317254103788,0.03718822821974754,1324615.875,4256717.0
540000,0,0.00911,0.009223997592926025,0.8351334929466248,0.00328911580145359,0.00022890674881637094,3.725728893186897e-05,0.004847480449825525,0.7950651796765693,0.037188149988651276,1326154.25,4255579.0
542000,0,0.00911,0.009224116802215576,0.8347000479698181,0.0032792188227176665,0.00026723463088274,4.6413062955252825e-05,0.004866650328040123,0.7999126596607335,0.03718827664852142,1327988.5,4254226.5
544000,0,0.00911,0.009224156538645445,0.8341653943061829,0.003259153664112091,0.00028652248438447713,5.579095450229943e-05,0.0048924656584858894,0.8047793123170801,0.03718826547265053,1330268.875,4252598.5
546000,0,0.00911,0.009224236011505127,0.8334900140762329,0.0032266318798065186,0.0003304060082882643,7.147258729673922e-05,0.004927377682179213,0.809671781235195,0.037188444286584854,1333142.25,4250587.0
548000,0,0.00911,0.009224275747934996,0.8326698541641235,0.003206265345215797,0.0003628609934821725,8.468767628073692e-05,0.004971861373633146,0.8145991584517129,0.03718837723135948,1336623.75,4248083.5
550000,0,0.00911,0.009224315484364864,0.8317217230796814,0.0031787876039743425,0.00038578240200877185,9.667453705333173e-05,0.00502288993448019,0.8195710165657171,0.03718826547265053,1340610.75,4245044.5
552000,0,0.00911,0.009224355220794678,0.830678403377533,0.0031724702566862106,0.00042646327055990697,0.00011020635720342398,0.005075862631201744,0.824593909294165,0.037188343703746796,1344968.75,4241515.5
554000,0,0.00911,0.00922443469365436,0.8294937014579773,0.0031589876860380174,0.0004227941855788231,0.0001188342343084514,0.00513349287211895,0.8296697677344151,0.03718824312090874,1349904.75,4237501.0
556000,0,0.00911,0.009224414825439453,0.8283226490020752,0.003161441907286644,0.0004041196312755346,0.0001168078975751996,0.005184810608625412,0.8348032615378567,0.03718830272555351,1354682.375,4233106.5
558000,0,0.00911,0.009224414825439453,0.8271951675415039,0.0033995527774095535,0.00040433760732412334,0.00011286623775959015,0.005221636034548283,0.8399880679555305,0.03725672885775566,1359235.625,4228648.5
560000,0,0.00911,0.009224534034729004,0.8261172771453857,0.0031580090522766112,0.0003737499471753836,0.00010987208224833012,0.005247379653155804,0.8452097016617723,0.03724506497383118,1363571.625,4224299.5
562000,0,0.00911,0.00922455390294391,0.8250671625137329,0.003134038671851158,0.00035870017018169165,0.00010710679925978184,0.005270569119602442,0.8504570775896378,0.03725679963827133,1367795.25,4220023.5
564000,0,0.00911,0.009224573771158873,0.8240513801574707,0.0031370501965284348,0.00034478171728551387,0.00010302759474143385,0.0052896710112690926,0.8557276443809338,0.037244901061058044,1371874.375,4215833.0
566000,0,0.00911,0.00922455390294391,0.8230960965156555,0.003133706748485565,0.0003294215304777026,9.70636261627078e-05,0.005301123484969139,0.8610173130638965,0.037256646901369095,1375676.25,4211788.5
568000,0,0.00911,0.009224633375803648,0.8221667408943176,0.0031004723161458967,0.0003303498495370149,9.701704839244483e-05,0.005308893043547869,0.8663184393428334,0.037256646901369095,1379393.625,4207938.0
570000,0,0.00911,0.00922459363937378,0.8212307691574097,0.003094829060137272,0.00034182004164904354,9.913386311382054e-05,0.00531974621117115,0.8716273309893974,0.037256695330142975,1383175.875,4204168.0
572000,0,0.00911,0.00922459363937378,0.8202101588249207,0.0031254198402166367,0.0003696312429383397,0.0001066229771822691,0.005337364040315151,0.8769470739409395,0.03724503889679909,1387367.125,4200349.0
574000,0,0.00911,0.00922459363937378,0.8191653490066528,0.003101401962339878,0.00037061558105051513,0.00010788373183459043,0.005363110452890396,0.8822844356529482,0.03725656494498253,1391630.5,4196318.0
576000,0,0.00911,0.009224573771158873,0.8180913329124451,0.003112574480473995,0.00038248263299465177,0.00011145446915179491,0.005387597717344761,0.887647541914887,0.03725653514266014,1396005.0,4192153.25
578000,0,0.00911,0.009224613507588741,0.8170254230499268,0.00309698935598135,0.0003343918593600392,0.00010010526748374104,0.005407492630183697,0.8930351400978931,0.03725678101181984,1400311.125,4187918.25
580000,0,0.00911,0.009224514166514042,0.8161545395851135,0.0030838936567306515,0.00028969636186957357,8.524527656845747e-05,0.005402647890150547,0.8984426350563832,0.03725656867027283,1403707.875,4184022.5
582000,0,0.00949,0.00960447390874225,0.8149577379226685,0.0031014619395136832,0.00028476866427809,8.73739889357239e-05,0.005414289887994528,0.9038452838778563,0.03721580654382706,1409535.0,4180293.25
584000,0,0.00949,0.009604314963022886,0.8142616748809814,0.0031022099778056146,0.00025590215809643266,7.08583218511194e-05,0.005402799230068922,0.9092595807507702,0.03721584752202034,1412190.875,4176767.75
586000,0,0.00949,0.009604275226593018,0.813687801361084,0.0030980240553617473,0.00023898500949144362,5.949891055934131e-05,0.005377955734729767,0.9146623776525327,0.037204161286354065,1414363.875,4173818.0
588000,0,0.00949,0.009604235490163204,0.8132153749465942,0.0030932907015085217,0.00022407609503716228,5.042385892011225e-05,0.005349153187125921,0.9200403324559399,0.03721576929092407,1416150.125,4171366.25
590000,0,0.00949,0.009604235490163204,0.812818706035614,0.003099695593118668,0.00020695708226412533,4.088722344022244e-05,0.005319920834153891,0.9253894809864529,0.037204161286354065,1417657.75,4169329.0
592000,0,0.00949,0.009604275226593018,0.8124573230743408,0.0031045490875840184,0.00020400062203407288,3.859703720081597e-05,0.005293447989970446,0.9307093999579616,0.037215981632471085,1419049.5,4167601.0
594000,0,0.00949,0.009604275226593018,0.8121393918991089,0.00311026182025671,0.00021147087682038546,3.603695367928594e-05,0.005270543973892927,0.9360028446883031,0.037204090505838394,1420282.0,4166084.25
596000,0,0.00949,0.009604235490163204,0.8118496537208557,0.003117769211530685,0.00020453594624996184,3.3965942566283044e-05,0.005250897724181414,0.9412733877308734,0.03721591457724571,1421417.125,4164727.5
598000,0,0.00949,0.00960431496302283,0.8115522265434265,0.0031307362020015716,0.0002018855884671211,3.213549207430333e-05,0.005236953031271696,0.9465242863863774,0.03721578046679497,1422606.75,4163443.0
600000,0,0.00949,0.00960431496302283,0.8113114833831787,0.003128701075911522,0.0001736552221700549,2.1351504256017505e-05,0.005218871403485537,0.9517612412802943,0.03721584752202034,1423525.625,4162277.5
602000,0,0.00949,0.00960431496302283,0.8111323714256287,0.003128037974238396,0.00016590808518230913,1.6101669461932034e-05,0.005198693834245205,0.9569801150120862,0.037215881049633026,1424193.5,4161317.25
604000,0,0.00949,0.00960431496302283,0.8109838366508484,0.003127239644527435,0.0001641410985030234,1.5239251661114393e-05,0.005179309751838446,0.9621788088463314,0.03721586614847183,1424752.75,4160519.0
606000,0,0.00949,0.00960431496302283,0.810853123664856,0.003126406297087669,0.00016503999941051004,1.5452234947588295e-05,0.00516209052875638,0.9673581185981699,0.037210188806056976,1425246.25,4159850.25
608000,0,0.00949,0.0096043546994527,0.810749351978302,0.00312562920153141,0.00016939290799200532,1.6462164057884366e-05,0.005147816147655249,0.9725202128522166,0.037198506295681,1425649.875,4159363.25
610000,0,0.00949,0.0096043546994527,0.8106653094291687,0.0031266592442989348,0.00018141781911253929,1.6863750352058558e-05,0.005135693121701479,0.9776680252745815,0.03719853237271309,1425983.625,4158956.25
612000,0,0.00949,0.0096043546994527,0.8105819225311279,0.0031291328370571135,0.00018812146736308933,1.6521880752407014e-05,0.005125577095896006,0.9828037137396701,0.03719848021864891,1426312.75,4158594.25
614000,0,0.00949,0.0096043546994527,0.810507595539093,0.0031299356371164325,0.00019563501700758934,1.316544075962156e-05,0.00511721707880497,0.9879292880415984,0.03724342957139015,1426608.0,4158245.0
616000,0,0.00949,0.0096043546994527,0.81045001745224,0.0031295578926801683,0.00020266862120479342,1.0279163689119741e-05,0.005108424928039312,0.9930465046547421,0.03721028193831444,1426826.0,4157956.0
618000,0,0.00949,0.0096043546994527,0.8103994131088257,0.003129943087697029,0.0002038945909589529,8.91469098860398e-06,0.005100776441395283,0.9981549277201363,0.037243619561195374,1427021.625,4157707.5
620000,0,0.00987,0.00998439391454059,0.8098047971725464,0.0031398519873619074,0.00018265635007992388,2.656212309375405e-05,0.005123698618263006,1.0032557060241767,0.03719622641801834,1430573.5,4157051.5
622000,0,0.00987,0.009984354178110721,0.809578001499176,0.003136280551552772,0.000171504495665431,2.060855476884171e-05,0.00513263326138258,1.0083794027797945,0.037196483463048935,1431464.625,4156038.0
624000,0,0.00987,0.009984314441680908,0.8093770742416382,0.0031387194991111755,0.00016870597610250116,1.9347824854776262e-05,0.005134135484695435,1.0135120332472094,0.03719646483659744,1432260.5,4155148.0
626000,0,0.00987,0.009984354178110721,0.8091779351234436,0.0031420156359672543,0.0001681310939602554,1.8700581858865916e-05,0.005134926177561283,1.0186461752511629,0.037196382880210876,1433050.875,4154313.5
628000,0,0.00987,0.00998439391454059,0.8089843392372131,0.0031461670994758603,0.0001711615361273289,1.9947506370954215e-05,0.005135751329362392,1.0237811000317403,0.03719646483659744,1433831.0,4153515.25
630000,0,0.00987,0.00998427470525104,0.8087130784988403,0.003149930015206337,0.00019338529091328382,3.269881126470864e-05,0.005142194218933582,1.0289168494984575,0.03719647601246834,1434989.0,4152671.75
632000,0,0.00987,0.009984354178110777,0.808243453502655,0.003149319067597389,0.0002453092718496918,4.933364689350128e-05,0.005169696174561977,1.0340590381294557,0.03719644993543625,1437042.75,4151458.75
634000,0,0.00987,0.009984314441680908,0.8077024817466736,0.0031373672187328338,0.0002550777979195118,5.861888639628887e-05,0.0052043367177248,1.039228733372695,0.037196531891822815,1439339.25,4149770.5
636000,0,0.00987,0.009984354178110777,0.8070184588432312,0.003142450749874115,0.0002872105920687318,7.433011778630316e-05,0.005245568696409464,1.044433068693436,0.037196651101112366,1442258.0,4147675.5
638000,0,0.00987,0.009984354178110777,0.8062210083007812,0.0031384099274873734,0.0002975825453177094,8.308939286507666e-05,0.005295175593346357,1.049678638321168,0.03719668462872505,1445620.75,4145068.5
640000,0,0.00987,0.009984354178110777,0.8053455352783203,0.003149760887026787,0.0003164365654811263,9.149943361990154e-05,0.005343130324035883,1.0549738106548854,0.037208303809165955,1449277.375,4142053.75
642000,0,0.00987,0.009984393914540646,0.8044852018356323,0.0031410086899995803,0.00027991749811917543,7.71938415709883e-05,0.005386280361562967,1.0603169386506148,0.037208303809165955,1452789.375,4138736.25
644000,0,0.00987,0.009984393914540646,0.8038457036018372,0.0031439598649740217,0.00023990799672901628,5.846904823556542e-05,0.0053954292088747025,1.0657032213404842,0.03720814734697342,1455266.5,4135684.25
646000,0,0.00987,0.009984354178110777,0.8034464120864868,0.0031308751553297044,0.00020311907865107058,4.0435438859276476e-05,0.005376169458031654,1.0710986486867138,0.03719641640782356,1456691.75,4133297.5
648000,0,0.00987,0.00998439391454059,0.8031350374221802,0.003121560625731945,0.00020206111948937175,3.388837794773281e-05,0.005352852866053581,1.076474819076068,0.037196580320596695,1457832.0,4131524.5
650000,0,0.00987,0.009984433650970459,0.8029060363769531,0.0031214637681841848,0.00018708136631175875,2.5867426302284002e-05,0.005328706000000238,1.0818276765987345,0.03719668090343475,1458654.5,4130170.25
652000,0,0.00987,0.009984433650970459,0.8027172684669495,0.003120825812220573,0.0001721880165860057,1.8179829930886625e-05,0.005307497922331095,1.0871563853927024,0.037196505814790726,1459351.25,4129124.25
654000,0,0.00987,0.009984473387400272,0.8025575280189514,0.00311974436044693,0.0001690221601165831,1.628053723834455e-05,0.005289943423122168,1.0924638795897432,0.037196580320596695,1459947.875,4128280.5
656000,0,0.00987,0.009984473387400272,0.8024175763130188,0.0031196270138025284,0.00016887970268726347,1.5786284347996115e-05,0.00527492118999362,1.0977538202188977,0.037190716713666916,1460479.5,4127561.75
658000,0,0.00987,0.009984513123830141,0.8023024797439575,0.003119976632297039,0.00017327762907370925,1.686608447926119e-05,0.005262644030153751,1.1030287414088913,0.037202246487140656,1460927.25,4127022.25
660000,0,0.00987,0.009984513123830141,0.8022066950798035,0.003118712641298771,0.00018594650318846107,1.6611839237157254e-05,0.005252478178590536,1.1082913840420612,0.03720219060778618,1461300.125,4126569.0
662000,0,0.00987,0.009984592596689823,0.8021249175071716,0.003117429092526436,0.0001929297111928463,1.4809433196205646e-05,0.005243959371000528,1.1135438682742484,0.03720229119062424,1461624.75,4126194.0
664000,0,0.00987,0.00998455286026001,0.8020502328872681,0.0031164554879069325,0.00019755482207983732,1.2612371938303113e-05,0.005236670840531588,1.1187878323018619,0.03720225393772125,1461915.875,4125860.5
666000,0,0.00987,0.009984592596689823,0.8019828796386719,0.0031156549230217934,0.00020065291319042443,1.1386584810679777e-05,0.005230304319411516,1.1240245017454096,0.03720220550894737,1462185.875,4125561.25
668000,0,0.00987,0.009984592596689823,0.8019190430641174,0.0031157331541180606,0.00020313530694693324,1.0502825898583978e-05,0.0052246758714318275,1.1292548083931275,0.03720235452055931,1462440.0,4125276.25
670000,0,0.00987,0.009984632333119692,0.801860511302948,0.003115973435342312,0.00020397519692778588,9.716266504256055e-06,0.005219637416303158,1.1344794889211722,0.03721346706151962,1462677.0,4125015.75
672000,0,0.01025,0.010364790757497133,0.8012402057647705,0.003121978789567947,0.00019352703820914028,3.0402943957597016e-05,0.005246517714112997,1.1396991235435077,0.037189796566963196,1466373.875,4124335.75
674000,0,0.01025,0.010364711284637451,0.8009873628616333,0.003115026280283928,0.00018395907245576383,2.4747540010139346e-05,0.005260481499135494,1.144945643585927,0.037167537957429886,1467383.0,4123265.25
676000,0,0.01025,0.010364671548207582,0.8007505536079407,0.0031124040484428405,0.0001824849867261946,2.3469685402233154e-05,0.00526478560641408,1.1502061213597723,0.0371897891163826,1468328.125,4122235.75
678000,0,0.01025,0.010364711284637451,0.8005121350288391,0.0031129026785492895,0.0001854244852438569,2.4388101883232595e-05,0.005269126035273075,1.155470906500525,0.037189725786447525,1469295.375,4121288.25
680000,0,0.01025,0.010364711284637451,0.8002548217773438,0.003113201633095741,0.00018974823178723453,2.6142693241126835e-05,0.005275444593280554,1.1607400297418304,0.03718983754515648,1470356.5,4120315.0
682000,0,0.01025,0.010364751021067264,0.7999656200408936,0.003108646161854267,0.0001983971567824483,3.0868337489664555e-05,0.005283915903419256,1.1660154761977561,0.03718990460038185,1471559.625,4119271.25
684000,0,0.01025,0.010364790757497133,0.7995990514755249,0.00310961976647377,0.0002241484588012099,4.2376332567073403e-05,0.005298770032823086,1.171299393032498,0.037167519330978394,1473122.25,4118073.75
686000,0,0.01025,0.010364790757497189,0.7991223335266113,0.003114313818514347,0.00024699335917830465,5.172567325644195e-05,0.005325594916939735,1.1765981658592888,0.03716757521033287,1475163.625,4116606.5
688000,0,0.01025,0.010364731152852358,0.7985789179801941,0.003119244426488876,0.00024970325175672765,6.0811458388343455e-05,0.005356782115995884,1.1819237589135834,0.037167616188526154,1477461.5,4114831.75
690000,0,0.01025,0.010364770889282227,0.7978819608688354,0.0031331166625022887,0.0002811169484630227,7.718843990005553e-05,0.0053982664830982685,1.187280543823547,0.03720111399888992,1480441.25,4112684.25
692000,0,0.01025,0.01036481062571204,0.7970001697540283,0.0031292177736759186,0.00031855462584644555,9.752394980750978e-05,0.00545553769916296,1.1926788172915646,0.03720148652791977,1484219.125,4109954.5
694000,0,0.01025,0.010365009307861328,0.7958937287330627,0.0031078470870852465,0.00036029710900038476,0.00011941250413656234,0.0055288407020270824,1.1981343549907275,0.03718405216932297,1488957.625,4106509.25
696000,0,0.01025,0.01036508878072101,0.7946959733963013,0.0030967164784669876,0.00035874028690159316,0.00012105426285415889,0.005606311373412609,1.2036631956927546,0.037184156477451324,1493964.25,4102321.75
698000,0,0.01025,0.010365148385365786,0.7935469746589661,0.003109488822519779,0.00033781819511204955,0.00011272522388026117,0.005663712043315172,1.2092695075318285,0.03718404844403267,1498648.875,4097842.25
700000,0,0.01025,0.010365068912506104,0.7925556898117065,0.0030990157276391986,0.00031286035664379597,9.925802005454898e-05,0.005692070350050926,1.2149332195751437,0.037161845713853836,1502563.0,4093508.0
702000,0,0.01025,0.01036508878072101,0.791653037071228,0.003093130514025688,0.0003036971669644117,9.53338632825762e-05,0.005702045746147633,1.2206252945818075,0.03719525784254074,1506140.0,4089573.75
704000,0,0.01025,0.010365128517150879,0.7907341122627258,0.0031037542968988417,0.00031010450329631566,9.659149218350649e-05,0.0057164267636835575,1.2263273412592777,0.0371953509747982,1509853.75,4085854.0
706000,0,0.01025,0.010365128517150879,0.7898101806640625,0.0031014133244752886,0.0003194362390786409,9.81622259132564e-05,0.005734830163419247,1.2320437722139128,0.03718401864171028,1513602.75,4082167.0
708000,0,0.01025,0.010365287462870243,0.7888329029083252,0.0030942542478442194,0.0003349083242937922,0.00010416946606710552,0.005760550033301115,1.237778605636961,0.037195317447185516,1517617.875,4078431.25
710000,0,0.01025,0.01036536693572998,0.7878258228302002,0.0030942006036639214,0.00034112723078578706,0.00010457632597535849,0.005791263189166784,1.243539153807617,0.037201277911663055,1521741.625,4074538.5
712000,0,0.01025,0.010365446408589662,0.7868342995643616,0.003110146149992943,0.00033798215445131065,0.0001019224291667342,0.005817025434225798,1.2493304169967838,0.03719523176550865,1525766.125,4070595.5
714000,0,0.01025,0.010365446408589662,0.7858577370643616,0.0031252991408109664,0.0003394021186977625,0.00010281803552061319,0.005837434437125921,1.2551474470876225,0.0371953547000885,1529722.625,4066694.0
716000,0,0.01025,0.010365446408589662,0.7848028540611267,0.0030942510813474653,0.0003656251821666956,0.00011600342113524676,0.005866174586117268,1.260984879196442,0.03719551861286163,1534071.25,4062746.5
718000,0,0.01025,0.010365506013234438,0.7835647463798523,0.003116968646645546,0.0003838270204141736,0.00012607161188498138,0.005915041081607342,1.2668510509885915,0.03719531372189522,1539260.875,4058430.5
720000,0,0.01025,0.010365386803944887,0.7824726700782776,0.0031352441757917407,0.0003311233595013618,0.00010165624553337693,0.005945763550698757,1.2727660957954892,0.03719543293118477,1543619.25,4053877.75
722000,0,0.01025,0.01036524772644043,0.7815864682197571,0.0031469427049160004,0.00030627136584371323,9.037964628078043e-05,0.00594056723639369,1.2787118649341234,0.03719528764486313,1547061.25,4049824.5
724000,0,0.01025,0.01036524772644043,0.7807777523994446,0.003159386664628982,0.0002950591268017888,8.264693315140903e-05,0.005932130850851536,1.2846524298422106,0.03720126673579216,1550233.125,4046218.5
726000,0,0.01025,0.01036524772644043,0.7800500392913818,0.003172674402594566,0.00028983769007027147,7.614716305397451e-05,0.005922289099544287,1.2905845592960783,0.037195414304733276,1553085.0,4042969.75
728000,0,0.01025,0.010365207990010561,0.7793785929679871,0.0031828079372644424,0.0002859271829947829,7.11147382389754e-05,0.005912902764976025,1.2965068493269452,0.037195172160863876,1555732.125,4040023.75
730000,0,0.01025,0.010365227858225523,0.7787377238273621,0.0031861193478107453,0.0002755938563495874,6.714928895235062e-05,0.005906412377953529,1.3024197544202276,0.03719504922628403,1558278.0,4037302.0
732000,0,0.01025,0.010365188121795654,0.7781089544296265,0.0031895834952592847,0.00027634580619633197,6.739836535416544e-05,0.0059047881513834,1.3083261677295037,0.03719526156783104,1560801.375,4034732.5
734000,0,0.01025,0.010365188121795654,0.7774181365966797,0.003181542456150055,0.0002943729981780052,7.544684922322631e-05,0.0059143053367733955,1.3142309586748548,0.03719516471028328,1563652.25,4032164.25
736000,0,0.01025,0.010365188121795654,0.7767188549041748,0.0031771592795848845,0.0002819915767759085,7.166175055317581e-05,0.005931404884904623,1.320145258889354,0.037195269018411636,1566504.25,4029436.0
738000,0,0.01025,0.010365148385365841,0.7760874032974243,0.003176460415124893,0.00027067386545240877,6.544201751239597e-05,0.005938558839261532,1.3260766581863233,0.037195321172475815,1569022.125,4026780.0
740000,0,0.01025,0.010365128517150879,0.7755048274993896,0.00319293774664402,0.0002655761083588004,6.159041658975183e-05,0.005939830560237169,1.33201521888823,0.037195101380348206,1571343.875,4024298.5
742000,0,0.01025,0.010365188121795654,0.7749403119087219,0.0031898900866508483,0.0002616164507344365,5.908925086259842e-05,0.005941831041127443,1.337955047585822,0.03719521313905716,1573604.625,4021958.0
744000,0,0.01025,0.010365227858225523,0.7744028568267822,0.003189283609390259,0.0002676728181540966,5.829479778185486e-05,0.005943650845438242,1.343896874901659,0.03719524294137955,1575764.875,4019714.75
746000,0,0.01025,0.010365307331085205,0.7738475799560547,0.0031798083335161207,0.00027281511574983597,6.0290400870144365e-05,0.005952490959316492,1.349840525281436,0.037195272743701935,1578027.0,4017500.75
748000,0,0.01025,0.010365386803944943,0.7732564210891724,0.003204977512359619,0.00028858629520982503,6.492638494819403e-05,0.00596752529963851,1.3557930195003816,0.03719537705183029,1580455.375,4015228.75
750000,0,0.01025,0.010365486145019531,0.772624135017395,0.003213246911764145,0.0002981592901051044,6.775727961212396e-05,0.005988521035760641,1.3617605471283265,0.037195272743701935,1583060.25,4012814.25
752000,0,0.01063,0.010745604832967104,0.7714192867279053,0.003243032842874527,0.0003410602919757366,9.516184800304472e-05,0.006050786003470421,1.3677490700267323,0.03716058284044266,1589251.625,4009901.25
754000,0,0.01063,0.010745485623677553,0.7704992890357971,0.0032443694770336153,0.00035932776518166065,0.00010045699309557676,0.006106806453317404,1.3737998578928479,0.037160616368055344,1593040.0,4006403.0
756000,0,0.01063,0.010745485623677553,0.7694805264472961,0.0032260179519653315,0.0003662321018055081,0.00010551566956564784,0.006160909775644541,1.3799066652774878,0.03716052323579788,1597266.5,4002659.5
758000,0,0.01063,0.010745525360107422,0.768466055393219,0.0032360754907131196,0.0003571128472685814,0.00010262520518153906,0.0062109786085784435,1.386067572724826,0.03717757388949394,1601415.125,3998723.0
760000,0,0.01063,0.010745485623677553,0.7674694657325745,0.0032177194952964783,0.00038054140750318763,0.0001101101515814662,0.006249180529266596,1.3922785494707592,0.03717759996652603,1605479.75,3994802.5
762000,0,0.01063,0.010745525360107422,0.7663686275482178,0.0032071154564619064,0.0004134197253733873,0.00011618996504694223,0.006299661006778479,1.3985277327939936,0.03717756271362305,1610046.125,3990728.75
764000,0,0.01063,0.01074566443761188,0.7651721835136414,0.0032221175730228423,0.00043404456228017806,0.0001265051425434649,0.006355760619044304,1.4048273947320946,0.037211544811725616,1615037.625,3986387.0
766000,0,0.01063,0.01074562470118201,0.7638928890228271,0.0031759053468704223,0.0004551900550723076,0.00013600336387753487,0.006419961340725422,1.411183150694526,0.03721167892217636,1620346.625,3981668.5
768000,0,0.01063,0.01074562470118201,0.7624909281730652,0.003152374178171158,0.0004776112269610166,0.0001490109832957387,0.006491427309811115,1.417603109706945,0.037211574614048004,1626182.875,3976534.75
770000,0,0.01063,0.010745684305826841,0.7609927654266357,0.0031261473894119264,0.0004859995562583208,0.00015644568484276533,0.006566981319338083,1.4240945374824174,0.037211645394563675,1632381.75,3970947.5
772000,0,0.01063,0.010745684305826841,0.7594210505485535,0.0030838631093502047,0.0004989068489521742,0.000164761021733284,0.006639109458774328,1.4306615174047717,0.03721168637275696,1638870.25,3964994.5
774000,0,0.01063,0.010745644569396973,0.7577651143074036,0.003047669120132923,0.000514072272926569,0.0001731614116579294,0.0067106932401657104,1.4373006245352395,0.03717762976884842,1645700.625,3958727.0
776000,0,0.01063,0.010745644569396973,0.7560327053070068,0.003059207461774349,0.0005240921396762133,0.00017999581759795547,0.006785978097468615,1.444011323829002,0.03721174597740173,1652843.625,3952128.75
778000,0,0.01063,0.01074560483296716,0.7542494535446167,0.0030605912208557127,0.000540346372872591,0.0001844397163949907,0.006856879219412804,1.450797302392132,0.037211738526821136,1660169.75,3945276.75
780000,0,0.01063,0.010745644569396973,0.7524093389511108,0.0030329339206218715,0.0005352947860956192,0.00019132753368467093,0.0069344500079751015,1.457654175557948,0.03721167892217636,1667730.375,3938173.75
782000,0,0.01063,0.010745684305826841,0.7505243420600891,0.003016554936766624,0.0005390602629631757,0.00019392843823879958,0.007008061744272709,1.4645886227719553,0.03721180930733681,1675453.625,3930841.5
784000,0,0.01063,0.01074572404225671,0.7486141920089722,0.003010761365294456,0.0005248621106147765,0.0001930604223161936,0.0070792799815535545,1.471596685913212,0.03721187263727188,1683276.75,3923376.75
786000,0,0.01063,0.01074572404225671,0.7467483878135681,0.003024187870323658,0.0005181479267776012,0.00018812156049534677,0.007137252017855644,1.4786759658947655,0.03717774897813797,1690858.875,3915920.5
788000,0,0.01063,0.010745684305826841,0.7449320554733276,0.003013544529676437,0.0005119257606565952,0.00018631116254255175,0.007184853311628103,1.4858132174469598,0.03723513334989548,1698221.5,3908600.25
790000,0,0.01063,0.010745644569396973,0.743139386177063,0.0030159760266542436,0.0005059211980551481,0.00018552698893472552,0.007234696764498949,1.4929980656363138,0.03717777505517006,1705480.125,3901357.0
792000,0,0.01063,0.01074560483296716,0.7413715124130249,0.003028986044228077,0.0004964579362422227,0.00017916895449161528,0.007279980927705765,1.5002327549502321,0.03717772662639618,1712631.125,3894185.75
794000,0,0.01063,0.01074560483296716,0.739642322063446,0.0030263910070061685,0.0005151981953531503,0.00018059503054246306,0.007327488623559475,1.5075127368092605,0.037235211580991745,1719611.0,3887158.5
796000,0,0.01063,0.01074556509653729,0.7379035353660583,0.0030442370101809503,0.0005252189002931118,0.00017781454371288417,0.0073782471008598804,1.5148402282267877,0.0371776781976223,1726664.75,3880140.75
798000,0,0.01063,0.01074560483296716,0.7361828684806824,0.003027620539069176,0.0005090535618364811,0.00017746879020705817,0.007418371271342039,1.5222184795185991,0.03717774525284767,1733657.0,3873252.25
800000,0,0.01063,0.01074560483296716,0.7344763278961182,0.0030252391472458838,0.0004973940085619688,0.0001733167329803109,0.007453644648194313,1.5296368517212637,0.037177808582782745,1740597.75,3866436.25
802000,0,0.01063,0.01074560483296716,0.7328246831893921,0.0030551312491297724,0.0005021468736231327,0.0001666315016336739,0.007478016894310713,1.5370904926441677,0.03717770799994469,1747302.125,3859795.75
804000,0,0.01063,0.01074556509653729,0.7312147617340088,0.003052093833684921,0.0004924926441162824,0.00016689307522028683,0.007503449451178312,1.5445685081414946,0.03723528981208801,1753843.75,3853343.25
806000,0,0.01063,0.01074560483296716,0.7296283841133118,0.0030524309724569323,0.0004940697923302651,0.00016562178498134015,0.007534636650234461,1.55207195293606,0.03723536431789398,1760274.75,3846931.75
808000,0,0.01063,0.01074560483296716,0.7280438542366028,0.003059571236371994,0.00048236348666250704,0.00016338168643414974,0.007569598965346813,1.559606590517617,0.037235382944345474,1766706.75,3840552.5
810000,0,0.01063,0.01074560483296716,0.7264804244041443,0.003056395053863525,0.00047483514063060287,0.0001610544743016362,0.007604670710861683,1.5671761908799478,0.037235330790281296,1773045.5,3834250.75
812000,0,0.01063,0.01074560483296716,0.724941074848175,0.003054249659180641,0.0004739165771752596,0.00015875897370278835,0.007639745250344276,1.5747808667130836,0.037263646721839905,1779283.75,3828033.0
814000,0,0.01063,0.01074560483296716,0.7234060168266296,0.0030395977199077604,0.0004730589222162962,0.00016099542845040557,0.007679933216422796,1.5824206156887182,0.03726362809538841,1785515.625,3821854.25
816000,0,0.01063,0.010745684305826841,0.7218670845031738,0.0030387176200747487,0.0004758811090141535,0.00016063898801803588,0.007727166637778282,1.5901005540274151,0.03726377338171005,1791752.75,3815634.75
818000,0,0.01063,0.010745684305826841,0.7203488945960999,0.003031427226960659,0.00047323964536190034,0.0001594192232005298,0.0077655501663684845,1.5978277201995321,0.03726363554596901,1797892.625,3809455.5
820000,0,0.01063,0.010745684305826841,0.7188181281089783,0.0030558001250028605,0.00046870238147675994,0.00016186534194275734,0.007804492954164743,1.6055932750225135,0.03728034719824791,1804121.5,3803336.25
822000,0,0.01063,0.010745644569396973,0.7172616720199585,0.0030797490850090975,0.00046915994025766846,0.00016279258998110887,0.007853217422962189,1.6133977679766782,0.03728024289011955,1810460.75,3797131.5
824000,0,0.01063,0.010745644569396973,0.7157084345817566,0.0030747687444090846,0.00046170339919626713,0.00015642974758520723,0.007895205169916153,1.6212509853996404,0.03728016838431358,1816777.75,3790912.25
826000,0,0.01063,0.010745684305826841,0.7142545580863953,0.0030665779486298557,0.0004384662955999374,0.00014100928092375398,0.00790160708129406,1.6291461933635243,0.03728022053837776,1822670.375,3785035.25
828000,0,0.01063,0.010745644569396973,0.7129359841346741,0.0030722824856638906,0.0004285573959350586,0.0001307200756855309,0.007890373468399048,1.6370477957882055,0.03728035092353821,1827999.25,3779681.75
830000,0,0.01063,0.010745644569396973,0.7117078900337219,0.0030731232836842537,0.00042194244451820845,0.00012442742008715867,0.007884988561272621,1.6449381729818948,0.03728042170405388,1832971.625,3774691.75
832000,0,0.01101,0.011125604311625181,0.7100309729576111,0.0030708707869052886,0.00044840225018560886,0.0001433914410881698,0.007933436892926693,1.6528231615431674,0.03723955899477005,1841178.0,3769563.75
834000,0,0.01101,0.0111254254976908,0.7086907029151917,0.0030862795189023017,0.00043806680478155615,0.00013657276285812257,0.007973434403538704,1.6607565975047716,0.03723955154418945,1846623.0,3764166.75
836000,0,0.01101,0.011125445365905762,0.7074029445648193,0.0030717561021447177,0.000424558250233531,0.00012852201471105217,0.007997685112059116,1.6687300328396328,0.037239547818899155,1851838.625,3758943.5
838000,0,0.01101,0.011125445365905762,0.7062126398086548,0.003076658025383949,0.0004079819191247224,0.00011658858275040983,0.00800445955246687,1.6767277188830145,0.037239547818899155,1856648.0,3754093.0
840000,0,0.01101,0.011125445365905762,0.705121636390686,0.003075931407511234,0.0004004273097962141,0.00010821324540302157,0.008003554306924343,1.6847321756415137,0.03723940998315811,1861065.375,3749661.75
842000,0,0.01101,0.011125365893046024,0.7040967345237732,0.0030857173725962637,0.0004014064557850361,0.0001059630187228322,0.008013486862182617,1.6927357187725671,0.037239473313093185,1865223.75,3745519.0
844000,0,0.01101,0.011125365893046024,0.703080952167511,0.003091269731521606,0.00039244284853339194,9.97189781628549e-05,0.008041025139391422,1.7007492065660723,0.037239622324705124,1869360.25,3741451.25
846000,0,0.01101,0.0111254254976908,0.7021561861038208,0.0030773943290114403,0.0003847796004265547,9.278314537368715e-05,0.008057089522480965,1.7087902307741412,0.03723958507180214,1873119.125,3737727.75
848000,0,0.01101,0.011125385761260986,0.7012657523155212,0.0030708415433764458,0.0003845256520435214,9.178538457490503e-05,0.008086473681032658,1.716847318433977,0.037239328026771545,1876777.0,3734232.75
850000,0,0.01101,0.011125385761260986,0.7003823518753052,0.003063291870057583,0.00038344799540936944,8.977571269497275e-05,0.008131597191095352,1.724933791183687,0.03723948448896408,1880424.5,3730812.0
852000,0,0.01101,0.011125346024831173,0.6995353698730469,0.0030527569353580477,0.00037828991189599033,8.737928001210093e-05,0.008184856735169888,1.7330653911687501,0.037239473313093185,1883882.75,3727438.5
854000,0,0.01101,0.011125365893046024,0.6986992955207825,0.0030647857114672657,0.0003775101387873292,8.788455743342636e-05,0.008245877921581268,1.741250252560533,0.03723958507180214,1887295.625,3724108.75
856000,0,0.01101,0.011125405629475893,0.6978703141212463,0.003088213689625263,0.0003921371884644032,8.375951438210905e-05,0.00831875205039978,1.7494961258255013,0.03723945841193199,1890645.875,3720732.5
858000,0,0.01101,0.011125365893046024,0.69707852602005,0.003080562688410282,0.00038180234842002394,8.617003913968801e-05,0.008391682989895344,1.757814877875901,0.03723937273025513,1893813.125,3717433.5
860000,0,0.01101,0.011125385761260986,0.6962612867355347,0.003083403781056404,0.0003752946387976408,8.610751829110085e-05,0.008466008119285107,1.766206555277861,0.03723949193954468,1897144.5,3714145.5
862000,0,0.01101,0.011125365893046024,0.6954455375671387,0.0030863072723150255,0.0003732790006324649,8.543155854567885e-05,0.008532436564564705,1.774672561534501,0.037239376455545425,1900478.75,3710889.25
864000,0,0.01101,0.011125405629475893,0.6946399211883545,0.0030849911272525787,0.0003665942698717117,8.411702001467347e-05,0.00860002264380455,1.783205001824356,0.03695985674858093,1903756.875,3707653.75
866000,0,0.01101,0.011125405629475893,0.6938453912734985,0.0030790407210588453,0.0003679441986605525,8.335362072102724e-05,0.008667969144880772,1.791805025399483,0.03693660721182823,1906978.125,3704437.75
868000,0,0.01101,0.011125445365905762,0.6930555701255798,0.0030827069655060767,0.0003745352616533637,8.465633145533502e-05,0.008733437396585941,1.800472989887751,0.0369599275290966,1910185.0,3701246.75
870000,0,0.01101,0.011125445365905762,0.6922536492347717,0.003091704100370407,0.0003813332878053188,8.449357701465488e-05,0.008801980875432491,1.8092064300783046,0.036970868706703186,1913452.375,3698038.0
872000,0,0.01101,0.011125485102335575,0.6914445161819458,0.0031048767268657684,0.0003780119819566607,8.621348533779384e-05,0.00886987242847681,1.81800841561035,0.03697085753083229,1916762.625,3694821.5
874000,0,0.01101,0.011125445365905762,0.6905885338783264,0.0031139802187681196,0.00038796814624220133,9.289653971791267e-05,0.008945421315729618,1.826878276862956,0.03697080910205841,1920308.375,3691524.5
876000,0,0.01101,0.011125485102335575,0.6896734833717346,0.003121617995202541,0.00039710937999188896,9.673652821220457e-05,0.009038932621479034,1.835823703766621,0.03697085753083229,1924107.625,3688023.0
878000,0,0.01101,0.011125524838765444,0.6887298822402954,0.003122199885547161,0.0003996322862803936,0.0001005289377644658,0.009152268059551716,1.8448626373194226,0.03697089105844498,1927964.625,3684271.25
880000,0,0.01101,0.011125524838765444,0.6877505779266357,0.003130500763654709,0.0004004731774330139,0.000102589325979352,0.009273952804505825,1.8540148969970711,0.036970917135477066,1932023.875,3680487.0
882000,0,0.01101,0.011125524838765444,0.6867925524711609,0.0031356018036603926,0.0003906329162418842,9.82816913165152e-05,0.009415857493877411,1.8632888488702544,0.03696006163954735,1935951.125,3676694.25
884000,0,0.01101,0.011125524838765444,0.685881495475769,0.003141090646386146,0.00037854169495403766,9.113971027545631e-05,0.009541239589452744,1.8727047007761963,0.036970917135477066,1939696.625,3673113.5
886000,0,0.01101,0.011125544706980406,0.6850329041481018,0.003144242987036705,0.0003731751115992665,8.706317166797818e-05,0.009660458192229271,1.882245927327133,0.036971040070056915,1943187.0,3669793.0
888000,0,0.01101,0.011125504970550537,0.6842005252838135,0.0031417954713106157,0.0003756218124181032,8.625504560768604e-05,0.009766634553670883,1.8919063827253946,0.036970846354961395,1946650.875,3666615.5
890000,0,0.01101,0.011125465234120724,0.6833889484405518,0.0031356595456600187,0.00037664510309696195,8.443950791843235e-05,0.00985849741846323,1.9016730191417106,0.03697097301483154,1949994.125,3663454.5
892000,0,0.01101,0.011125504970550537,0.6825763583183289,0.003135823458433151,0.00037821144796907903,7.986943237483502e-05,0.009934565052390099,1.9115315240107544,0.036970894783735275,1953325.625,3660238.25
894000,0,0.01101,0.011125465234120724,0.681857168674469,0.0031236419454216957,0.00037214835174381733,7.880189805291593e-05,0.009994913823902607,1.9214660760246285,0.03697095438838005,1956143.5,3657114.75
896000,0,0.01101,0.011125465234120724,0.6811016798019409,0.0031286899000406267,0.00038575248327106233,8.45240894705057e-05,0.010070702992379665,1.9314609786726602,0.036970969289541245,1959185.5,3654000.75
898000,0,0.01101,0.011125504970550537,0.6802924275398254,0.0031215323135256766,0.00041912393644452097,9.2899682931602e-05,0.010160197503864765,1.9415316798023947,0.036970917135477066,1962439.875,3650658.5
900000,0,0.01101,0.011125504970550537,0.6793892979621887,0.003105613961815834,0.0004442794248461723,0.00010472442954778671,0.010259156115353107,1.9516918819628724,0.03697096183896065,1966080.25,3646962.5
902000,0,0.01101,0.0111255248387655,0.6783773899078369,0.0030771246179938315,0.0004724246915429831,0.00011429720325395465,0.01034974679350853,1.961951043666161,0.036959998309612274,1970176.25,3642849.0
904000,0,0.01101,0.0111255248387655,0.6772775650024414,0.0030774811282753946,0.0005169416777789593,0.0001238127704709768,0.010442369617521763,1.9723007858030566,0.0369710847735405,1974624.375,3638369.25
906000,0,0.01101,0.0111255248387655,0.6760880947113037,0.0030739551410079,0.0005137275904417037,0.00012869162019342185,0.010537693277001381,1.9827431442447074,0.03698759526014328,1979453.625,3633557.5
908000,0,0.01101,0.0111255248387655,0.6748541593551636,0.0030591124668717384,0.0004991643596440553,0.00012935161357745527,0.0106379184871912,1.9932808337964185,0.036987535655498505,1984468.0,3628596.75
910000,0,0.01101,0.0111255248387655,0.6736138463020325,0.0030647823587059975,0.0005165438167750835,0.0001335769542492926,0.01076898630708456,2.0039187569402226,0.0369875431060791,1989489.0,3623540.25
912000,0,0.01139,0.011505603790283203,0.6718533635139465,0.003063054382801056,0.0005490172654390334,0.00016195573844015598,0.010979578830301762,2.014687746041275,0.036947101354599,1998135.25,3617994.25
914000,0,0.01139,0.011505544185638428,0.6703310012817383,0.003069135546684265,0.000546274334192276,0.0001567279337905347,0.011216252110898495,2.02566733325348,0.0369197353720665,2004314.5,3611828.5
916000,0,0.01139,0.011505484580993652,0.6688571572303772,0.0030581012368202207,0.0005467064678668976,0.00015122091863304374,0.011394688859581947,2.036883588158346,0.03691985458135605,2010257.75,3605773.75
918000,0,0.01139,0.011505484580993652,0.6674126386642456,0.0030441774055361744,0.0005512592382729053,0.00015471281949430701,0.011555570177733898,2.0482782742239602,0.03693624585866928,2016086.375,3599861.0
920000,0,0.01139,0.011505484580993652,0.6659215092658997,0.003033439628779888,0.0005567471031099557,0.0001576756942085922,0.011767316609621048,2.0598338462643393,0.036936212331056595,2022124.625,3593796.25
922000,0,0.01139,0.011505484580993652,0.664413332939148,0.0030248282477259637,0.0005592940375208854,0.00015762824332341552,0.011996009387075901,2.0716011600799926,0.03695826232433319,2028244.0,3587679.5
924000,0,0.01139,0.011505504449208559,0.662898600101471,0.003009575419127941,0.0005625077523291111,0.00015860192943364379,0.012211182154715061,2.083597166673101,0.03695819526910782,2034394.0,3581560.25
926000,0,0.01139,0.011505484580993652,0.6613745093345642,0.0029924843460321423,0.0005691458005458117,0.00016023850766941906,0.012399698607623577,2.0958083544157513,0.036936257034540176,2040592.625,3575399.5
928000,0,0.01139,0.011505583922068296,0.659828245639801,0.0029693676158785817,0.0005792736541479826,0.0001626432524062693,0.012563343159854412,2.1082080474354394,0.03694725036621094,2046881.625,3569166.25
930000,0,0.01139,0.01150556405385339,0.6582478880882263,0.002977897599339485,0.000609101727604866,0.00016770609654486178,0.012711563147604465,2.1207713896639713,0.03695817291736603,2053317.375,3562804.75
932000,0,0.01139,0.011505524317423521,0.6566298007965088,0.0029663657769560814,0.0006066202651709319,0.0001673913327977061,0.012805430218577385,2.1334829537428983,0.0369582399725914,2059915.625,3556302.5
934000,0,0.01139,0.011505583922068296,0.6550158858299255,0.002970064431428909,0.0006028427276760339,0.000170235987752676,0.012841488234698772,2.146288381167508,0.03695816919207573,2066456.0,3549755.25
936000,0,0.01139,0.011505504449208559,0.6533425450325012,0.0029861485585570336,0.000624324381351471,0.00017889158334583044,0.01292198896408081,2.159129860088981,0.03694726154208183,2073275.0,3543026.75
938000,0,0.01139,0.011505544185638428,0.6516370177268982,0.0029499126598238946,0.0006097191013395787,0.00017776224995031954,0.013021696358919144,2.1720518453277715,0.036958273500204086,2080191.375,3536109.0
940000,0,0.01139,0.011505464712778746,0.6499167680740356,0.0029440624639391895,0.000616997806355357,0.00018079743022099136,0.01314819511026144,2.1850735398240455,0.036947187036275864,2087146.125,3529086.75
942000,0,0.01139,0.011505484580993652,0.6481624245643616,0.002934051305055618,0.0006246530916541815,0.00018367224838584663,0.013344118371605873,2.1982217293463715,0.036958247423172,2094232.5,3521924.25
944000,0,0.01139,0.011505504449208559,0.6464175581932068,0.002927485480904579,0.0006140182726085186,0.00017812296282500027,0.013632415793836117,2.211565843992687,0.03694712370634079,2101307.25,3514839.25
946000,0,0.01139,0.011505504449208559,0.6447184085845947,0.0029278371483087537,0.0006091983057558536,0.00017406214028596877,0.014006023295223713,2.225198269099749,0.03695816174149513,2108207.25,3507958.0
948000,0,0.01139,0.011505484580993652,0.6430568695068359,0.002940560318529606,0.0006084280554205179,0.00017159286653622982,0.014329705387353897,2.2392042858757146,0.03695814311504364,2114991.25,3501286.5
950000,0,0.01139,0.011505524317423521,0.6414117813110352,0.0029466461390256883,0.0006083599757403135,0.00016765767941251397,0.014576288871467113,2.253533998713649,0.036969248205423355,2121715.25,3494709.75
952000,0,0.01139,0.011505484580993652,0.6397976875305176,0.002958780899643898,0.000611689081415534,0.00016748887719586492,0.014763234183192253,2.268110298760987,0.036969106644392014,2128309.5,3488237.75
954000,0,0.01139,0.011505484580993652,0.6381809115409851,0.0029538532719016073,0.0006029373966157436,0.0001677009859122336,0.014961635693907738,2.2828735310815342,0.03696918115019798,2134912.75,3481756.0
956000,0,0.01139,0.011505484580993652,0.636559009552002,0.002954049780964851,0.0005981879308819771,0.0001675972482189536,0.015158461406826973,2.2978351639814742,0.03696923330426216,2141538.0,3475258.25
958000,0,0.01139,0.011505484580993652,0.6349532008171082,0.002963597513735294,0.0005934657994657754,0.00016488087130710482,0.015409036539494991,2.312993621663011,0.03696921095252037,2148108.5,3468843.5
960000,0,0.01139,0.011505484580993652,0.6333708167076111,0.0029650660231709475,0.0005884653888642787,0.00016242243582382797,0.015628820285201073,2.328402661927796,0.03696916997432709,2154578.25,3462507.0
962000,0,0.01139,0.011505484580993652,0.63181471824646,0.0029716808348894115,0.0005866369232535362,0.00016002034535631535,0.015897506847977638,2.344031478487707,0.0369579903781414,2160957.25,3456303.5
964000,0,0.01139,0.011505524317423521,0.6302738785743713,0.0029861932620406147,0.0005886508617550134,0.00015934205148369072,0.016120439395308495,2.3599289946489104,0.03694697842001915,2167270.0,3450152.5
966000,0,0.01139,0.011505524317423521,0.6287490725517273,0.0029913125559687614,0.000583755038678646,0.00015599139733240007,0.016498565673828125,2.3760494433574446,0.03698628023266792,2173527.0,3444081.75
968000,0,0.01139,0.011505484580993652,0.6272506713867188,0.0029924912378191944,0.0005875718779861927,0.00015418361872434616,0.01661323942244053,2.392548010893918,0.03698624297976494,2179684.0,3438134.25
970000,0,0.01139,0.011505484580993652,0.6257678866386414,0.0030035199597477913,0.0005818771198391914,0.0001527901622466743,0.016821756958961487,2.4091612614922293,0.03698641434311867,2185770.75,3432233.75
972000,0,0.01139,0.011505484580993652,0.6242944002151489,0.003006484732031822,0.0005821292288601398,0.00015173661522567273,0.016879640519618988,2.4259830016873845,0.03698628023266792,2191822.0,3426367.75
974000,0,0.01139,0.01150556405385339,0.622829258441925,0.003005907498300075,0.0005848618224263191,0.00015121458563953637,0.017172954976558685,2.4428626533828743,0.03698628023266792,2197838.25,3420533.5
976000,0,0.01139,0.011505524317423521,0.6213647127151489,0.003001457266509533,0.0005867799278348683,0.00015168300596997143,0.017398064956068993,2.4600356046341427,0.03698625788092613,2203843.75,3414693.75
978000,0,0.01139,0.011505524317423521,0.6198990941047668,0.0029925711452960966,0.0005909822415560484,0.00015174963045865296,0.017646728083491325,2.477433673315502,0.036986399441957474,2209856.25,3408850.0
980000,0,0.01139,0.01150546471277869,0.6184290051460266,0.002985526621341705,0.0005966834258288145,0.00015319247031584383,0.018108410760760307,2.495080399536348,0.03698631748557091,2215888.0,3402989.0
982000,0,0.01139,0.011505504449208559,0.6169495582580566,0.002981428988277912,0.0005950865801423788,0.00015363376587629316,0.019040584564208984,2.5131888345114954,0.03698620945215225,2221958.0,3397093.75
984000,0,0.01139,0.01150546471277869,0.6154729127883911,0.002978227846324444,0.0005990610923618078,0.00015493216924369335,0.02006794698536396,2.5322294172130593,0.036986205726861954,2227996.75,3391166.75
986000,0,0.01139,0.011505504449208559,0.6139746904373169,0.002969617955386638,0.0006048378068953753,0.00015485176118090746,0.022502200677990913,2.552297375374294,0.03698641061782837,2234111.0,3385112.75
988000,0,0.01139,0.011505504449208559,0.6125350594520569,0.002984737604856491,0.000620427867397666,0.00014754998264834284,0.02627549320459366,2.5747995574258336,0.03698635473847389,2240161.5,3379419.0
990000,0,0.01139,0.011505504449208559,0.6111409664154053,0.0029721625149250032,0.0006183354184031485,0.0001442502485588193,0.0281106848269701,2.6010750450424918,0.03698625788092613,2246026.5,3373987.0
992000,0,0.011770000000000001,0.011885623137156132,0.609315037727356,0.003004899248480797,0.0006611519958823919,0.00016588042490184307,0.029601288959383965,2.6291857503585585,0.036980826407670975,2255295.5,3368256.0
994000,0,0.011770000000000001,0.01188560326894128,0.6077483296394348,0.0030236518010497092,0.000656706653535366,0.00016218525124713778,0.03038816526532173,2.6587870542191037,0.036980777978897095,2261782.0,3362028.0
996000,0,0.011770000000000001,0.01188560326894128,0.6062114238739014,0.003024347499012947,0.000642433576285839,0.00015651956200599668,0.0320415161550045,2.6891752083085545,0.03697531297802925,2268136.0,3355880.25
998000,0,0.011770000000000001,0.01188560326894128,0.6047278642654419,0.003018222004175186,0.0006280160974711179,0.00015135278226807714,0.032990965992212296,2.7212167058371075,0.03697528690099716,2274294.0,3349983.5
1000000,0,0.011770000000000001,0.01188560326894128,0.6032885909080505,0.003019445762038231,0.0006270484533160925,0.00014650908997282386,0.03365398198366165,2.75420767182932,0.03697556257247925,2280273.5,3344277.5
1002000,0,0.011770000000000001,0.01188560326894128,0.601887583732605,0.00302051305770874,0.0006325334310531615,0.000143049203325063,0.033951807767152786,2.787861672439433,0.03682863712310791,2286108.75,3338760.5
1004000,0,0.011770000000000001,0.01188560326894128,0.6005138754844666,0.0030240975320339203,0.000644852640107274,0.00014138102997094393,0.03462294489145279,2.8218134876571663,0.03682848811149597,2291831.5,3333359.25
1006000,0,0.011770000000000001,0.01188560326894128,0.599147617816925,0.003031334653496742,0.0006381119601428509,0.00014207999920472502,0.03567362576723099,2.8564364474497803,0.03682859241962433,2297508.25,3327979.75
1008000,0,0.011770000000000001,0.01188560326894128,0.597782552242279,0.003039799444377422,0.0006269332021474838,0.00014090080512687563,0.036411646753549576,2.8921101253710755,0.036828503012657166,2303150.25,3322552.75
1010000,0,0.011770000000000001,0.01188560326894128,0.596427857875824,0.003044406324625015,0.0006186965852975846,0.00014004784170538188,0.03678550198674202,2.9285217907510765,0.03682851418852806,2308741.5,3317146.75
1012000,0,0.011770000000000001,0.011885583400726318,0.5950834155082703,0.00305156484246254,0.0006133330985903739,0.00013830100651830433,0.03651271015405655,2.9653072666607865,0.036861345171928406,2314284.75,3311771.5
1014000,0,0.011770000000000001,0.01188560326894128,0.5937539935112,0.0030552469193935393,0.0006157916970551014,0.00013571640010923147,0.037072207778692245,3.0018199544631012,0.03682838752865791,2319758.5,3306444.0
1016000,0,0.011770000000000001,0.011885643005371094,0.5924592614173889,0.003061733953654766,0.0006201664451509714,0.00013098841300234197,0.03725413605570793,3.0388921622417935,0.03682838752865791,2325113.5,3301280.25
1018000,0,0.011770000000000001,0.01188560326894128,0.5912125706672668,0.0030469458550214765,0.0006175188347697257,0.00012576852459460496,0.03795237094163895,3.076146290846921,0.03682848811149597,2330265.0,3296316.0
1020000,0,0.011770000000000001,0.01188560326894128,0.5899885892868042,0.0030262060463428497,0.0006200338713824749,0.0001260763732716441,0.03790215030312538,3.114098654337979,0.03682859614491463,2335341.25,3291476.25
1022000,0,0.011770000000000001,0.01188560326894128,0.5887664556503296,0.003012949600815773,0.0006240447051823139,0.00013021130580455063,0.038122452795505524,3.1520008195422657,0.03682852163910866,2340421.75,3286661.0
1024000,0,0.011770000000000001,0.011885643005371094,0.5875075459480286,0.002995213493704796,0.0006230132188647985,0.00013251318596303464,0.037895213812589645,3.190123268612481,0.03682853281497955,2345653.0,3281695.75
1026000,0,0.011770000000000001,0.01188560326894128,0.5862312912940979,0.0029779430478811264,0.0006192328874021769,0.00013327372726053,0.03808704763650894,3.228018501051522,0.03682849183678627,2350904.75,3276594.5
1028000,0,0.011770000000000001,0.011885563532511412,0.5849450826644897,0.002969016507267952,0.0006146915722638369,0.00013336887350305914,0.038296740502119064,3.2661055077098378,0.03682853654026985,2356181.0,3271422.25
1030000,0,0.011770000000000001,0.011885643005371094,0.5836564302444458,0.0029684465378522875,0.0006085910834372043,0.00013482972281053662,0.0383743941783905,3.304402248211957,0.03682833909988403,2361469.25,3266239.75
1032000,0,0.011770000000000001,0.011885563532511412,0.5823546051979065,0.002977277524769306,0.0006062475033104419,0.00013668506871908904,0.03878665715456009,3.3427766572915085,0.036828599870204926,2366812.75,3261003.75
1034000,0,0.011770000000000001,0.01188560326894128,0.5810391306877136,0.002984898537397384,0.0006028796546161175,0.0001386536518111825,0.03948705643415451,3.381563321896649,0.03682844713330269,2372203.5,3255699.25
1036000,0,0.011770000000000001,0.01188560326894128,0.5797138214111328,0.0029999125748872758,0.0006053749937564134,0.0001374635612592101,0.04120245575904846,3.421050370880223,0.0368284247815609,2377644.75,3250366.25
1038000,0,0.011770000000000001,0.011885643005371094,0.5784016251564026,0.0030027404427528377,0.0006203333847224713,0.00013905911473557352,0.04015062004327774,3.4622528489910134,0.03686150163412094,2383099.5,3245190.0
1040000,0,0.011770000000000001,0.011885643005371094,0.5770757794380188,0.002993553690612316,0.0006011819932609797,0.0001374856336042285,0.04132893681526184,3.502403480210162,0.03682858496904373,2388524.5,3239835.0
1042000,0,0.011770000000000001,0.011885643005371094,0.5757637023925781,0.0029943279922008516,0.0006007460877299308,0.00013794807018712162,0.041637517511844635,3.543732469179488,0.03682851046323776,2393904.5,3234545.0
1044000,0,0.011770000000000001,0.01188560326894128,0.574453592300415,0.0029975820332765577,0.0005880345124751329,0.00013657672097906471,0.042560044676065445,3.5853699941419133,0.03686151280999184,2399271.25,3229252.5
1046000,0,0.011770000000000001,0.01188560326894128,0.5731606483459473,0.003005969151854515,0.0005815003532916307,0.0001342218951322138,0.043327897787094116,3.6279300499938496,0.036828551441431046,2404567.0,3224026.25
1048000,0,0.011770000000000001,0.011885643005371094,0.5718873143196106,0.0030159637331962585,0.0005764477886259556,0.0001314536784775555,0.044816531240940094,3.6712579701326855,0.03682846948504448,2409783.25,3218880.25
1050000,0,0.011770000000000001,0.011885623137156132,0.5706499814987183,0.0030108859762549398,0.0005926772952079772,0.00012129938695579768,0.046361636370420456,3.716074520000077,0.03682853281497955,2414807.0,3213814.75
1052000,0,0.011770000000000001,0.011885643005371094,0.5694323778152466,0.0030195793136954304,0.0005716382060199976,0.00012826094171032308,0.04785555228590965,3.762436160095788,0.036570459604263306,2419822.5,3208902.75
1054000,0,0.011770000000000001,0.011885623137156132,0.5682231783866882,0.0030182581394910812,0.0005690119229257107,0.00012680070940405128,0.047631192952394485,3.8102917347334393,0.03657035157084465,2424920.0,3204170.5
1056000,0,0.011770000000000001,0.011885643005371094,0.5670214891433716,0.0030268967151641842,0.0005690969992429018,0.00012689169961959123,0.04875655099749565,3.8579229388617047,0.03657042607665062,2429970.25,3199447.75
1058000,0,0.011770000000000001,0.011885643005371094,0.5658047199249268,0.0030370445922017096,0.0005711788311600685,0.00012917801504954695,0.04913357272744179,3.906679471232749,0.036570463329553604,2435057.25,3194624.25
1060000,0,0.011770000000000001,0.011885662873586,0.5645736455917358,0.003042958676815033,0.0005692902952432632,0.00012916667619720102,0.049761008471250534,3.955813084938384,0.03657044470310211,2440197.25,3189732.75
1062000,0,0.011770000000000001,0.011885623137156132,0.5633444786071777,0.003054935485124588,0.0005723557900637388,0.0001286143553443253,0.05050112307071686,4.005574085959054,0.036570340394973755,2445329.0,3184830.75
1064000,0,0.011770000000000001,0.011885623137156132,0.5621057748794556,0.003050103224813938,0.0005822917446494102,0.0001306943828240037,0.05116388946771622,4.0560751978539,0.036570530384778976,2450463.5,3179872.5
1066000,0,0.011770000000000001,0.01188570261001587,0.5608676671981812,0.0030545031651854518,0.0005847090389579534,0.00013048099353909492,0.05204771086573601,4.107239023991681,0.036570388823747635,2455621.25,3174940.5
1068000,0,0.011770000000000001,0.01188570261001587,0.559619665145874,0.003045786172151565,0.0005832315422594547,0.00013210834003984928,0.05237538367509842,4.159286708780385,0.03657044470310211,2460838.25,3170003.75
1070000,0,0.011770000000000001,0.01188570261001587,0.5583540201187134,0.0030476346611976626,0.0005860564298927783,0.0001341997180134058,0.05363888293504715,4.211662058927871,0.03657030314207077,2466120.25,3164978.75
1072000,0,0.012150000000000001,0.012265602747599302,0.5566427707672119,0.0030388399958610536,0.000609139259904623,0.00015905937179923056,0.056150540709495544,4.265300915785886,0.036529943346977234,2475037.5,3159489.5
1074000,0,0.012150000000000001,0.01226558287938434,0.5551498532295227,0.0030371496453881265,0.0006043942645192147,0.0001549127046018839,0.05689103156328201,4.321451419242479,0.036529961973428726,2481350.25,3153623.25
1076000,0,0.012150000000000001,0.012265563011169434,0.5537119507789612,0.00305029358714819,0.0006076130550354719,0.00014803125523030758,0.058417145162820816,4.378342409827567,0.036530595272779465,2487492.25,3148018.5
1078000,0,0.012150000000000001,0.012265563011169434,0.5523127317428589,0.003052582591772079,0.0005924357566982507,0.00014468479203060268,0.05919675529003143,4.43675958106742,0.036530617624521255,2493449.25,3142548.25
1080000,0,0.012150000000000001,0.012265602747599302,0.5509691834449768,0.0030638737604022025,0.0005824029445648194,0.0001340596121735871,0.06088060140609741,4.495956287928678,0.036530692130327225,2499179.25,3137291.0
1082000,0,0.012150000000000001,0.012265543142954527,0.5497162342071533,0.003073520958423614,0.000572606548666954,0.00013158286456018686,0.06170564517378807,4.556836900510646,0.03652999922633171,2504494.0,3132362.75
1084000,0,0.012150000000000001,0.012265443801879883,0.5484854578971863,0.003134825453162193,0.0005838643293827771,0.00015261609805747867,0.06289824098348618,4.618542541959144,0.036530762910842896,2509736.0,3127538.5
1086000,0,0.012150000000000001,0.012265543142954527,0.5472024083137512,0.0030898105353116987,0.0005390760954469443,0.00012753161136060953,0.06399012356996536,4.681440790393211,0.036530751734972,2515310.25,3122626.0
1088000,0,0.012150000000000001,0.012265543142954527,0.546046257019043,0.0030976235866546627,0.0005232160445302724,0.00011833907337859273,0.06543055176734924,4.745430921413757,0.036530740559101105,2520195.0,3118043.5
1090000,0,0.012150000000000001,0.012265543142954527,0.5449571013450623,0.003106657415628433,0.0005148385185748338,0.00011317982571199536,0.066097192466259,4.810861495532848,0.03653016686439514,2524744.75,3113663.75
1092000,0,0.012150000000000001,0.012265503406524658,0.5438916087150574,0.003108839318156242,0.0005094242747873067,0.00011161147849634289,0.06660094112157822,4.876958665647365,0.036530036479234695,2529142.0,3109327.25
1094000,0,0.012150000000000001,0.01226552327473962,0.5428734421730042,0.0031174218282103536,0.0005028805695474147,0.00010379714658483864,0.06706775724887848,4.943559629120685,0.03652990236878395,2533388.5,3105231.0
1096000,0,0.012150000000000001,0.012265503406524658,0.5419143438339233,0.003118619695305824,0.0005026726052165031,9.859168203547597e-05,0.06733038276433945,5.010627453424789,0.036530617624521255,2537408.0,3101396.75
1098000,0,0.012150000000000001,0.012265503406524658,0.5409917831420898,0.0031186670064926145,0.0005014066584408284,9.627547115087509e-05,0.06692076474428177,5.077957910694934,0.036530639976263046,2541263.5,3097711.25
1100000,0,0.012150000000000001,0.012265503406524658,0.5400813221931458,0.003121170587837696,0.0005148507189005613,9.746328578330575e-05,0.06768643856048584,5.144878675439216,0.03653061017394066,2545064.25,3094080.25
1102000,0,0.012150000000000001,0.012265543142954471,0.5391716957092285,0.0031319189816713332,0.0005070535466074943,9.535924182273446e-05,0.0671619102358818,5.212565099098541,0.03652983531355858,2548862.75,3090453.0
1104000,0,0.012150000000000001,0.012265543142954471,0.5382797718048096,0.0031319823116064066,0.0004936320707201958,9.40766418352723e-05,0.06779512763023376,5.279727031686164,0.03653068095445633,2552582.5,3086860.25
1106000,0,0.012150000000000001,0.012265543142954471,0.5374093055725098,0.0031357131898403167,0.0004832345526665449,9.162924252450466e-05,0.06895666569471359,5.347522122063495,0.03653065115213394,2556223.0,3083357.25
1108000,0,0.012150000000000001,0.012265543142954471,0.5365673899650574,0.0031455803662538526,0.0004780919291079044,8.868450531736016e-05,0.06905609369277954,5.4164788250111116,0.0365305095911026,2559759.75,3079974.75
1110000,0,0.012150000000000001,0.012265543142954471,0.5357479453086853,0.0031500808894634243,0.00047803744673728947,8.64315137732774e-05,0.06874478608369827,5.485534926154472,0.03654787689447403,2563188.0,3076694.0
1112000,0,0.012150000000000001,0.012265483538309696,0.5349498987197876,0.0031517807394266127,0.0004784246440976858,8.3919835742563e-05,0.06899303197860718,5.554279719688751,0.03653062507510185,2566528.5,3073499.75
1114000,0,0.012150000000000001,0.012265483538309696,0.5341737270355225,0.0031486704945564267,0.00047766719944775105,8.272884297184646e-05,0.06913865357637405,5.623272721865035,0.03652992472052574,2569779.5,3070407.75
1116000,0,0.012150000000000001,0.012265543142954471,0.533399760723114,0.0031425647437572477,0.00046861916780471796,8.239114540629088e-05,0.06991028040647507,5.692411457397796,0.03653069585561752,2572996.25,3067293.75
1118000,0,0.012150000000000001,0.012265543142954471,0.532623827457428,0.0031403884291648864,0.00046795839443802834,8.166839252226055e-05,0.06956937164068222,5.762321737804271,0.03653059899806976,2576287.5,3064266.75
1120000,0,0.012150000000000001,0.012265543142954471,0.53187096118927,0.003150048106908798,0.00047031389549374576,7.753943209536374e-05,0.06967439502477646,5.8318910498403085,0.03653063252568245,2579422.25,3061247.5
1122000,0,0.012150000000000001,0.012265543142954471,0.5311550498008728,0.0031453888863325116,0.0004685782827436924,7.481958600692451e-05,0.07019355148077011,5.9015655268214715,0.03653063252568245,2582411.75,3058386.5
1124000,0,0.012150000000000001,0.012265543142954471,0.5304665565490723,0.003145671263337135,0.0004703734535723925,7.140752277337014e-05,0.07095920294523239,5.971759070851661,0.03654767945408821,2585296.25,3055643.25
1126000,0,0.012150000000000001,0.012265543142954471,0.5298158526420593,0.003145492076873779,0.00048240972682833666,6.809579208493233e-05,0.0710577741265297,6.042718333401538,0.03653049096465111,2587995.75,3053025.75
1128000,0,0.012150000000000001,0.012265543142954471,0.5291871428489685,0.003145177289843559,0.00048283380456268785,6.808186299167573e-05,0.07133069634437561,6.113776018121101,0.03653048723936081,2590581.5,3050481.25
1130000,0,0.012150000000000001,0.012265543142954471,0.5285559892654419,0.0031505018472671505,0.000492548756301403,6.829197518527508e-05,0.07122104614973068,6.185106781520702,0.03654776141047478,2593211.5,3047964.5
1132000,0,0.012150000000000001,0.012265563011169434,0.5279001593589783,0.0031526539474725722,0.00048727402463555336,7.206468726508319e-05,0.07156037539243698,6.256327835121013,0.03654767572879791,2595990.25,3045406.0
1134000,0,0.012150000000000001,0.012265563011169434,0.5272274613380432,0.0031627796590328215,0.0004884121939539909,7.322242599911988e-05,0.07199911028146744,6.327888165809966,0.036547593772411346,2598845.25,3042772.25
1136000,0,0.012150000000000001,0.012265483538309752,0.526464581489563,0.0031647145748138427,0.0005364723969250917,8.130521746352314e-05,0.07248102128505707,6.399887283542014,0.03653064742684364,2602329.0,3040045.0
1138000,0,0.012150000000000001,0.01226552327473962,0.5256513953208923,0.0031546581536531447,0.0005241158884018659,9.457605192437768e-05,0.07238782197237015,6.4723683420799745,0.03654761239886284,2606025.75,3037129.25
1140000,0,0.012150000000000001,0.012265563011169434,0.5247749090194702,0.003145935386419296,0.0005104203708469867,9.425783646292985e-05,0.07287999242544174,6.544756186404086,0.036547739058732986,2609970.0,3033915.25
1142000,0,0.012150000000000001,0.012265563011169434,0.5239079594612122,0.0031439535319805144,0.0005068549420684576,9.124837233684958e-05,0.07251165062189102,6.617636141576625,0.036547575145959854,2613739.5,3030597.5
1144000,0,0.012150000000000001,0.012265563011169434,0.5230619311332703,0.0031458776444196696,0.0005091676488518715,8.96038778591901e-05,0.07284653931856155,6.690147829451419,0.0365477055311203,2617339.5,3027278.75
1146000,0,0.012150000000000001,0.012265563011169434,0.5222182273864746,0.0031462758779525752,0.0004969641100615262,8.954675868153571e-05,0.07278531789779663,6.7629943911217225,0.036547839641571045,2620903.75,3023934.25
1148000,0,0.012150000000000001,0.012265563011169434,0.5213924646377563,0.0031455587595701213,0.0004935524426400662,8.741648052819073e-05,0.07303866744041443,6.835779731371261,0.036547739058732986,2624327.75,3020611.25
1150000,0,0.012150000000000001,0.01226552327473962,0.5205676555633545,0.003142666444182396,0.0004912131931632756,8.715868461877108e-05,0.07344004511833191,6.90881845841632,0.0365477092564106,2627778.25,3017315.75
1152000,0,0.012530000000000001,0.012645582358042362,0.5193849205970764,0.0031396817415952683,0.0005208191927522421,0.00010549542494118214,0.07476333528757095,6.982258518435813,0.03646230325102806,2634609.0,3013808.75
1154000,0,0.012530000000000001,0.012645542621612549,0.5184131860733032,0.003132011741399765,0.0005385042168200016,0.0001027100603096187,0.07487444579601288,7.057021943130351,0.03646276891231537,2638747.0,3010014.0
1156000,0,0.012530000000000001,0.012645562489827511,0.5174298286437988,0.003138284012675285,0.0005545518826693296,0.00010482276557013393,0.074339859187603,7.131896396376945,0.03646218776702881,2642815.25,3006066.5
1158000,0,0.012530000000000001,0.01264550288518268,0.5164384841918945,0.003134175762534141,0.0005443699657917022,0.00010605473071336747,0.07380631566047668,7.206236233212806,0.03646225109696388,2646903.75,3002061.5
1160000,0,0.012530000000000001,0.012645542621612549,0.5154343843460083,0.003146691247820854,0.0005460512358695268,0.00010840586619451643,0.07417474687099457,7.280042563774444,0.03646216541528702,2651079.0,2998027.25
1162000,0,0.012530000000000001,0.012645562489827511,0.5144027471542358,0.0031328018754720683,0.0005437924992293119,0.00010913870064541698,0.07375605404376984,7.354217228689052,0.03646225109696388,2655336.5,2993864.0
1164000,0,0.012530000000000001,0.012645562489827511,0.5133853554725647,0.003142166510224342,0.000532440422102809,0.00010610369499772788,0.07416033744812012,7.427973208227016,0.036462895572185516,2659514.75,2989710.75
1166000,0,0.012530000000000001,0.012645542621612549,0.5123852491378784,0.003147094696760178,0.0005285277497023344,0.00010543108219280839,0.07481267303228378,7.502133605279781,0.03646219149231911,2663633.0,2985644.0
1168000,0,0.012530000000000001,0.012645542621612549,0.5113979578018188,0.003152045980095863,0.0005247947294265031,0.00010353723773732781,0.07584470510482788,7.5769463155649674,0.0364622101187706,2667708.0,2981632.75
1170000,0,0.012530000000000001,0.012645562489827511,0.5104240775108337,0.0031522128731012347,0.0005217212717980146,0.0001016077701933682,0.07631436735391617,7.652791050472118,0.036462217569351196,2671730.5,2977683.5
1172000,0,0.012530000000000001,0.012645562489827511,0.5094702243804932,0.003209852799773216,0.0005269581917673349,0.00010004285722970962,0.07697630673646927,7.729105402924873,0.051771774888038635,2675670.25,2973817.5
1174000,0,0.012530000000000001,0.012645562489827511,0.5085086822509766,0.003155533224344253,0.0005149073898792267,0.00010053121950477361,0.07627847045660019,7.806081717111923,0.03646228089928627,2679629.5,2969914.5
1176000,0,0.012530000000000001,0.012645542621612549,0.5075777173042297,0.003149216249585152,0.0005040897987782956,9.606987005099653e-05,0.07657574117183685,7.882360239722587,0.03646222501993179,2683508.5,2966167.0
1178000,0,0.012530000000000001,0.012645542621612549,0.5067045092582703,0.0031488653272390365,0.0004958491306751966,8.996479446068406e-05,0.07751975208520889,7.958936092653133,0.036490488797426224,2687201.0,2962693.0
1180000,0,0.012530000000000001,0.012645542621612549,0.5058821439743042,0.0031503900885581967,0.0004902360029518604,8.585823234170675e-05,0.0773538127541542,8.03645581493602,0.03649033233523369,2690695.5,2959427.0
1182000,0,0.012530000000000001,0.012645542621612549,0.5050964951515198,0.0031504448503255843,0.0004867115523666144,7.99239962361753e-05,0.07820068299770355,8.113809612789012,0.036462754011154175,2693990.25,2956280.25
1184000,0,0.012530000000000001,0.01264550288518268,0.5043372511863708,0.003141346201300621,0.0004916294477880001,8.023291593417525e-05,0.07888095825910568,8.192010236182071,0.036490462720394135,2697151.25,2953220.5
1186000,0,0.012530000000000001,0.01264550288518268,0.5035761594772339,0.003131292015314102,0.0005012735724449158,8.089164621196687e-05,0.07912246137857437,8.270891172089435,0.03649052977561951,2700315.0,2950149.5
1188000,0,0.012530000000000001,0.01264550288518268,0.5028115510940552,0.00312592014670372,0.0005036030896008014,8.09750927146524e-05,0.07902765274047852,8.350013730325557,0.03649049997329712,2703488.75,2947067.25
1190000,0,0.012530000000000001,0.012645542621612549,0.5020486116409302,0.003129087761044502,0.0005115941632539034,8.045059512369334e-05,0.07913821935653687,8.429041368164874,0.036490585654973984,2706649.75,2943975.5
1192000,0,0.012530000000000001,0.012645522753397642,0.5012807250022888,0.0031236836686730383,0.000520537979900837,8.032987243495881e-05,0.07875148952007294,8.508179624774314,0.036490265280008316,2709767.75,2940826.25
1194000,0,0.012530000000000001,0.012645522753397642,0.5005119442939758,0.0031038239598274227,0.0005283249076455831,8.365518297068775e-05,0.07789724320173264,8.58693115899787,0.036490410566329956,2712831.5,2937619.5
1196000,0,0.012530000000000001,0.01264550288518268,0.499701589345932,0.0030975367873907087,0.0005407052580267191,8.763952064327896e-05,0.07738805562257767,8.6648283649467,0.03649039939045906,2716125.0,2934297.5
1198000,0,0.012530000000000001,0.012645542621612549,0.49884647130966187,0.0031019764021039007,0.0005565762985497713,9.079664596356452e-05,0.07652242481708527,8.74221644292102,0.03649039939045906,2719593.5,2930791.75
1200000,0,0.012530000000000001,0.012645582358042418,0.49796971678733826,0.003106849081814289,0.0005681795533746481,9.3214021762833e-05,0.07564199715852737,8.818738904991008,0.03649052232503891,2723156.25,2927200.75
1202000,0,0.012530000000000001,0.012645582358042418,0.49708765745162964,0.0031063860282301904,0.0005780816543847322,9.349181200377642e-05,0.0752662867307663,8.894380887248374,0.03649052232503891,2726790.75,2923632.0
1204000,0,0.012530000000000001,0.012645522753397642,0.49620142579078674,0.003110869787633419,0.0005824465770274401,9.4475201331079e-05,0.07510155439376831,8.969647144176818,0.0364905521273613,2730481.75,2920075.5
1206000,0,0.012530000000000001,0.012645522753397642,0.4953064024448395,0.0031038841232657434,0.0005861029028892517,9.460147120989859e-05,0.07518772035837173,9.044748668768264,0.03649044409394264,2734218.25,2916499.75
1208000,0,0.012530000000000001,0.012645483016967773,0.49440160393714905,0.0030937202274799345,0.0005968800745904445,9.534611599519849e-05,0.07523036003112793,9.1199364412807,0.036490462720394135,2737985.0,2912874.75
1210000,0,0.012530000000000001,0.012645483016967773,0.4934791624546051,0.0030976317822933195,0.0006074623670428991,9.757927036844193e-05,0.07504286617040634,9.19516671190486,0.03649042919278145,2741852.75,2909200.0
1212000,0,0.012530000000000001,0.012645483016967773,0.4925260841846466,0.0031004292890429493,0.0006170864682644605,0.0001013620407320559,0.07479756325483322,9.27020949611888,0.036512456834316254,2745886.0,2905445.0
1214000,0,0.012530000000000001,0.012645483016967773,0.49154841899871826,0.003093273378908634,0.0006194281857460737,0.00010168340522795916,0.0747734010219574,9.345007029571391,0.03649050369858742,2750050.0,2901608.25
1216000,0,0.012530000000000001,0.012645483016967773,0.49058324098587036,0.003090193122625351,0.0006382755003869533,9.930919623002409e-05,0.074546679854393,9.419780430593349,0.036490485072135925,2754039.25,2897712.5
1218000,0,0.012530000000000001,0.012645483016967773,0.48960983753204346,0.003092294186353683,0.0006251093931496143,0.000104580691549927,0.07424210011959076,9.494327058293678,0.03649037703871727,2758103.75,2893816.75
1220000,0,0.012530000000000001,0.012645483016967773,0.4885901212692261,0.0031064722687005994,0.0006136568263173102,0.00010738526470959187,0.07464700192213058,9.568569128610946,0.03649042174220085,2762538.5,2889887.0
1222000,0,0.012530000000000001,0.012645582358042418,0.4875950813293457,0.0031055632978677747,0.0005853604059666395,0.00010049607371911406,0.07594586163759232,9.643216108181335,0.036490365862846375,2766810.75,2885986.25
1224000,0,0.012530000000000001,0.012645582358042418,0.48668038845062256,0.0030912470072507856,0.0005479647312313317,8.917304221540689e-05,0.0769755020737648,9.719162029423572,0.03649051487445831,2770618.75,2882286.5
1226000,0,0.012530000000000001,0.012645582358042362,0.48588240146636963,0.0030807957053184507,0.0005036983173340559,7.994942716322839e-05,0.07842014729976654,9.79613744954095,0.03649042174220085,2774070.0,2879146.0
1228000,0,0.012530000000000001,0.012645542621612549,0.4851735532283783,0.003078758716583252,0.00048020286485552785,7.41157098673284e-05,0.08025956898927689,9.87455763409362,0.03649042174220085,2777239.25,2876447.5
1230000,0,0.012530000000000001,0.012645542621612549,0.48451292514801025,0.003081727959215641,0.00047024618834257126,6.998536409810185e-05,0.08149178326129913,9.954817091324188,0.036490462720394135,2780194.0,2873930.25
1232000,0,0.012910000000000001,0.01302570104598999,0.4835299253463745,0.0030851017683744433,0.00048771235160529616,8.642129250802098e-05,0.08260131627321243,10.036308852233745,0.03641717508435249,2786515.0,2871297.0
1234000,0,0.012910000000000001,0.013025621573130308,0.48278358578681946,0.0030831729993224142,0.0004755167290568352,7.861034828238188e-05,0.08294149488210678,10.118910161056377,0.03643934056162834,2789900.5,2868492.5
1236000,0,0.012910000000000001,0.013025621573130308,0.4820766746997833,0.003087194822728634,0.00047200075350701805,7.517007179558277e-05,0.08384201675653458,10.201851641037322,0.03644457086920738,2792968.5,2865723.25
1238000,0,0.012910000000000001,0.013025621573130308,0.4813971519470215,0.003088984079658985,0.00046081976033747197,6.996664451435207e-05,0.08505829423666,10.285693762101985,0.03643921762704849,2795872.75,2863020.5
1240000,0,0.012910000000000001,0.013025561968485477,0.4807620346546173,0.0030925119295716285,0.00045514958910644057,6.774420035071671e-05,0.08571774512529373,10.370752048888065,0.036422546952962875,2798615.75,2860511.75
1242000,0,0.012910000000000001,0.01302558183670044,0.4801366925239563,0.003096097521483898,0.0004559129476547241,6.802118150517344e-05,0.08588358014822006,10.456469853618003,0.03643917664885521,2801310.75,2858052.5
1244000,0,0.012910000000000001,0.01302558183670044,0.4795122742652893,0.0030929362401366234,0.00045603727921843533,6.860355497337878e-05,0.08610022068023682,10.5423534039639,0.036439359188079834,2803991.5,2855583.0
1246000,0,0.012910000000000001,0.01302558183670044,0.4788704812526703,0.0030923275277018546,0.00046629481948912144,7.174841011874378e-05,0.08704154193401337,10.628453579940654,0.03643914684653282,2806759.5,2853062.0
1248000,0,0.012910000000000001,0.013025561968485477,0.4781912863254547,0.0030900942161679267,0.0004728663712739944,7.476451573893428e-05,0.08663308620452881,10.715495039918281,0.03644455596804619,2809723.0,2850429.25
1250000,0,0.012910000000000001,0.013025561968485477,0.4774843454360962,0.0030913697555661197,0.00048778993077576156,7.773352554067968e-05,0.08673718571662903,10.802128059067584,0.03643926605582237,2812777.75,2847671.75
1252000,0,0.012910000000000001,0.013025561968485477,0.4767391085624695,0.0030961524695158004,0.0004935966804623604,8.131006034091115e-05,0.0862930566072464,10.888865214981891,0.03643917664885521,2815943.5,2844726.25
1254000,0,0.012910000000000001,0.013025561968485477,0.475978285074234,0.0030965639278292658,0.0004866620991379022,8.025004644878208e-05,0.08622031658887863,10.975158115126945,0.03643932566046715,2819061.5,2841604.0
1256000,0,0.012910000000000001,0.013025561968485477,0.4752182066440582,0.003098050691187382,0.0004942311905324459,8.151028887368739e-05,0.08567454665899277,11.06137837956176,0.036439213901758194,2822169.75,2838485.25
1258000,0,0.012910000000000001,0.013025561968485477,0.4744621813297272,0.0031023977324366567,0.00048169014044106004,7.871690904721617e-05,0.08599519729614258,11.147053008177139,0.036439355462789536,2825279.25,2835373.5
1260000,0,0.012910000000000001,0.01302558183670044,0.47374066710472107,0.003103674761950969,0.0004719431512057781,7.441345369443297e-05,0.08653386682271957,11.233048168220378,0.036439310759305954,2828255.75,2832386.25
1262000,0,0.012910000000000001,0.01302558183670044,0.4730769097805023,0.003110002540051937,0.00046329284086823466,6.876678089611233e-05,0.08822459727525711,11.319582079746581,0.036439165472984314,2831042.75,2829676.5
1264000,0,0.012910000000000001,0.01302558183670044,0.47246479988098145,0.0031110744923353193,0.0004556933883577585,6.431700894609093e-05,0.08913584798574448,11.407806662120677,0.03643927723169327,2833636.25,2827192.75
1266000,0,0.012910000000000001,0.01302558183670044,0.471883624792099,0.003117257356643677,0.0004510938189923763,6.163901416584849e-05,0.09019916504621506,11.496942457952358,0.03643924742937088,2836087.0,2824833.0
1268000,0,0.012910000000000001,0.013025601704915346,0.4713309109210968,0.0031189298257231707,0.00044670533388853074,5.814384203404188e-05,0.09030021727085114,11.587141608097411,0.03643928840756416,2838423.75,2822591.25
1270000,0,0.012910000000000001,0.013025601704915346,0.4708126187324524,0.0031218890100717547,0.0004403596743941307,5.5085140047594905e-05,0.08966647833585739,11.677441877522327,0.036439403891563416,2840603.0,2820483.0
1272000,0,0.012910000000000001,0.013025601704915346,0.4703214764595032,0.0031247314065694807,0.0004343780223280191,5.226436187513173e-05,0.0902334526181221,11.76710829625354,0.03643934801220894,2842647.25,2818469.0
1274000,0,0.012910000000000001,0.013025522232055664,0.4698493182659149,0.003123337216675282,0.00042993458919227123,5.089187761768698e-05,0.0912044569849968,11.857341704168178,0.03643934428691864,2844590.0,2816517.75
1276000,0,0.012910000000000001,0.013025522232055664,0.46938222646713257,0.003120408952236175,0.00042521893046796325,4.972267779521644e-05,0.09180019050836563,11.948546138801433,0.03641735762357712,2846483.0,2814573.5
1278000,0,0.012910000000000001,0.013025522232055664,0.46892428398132324,0.003119804337620735,0.0004244238138198853,4.888268304057419e-05,0.0925368145108223,12.040346388914443,0.03644457086920738,2848365.75,2812686.25
1280000,0,0.012910000000000001,0.013025522232055664,0.46847572922706604,0.00311698280274868,0.0004238810390233993,4.8342577065341176e-05,0.09295172989368439,12.132883151271201,0.036439284682273865,2850225.0,2810849.5
1282000,0,0.012910000000000001,0.013025522232055664,0.4680342674255371,0.0031133100390434263,0.00042291521094739437,4.781694151461125e-05,0.09301155805587769,12.225834873714305,0.03644471615552902,2852066.0,2809058.0
1284000,0,0.012910000000000001,0.013025522232055664,0.4675943851470947,0.003112216293811798,0.00042255022563040254,4.8623999464325604e-05,0.09434893727302551,12.318846469023086,0.036439236253499985,2853922.5,2807293.5
1286000,0,0.012910000000000001,0.013025522232055664,0.4671367406845093,0.0031134383752942085,0.0004304942674934864,5.124482559040189e-05,0.09524185210466385,12.413195458450176,0.036439284682273865,2855914.0,2805513.0
1288000,0,0.012910000000000001,0.01302558183670044,0.46662792563438416,0.00311370100826025,0.00044794371351599695,5.8638781774789094e-05,0.09564872831106186,12.508437280752517,0.03643935173749924,2858159.5,2803568.75
1290000,0,0.012910000000000001,0.01302558183670044,0.466024786233902,0.003105358220636844,0.0004805142991244793,7.115359767340124e-05,0.09480971843004227,12.604085986711837,0.036439213901758194,2860683.75,2801141.5
1292000,0,0.012910000000000001,0.013025621573130253,0.4653034508228302,0.003105857595801353,0.0004949190188199282,7.932258304208516e-05,0.09349577873945236,12.698895734944202,0.03643926605582237,2863564.75,2798109.25
1294000,0,0.012910000000000001,0.013025641441345215,0.46439889073371887,0.003104924410581589,0.000542237376794219,9.788629831746221e-05,0.09084358811378479,12.792391506233074,0.03643925487995148,2866903.75,2794141.25
1296000,0,0.012910000000000001,0.01302570104598999,0.46357420086860657,0.003094941936433315,0.0004789501894265413,7.208655588328839e-05,0.09135454148054123,12.883235131599761,0.036439310759305954,2870428.25,2790844.25
1298000,0,0.012910000000000001,0.01302570104598999,0.4629603326320648,0.003091699630022049,0.000456107035279274,6.469722720794379e-05,0.09354428201913834,12.97458964327798,0.03643927723169327,2873349.75,2788620.0
1300000,0,0.012910000000000001,0.013025820255279541,0.46240267157554626,0.0031345803290605545,0.00045240959152579305,5.99399209022522e-05,0.094759501516819,13.068133917846538,0.0364394336938858,2875954.75,2786583.5
1302000,0,0.012910000000000001,0.013026336828867613,0.4618571400642395,0.0030788801610469817,0.00044225300662219523,5.8326229918748134e-05,0.09601426124572754,13.162893434264518,0.03643937408924103,2878352.0,2784524.5
1304000,0,0.012910000000000001,0.013026336828867613,0.4613392949104309,0.0030761985108256336,0.00043533421121537684,5.404287367127835e-05,0.09653211385011673,13.258907695510246,0.036439329385757446,2880642.75,2782522.0
1306000,0,0.012910000000000001,0.013026336828867613,0.4608731269836426,0.0030763283371925353,0.0004293733276426792,4.8972637159749866e-05,0.09708993136882782,13.355439809360362,0.03643929213285446,2882656.25,2780671.75
1308000,0,0.012910000000000001,0.013026336828867613,0.4604431390762329,0.003075932711362839,0.0004247311502695084,4.6559618203900756e-05,0.09791190177202225,13.452529688575126,0.03643923997879028,2884480.0,2778940.25
1310000,0,0.012910000000000001,0.013026336828867613,0.46002063155174255,0.0030741048976778984,0.00042620194144546983,4.647167515940964e-05,0.09834486991167068,13.550441672303535,0.03643923997879028,2886259.75,2777235.75
1312000,0,0.013290000000000001,0.013406316439310673,0.45924898982048035,0.0030746905133128164,0.0004526544362306595,6.701413076370955e-05,0.09931688010692596,13.64878660927043,0.03639981150627136,2891594.5,2775245.25
1314000,0,0.013290000000000001,0.01340623696645099,0.45864880084991455,0.0030671332031488416,0.000457106763496995,6.655387696810066e-05,0.0999557375907898,13.748103467025615,0.03639979287981987,2894126.0,2772840.5
1316000,0,0.013290000000000001,0.01340623696645099,0.45799776911735535,0.0030660193413496015,0.0004712490364909172,7.320403819903732e-05,0.0989050343632698,13.848059249319888,0.0363997183740139,2896664.0,2770082.25
1318000,0,0.013290000000000001,0.013406256834665953,0.45726343989372253,0.003066159039735794,0.0004789052531123161,7.693502120673657e-05,0.09682104736566544,13.94696431348548,0.03639978915452957,2899466.75,2766927.0
1320000,0,0.013290000000000001,0.013406296571095766,0.45653924345970154,0.0030671671032905575,0.0004953478928655386,7.793631521053612e-05,0.09610413759946823,14.04378529379592,0.03639988601207733,2902394.75,2763935.25
1322000,0,0.013290000000000001,0.013406316439310728,0.45580196380615234,0.003067191131412983,0.0005193946883082389,8.022888214327395e-05,0.09702324867248535,14.139889461197711,0.036399830132722855,2905352.75,2760879.5
1324000,0,0.013290000000000001,0.013406296571095766,0.4550297260284424,0.0030657289549708366,0.0005306952632963657,7.959938375279307e-05,0.09502898156642914,14.236912739672519,0.03639991953969002,2908390.75,2757631.25
1326000,0,0.013290000000000001,0.013406296571095766,0.454253613948822,0.003050796315073967,0.0005167149938642979,7.77526875026524e-05,0.09370331466197968,14.331941683986045,0.03639982268214226,2911478.0,2754394.5
1328000,0,0.013290000000000001,0.013406316439310728,0.4535113573074341,0.0030514098703861236,0.0005004271864891052,7.712248479947448e-05,0.09432465583086014,14.42564493904338,0.03639978915452957,2914550.5,2751368.25
1330000,0,0.013290000000000001,0.013406256834665953,0.4528109133243561,0.0030479829758405684,0.0004741495940834284,7.223140564747154e-05,0.09575669467449188,14.519969557621337,0.03639974817633629,2917582.0,2748591.25
1332000,0,0.013290000000000001,0.01340623696645099,0.4521512985229492,0.003047295659780502,0.0004664365667849779,7.186896982602775e-05,0.09781332314014435,14.615726289548732,0.03639985993504524,2920474.25,2745951.75
1334000,0,0.013290000000000001,0.013406256834665953,0.45148056745529175,0.0030470045283436773,0.0004681110382080078,7.275783573277295e-05,0.09965332597494125,14.71353966484294,0.03639979660511017,2923319.0,2743220.25
1336000,0,0.013290000000000001,0.013406256834665953,0.45082253217697144,0.003049449436366558,0.00047091995365917684,6.981325568631292e-05,0.10033056139945984,14.813192901410915,0.03639976307749748,2926132.75,2740579.25
1338000,0,0.013290000000000001,0.013406256834665953,0.4501902163028717,0.0030625879764556883,0.00047992211766541005,6.840720307081938e-05,0.10182906687259674,14.9135235298656,0.036399759352207184,2928847.25,2738060.5
1340000,0,0.013290000000000001,0.013406256834665897,0.44955816864967346,0.0030676878988742827,0.000486470852047205,6.827323813922702e-05,0.102525494992733,15.015352581837035,0.03639976307749748,2931502.0,2735503.25
1342000,0,0.013290000000000001,0.013406316439310728,0.44890955090522766,0.003063548542559147,0.0005067359656095505,7.160907262004912e-05,0.10328265279531479,15.11787796507106,0.03639981523156166,2934178.0,2732841.75
1344000,0,0.013290000000000001,0.013406316439310728,0.44820624589920044,0.0030666796490550043,0.0005517975892871618,7.987238932400942e-05,0.1031975969672203,15.221160550811149,0.03639979660511017,2936969.0,2729884.25
1346000,0,0.013290000000000001,0.01340627670288086,0.44744157791137695,0.003062574565410614,0.0005677048582583665,8.044333662837744e-05,0.10160578787326813,15.324358080723144,0.03639987111091614,2939934.75,2726613.25
1348000,0,0.013290000000000001,0.013406336307525635,0.44665268063545227,0.003060511127114296,0.0005730922799557448,8.264243369922042e-05,0.10128730535507202,15.425963898398734,0.036399830132722855,2943047.75,2723279.5
1350000,0,0.013290000000000001,0.013406316439310728,0.4458464980125427,0.0030697805806994436,0.0005689737387001515,8.39427870232612e-05,0.10243036597967148,15.527251188852645,0.036399777978658676,2946250.0,2719892.25
1352000,0,0.013290000000000001,0.013406296571095766,0.44505056738853455,0.003079036995768547,0.0005653833039104938,8.435721974819899e-05,0.10409777611494064,15.629681614436961,0.03639984130859375,2949533.75,2716596.25
1354000,0,0.013290000000000001,0.013406316439310728,0.44426339864730835,0.003080199472606182,0.0005707596894353629,8.442623657174408e-05,0.1046750545501709,15.733779338397838,0.03639974072575569,2952854.25,2713397.5
1356000,0,0.013290000000000001,0.013406316439310728,0.4434695541858673,0.0030763175338506697,0.0005692527629435062,8.43397108837962e-05,0.10470930486917496,15.83845441529975,0.03639979660511017,2956170.25,2710140.75
1358000,0,0.013290000000000001,0.01340627670288086,0.44266635179519653,0.0030734322965145114,0.000570113817229867,8.452952606603503e-05,0.1043846532702446,15.943163712718345,0.036399777978658676,2959497.5,2706853.5
1360000,0,0.013290000000000001,0.01340627670288086,0.4418778419494629,0.003067076951265335,0.0005770896561443805,8.37738742120564e-05,0.10429483652114868,16.047548328735687,0.03639976680278778,2962828.5,2703676.75
1362000,0,0.013290000000000001,0.013406316439310728,0.4410843849182129,0.0030578436329960824,0.0005882585886865854,8.57593840919435e-05,0.10404586046934128,16.15184311310277,0.036399830132722855,2966161.25,2700473.0
1364000,0,0.013290000000000001,0.013406256834665953,0.4402671158313751,0.0030562780797481533,0.000592484651133418,8.767786785028874e-05,0.10400558263063431,16.255888884165145,0.03639979660511017,2969545.0,2697170.75
1366000,0,0.013290000000000001,0.01340627670288086,0.43942394852638245,0.0030503805726766584,0.0005964123178273439,8.978599216789006e-05,0.10510629415512085,16.35989445189462,0.03639990836381912,2973040.0,2693733.25
1368000,0,0.013290000000000001,0.013406296571095766,0.4385809600353241,0.0030515093356370923,0.0005999851506203413,8.969188202172518e-05,0.10574743151664734,16.46500076840148,0.036399874836206436,2976627.0,2690371.5
1370000,0,0.013290000000000001,0.013406336307525635,0.43774381279945374,0.003064480610191822,0.0006002893671393394,8.88042792212218e-05,0.10687539726495743,16.570748244621612,0.036399856209754944,2980218.0,2687052.0
1372000,0,0.013290000000000001,0.013406256834665953,0.43691757321357727,0.00305775199085474,0.0005939686670899391,8.718676981516183e-05,0.10729078203439713,16.677623589732505,0.03639977052807808,2983762.25,2683774.75
1374000,0,0.013290000000000001,0.013406296571095766,0.43610531091690063,0.0030558668076992035,0.0005914452951401471,8.652642136439682e-05,0.10769816488027573,16.784914319612838,0.03639986738562584,2987258.0,2680559.25
1376000,0,0.013290000000000001,0.013406256834665953,0.4353056252002716,0.003054520860314369,0.0005815687589347362,8.523288997821509e-05,0.108922079205513,16.892612514295436,0.03639979287981987,2990730.25,2677399.0
1378000,0,0.013290000000000001,0.01340627670288086,0.43452802300453186,0.0030539980158209796,0.000579768419265747,8.311087731271981e-05,0.10898441821336746,17.00153460095153,0.03639985993504524,2994143.25,2674345.75
1380000,0,0.013290000000000001,0.013406256834665953,0.4337761104106903,0.0030514199286699297,0.000575757259503007,8.168405038304627e-05,0.1108974739909172,17.110518996813155,0.03639978915452957,2997478.75,2671401.25
1382000,0,0.013290000000000001,0.013406236966451046,0.433014839887619,0.0030534738674759866,0.0005761283449828625,8.303280919790267e-05,0.11130422353744507,17.221416396298267,0.03639982268214226,3000757.5,2668337.0
1384000,0,0.013290000000000001,0.01340627670288086,0.4322623014450073,0.003049621358513832,0.000573773356154561,7.98310968093574e-05,0.11305884271860123,17.33272058258281,0.03639978915452957,3004019.25,2665328.25
1386000,0,0.013290000000000001,0.013406256834665897,0.4315524697303772,0.003046225011348724,0.0005676475819200277,7.620011456310749e-05,0.11323503404855728,17.445779373147346,0.036399755626916885,3007172.5,2662547.75
1388000,0,0.013290000000000001,0.01340617736180627,0.43087276816368103,0.0030382897704839705,0.000563625991344452,7.377376314252614e-05,0.11347749084234238,17.559014444448806,0.03639986738562584,3010218.75,2659913.5
1390000,0,0.013290000000000001,0.013406217098236084,0.43020951747894287,0.0030414687469601633,0.0005589266307651997,7.263870211318135e-05,0.11460413783788681,17.672491890587665,0.036399904638528824,3013186.5,2657343.75
1392000,0,0.013670000000000002,0.013786256313323975,0.42926761507987976,0.003042350336909294,0.0005692147184163332,8.755266899242997e-05,0.1173580065369606,17.787096088030196,0.03636052832007408,3019604.0,2654760.25
1394000,0,0.013670000000000002,0.013786256313323975,0.4285627007484436,0.0030405860394239425,0.0005523288156837225,7.458748295903206e-05,0.11925626546144485,17.904454169072963,0.036360546946525574,3023035.75,2652193.75
1396000,0,0.013670000000000002,0.013786256313323975,0.42792412638664246,0.0030394345521926876,0.0005453450139611959,7.069309940561652e-05,0.1201721727848053,18.02371044943557,0.036360371857881546,3026034.0,2649789.25
1398000,0,0.013670000000000002,0.013786276181538937,0.4272715449333191,0.0030357277020812037,0.000545663246884942,7.169003365561366e-05,0.1210264191031456,18.143882659473277,0.036360420286655426,3028864.75,2647178.25
1400000,0,0.013670000000000002,0.013786256313323975,0.42664259672164917,0.00304216593503952,0.0005364832002669572,6.602441426366568e-05,0.12187719345092773,18.26490915308223,0.0363604910671711,3031654.5,2644705.75
1402000,0,0.013670000000000002,0.013786236445109012,0.42607632279396057,0.0030469555407762524,0.000528503768146038,6.105235661379993e-05,0.12275862693786621,18.386786301829673,0.03636044263839722,3034295.0,2642568.25
1404000,0,0.013670000000000002,0.013786236445109012,0.4255445599555969,0.003054938279092312,0.0005266021471470594,5.8553327107802033e-05,0.12435141205787659,18.509545092680312,0.036360420286655426,3036771.75,2640557.0
1406000,0,0.013670000000000002,0.013786236445109012,0.42503637075424194,0.0030573636293411252,0.0005176219623535871,5.564244347624481e-05,0.12627215683460236,18.633896460034705,0.03636055439710617,3039145.75,2638622.0
1408000,0,0.013670000000000002,0.01378615697224933,0.4245520532131195,0.0030595889315009114,0.000510670617222786,5.4326065583154556e-05,0.12757524847984314,18.760168572165824,0.03636044263839722,3041391.5,2636776.5
1410000,0,0.013670000000000002,0.01378615697224933,0.42406025528907776,0.0030604388564825055,0.0005109763238579035,5.5711396271362894e-05,0.1291341483592987,18.887743790843345,0.03636041283607483,3043559.75,2634830.25
1412000,0,0.013670000000000002,0.013786236445109012,0.4235311448574066,0.003056323155760765,0.0005141225643455981,5.757392500527203e-05,0.12986314296722412,19.016877939202644,0.036360546946525574,3045733.75,2632649.75
1414000,0,0.013670000000000002,0.013786216576894161,0.4229830801486969,0.0030600834637880326,0.0005192733369767666,5.94033277593553e-05,0.13048461079597473,19.146741037466384,0.03636046126484871,3047947.5,2630347.5
1416000,0,0.013670000000000002,0.013786176840464293,0.42243486642837524,0.003066890314221382,0.0005310599692165852,5.7671481044963e-05,0.13029468059539795,19.277225812175132,0.0363604873418808,3050160.5,2628016.0
1418000,0,0.013670000000000002,0.013786216576894106,0.4218761920928955,0.0030727649107575414,0.0005359773989766836,5.838408833369613e-05,0.13023406267166138,19.40752049277053,0.036360327154397964,3052298.25,2625578.25
1420000,0,0.013670000000000002,0.013786176840464293,0.4213294982910156,0.0030755907297134394,0.0005279618315398693,5.825441330671311e-05,0.13204234838485718,19.537754451134063,0.03636043891310692,3054490.75,2623277.5
1422000,0,0.013670000000000002,0.013786216576894161,0.4208148419857025,0.0030781276524066924,0.0005193627439439297,5.477273371070623e-05,0.13476060330867767,19.66979679951892,0.036360450088977814,3056792.5,2621229.25
1424000,0,0.013670000000000002,0.013786176840464293,0.4203799366950989,0.003080298937857151,0.0005128874909132719,4.898706683889031e-05,0.13574281334877014,19.804557402827598,0.03636038675904274,3058986.25,2619664.5
1426000,0,0.013670000000000002,0.01378615697224933,0.4199776351451874,0.0030806532129645345,0.0005053993314504624,4.7412450658157465e-05,0.13708239793777466,19.940300216176368,0.03636040911078453,3060989.75,2618209.25
1428000,0,0.013670000000000002,0.013786216576894106,0.4195563793182373,0.0030865011736750598,0.0005064547061920166,4.886772949248552e-05,0.13692206144332886,20.077382673718787,0.036360420286655426,3062923.5,2616585.5
1430000,0,0.013670000000000002,0.013786296049753843,0.4191063642501831,0.00308388564735651,0.0005086315795779228,5.132693913765251e-05,0.1371874213218689,20.21430476496444,0.03636036068201065,3064870.0,2614780.0
1432000,0,0.013670000000000002,0.013786236445109068,0.4186122417449951,0.0030791394412517546,0.0005148462019860745,5.491386982612312e-05,0.13712626695632935,20.351492275693275,0.03636046499013901,3066883.5,2612730.25
1434000,0,0.013670000000000002,0.013786236445109068,0.41806459426879883,0.003079803846776485,0.0005289363209158183,6.150870467536151e-05,0.13673153519630432,20.48861848304496,0.036360543221235275,3069001.0,2610394.25
1436000,0,0.013670000000000002,0.013786256313323975,0.4174513816833496,0.003079667128622532,0.0005336457397788763,6.494985427707434e-05,0.1360187530517578,20.625349943735458,0.03636046499013901,3071285.5,2607731.0
1438000,0,0.013670000000000002,0.013786236445109068,0.4168139398097992,0.0030806832015514373,0.0005352812819182872,6.660146173089742e-05,0.1354934126138687,20.761368592479087,0.03636043146252632,3073722.0,2604997.25
1440000,0,0.013670000000000002,0.013786236445109068,0.4161783754825592,0.003085849806666374,0.0005396519787609577,6.693410687148571e-05,0.1347133219242096,20.896861960389472,0.036360494792461395,3076239.25,2602330.75
1442000,0,0.013670000000000002,0.01378631591796875,0.4155586063861847,0.0030836524441838265,0.0005356372334063053,6.556153530254959e-05,0.13534417748451233,21.03157538662181,0.03636044263839722,3078742.0,2599755.75
1444000,0,0.013670000000000002,0.013786276181538937,0.41494235396385193,0.0030844990164041516,0.0005342047195881605,6.389151094481348e-05,0.1372736543416977,21.166919564106323,0.036360424011945724,3081237.25,2597191.75
1446000,0,0.013670000000000002,0.013786236445109068,0.4143933951854706,0.0030856583267450327,0.0005263966973870993,5.748597322963178e-05,0.13946262001991272,21.304193158843375,0.036360371857881546,3083684.25,2595024.25
1448000,0,0.013670000000000002,0.013786216576894106,0.41391822695732117,0.0030909404158592224,0.000521403644233942,5.2409293130040165e-05,0.14210575819015503,21.443655644752837,0.036360397934913635,3085941.0,2593241.75
1450000,0,0.013670000000000002,0.013786216576894106,0.41349679231643677,0.0030822675675153733,0.0005112684331834316,4.708890919573605e-05,0.1443014144897461,21.58576126883254,0.03636053577065468,3088025.75,2591681.25
1452000,0,0.013670000000000002,0.01378631591796875,0.41313642263412476,0.003080691397190094,0.0005054494366049766,4.1369971586391334e-05,0.14633317291736603,21.730062608816482,0.036360353231430054,3089931.5,2590403.25
1454000,0,0.013670000000000002,0.013786236445109068,0.4128221571445465,0.0030794017016887664,0.000494829984381795,3.752665943466127e-05,0.14905062317848206,21.876395751931526,0.03636039420962334,3091652.75,2589311.25
1456000,0,0.013670000000000002,0.013786296049753788,0.4125419557094574,0.003080032207071781,0.0004897884558886289,3.382298455107957e-05,0.15098653733730316,22.025446479418136,0.03636033087968826,3093216.5,2588346.25
1458000,0,0.013670000000000002,0.013786256313323975,0.41228538751602173,0.003076195530593395,0.00048398231156170367,3.1755375675857064e-05,0.15173092484474182,22.176432927348472,0.03636050596833229,3094674.5,2587485.0
1460000,0,0.013670000000000002,0.013786176840464293,0.41204631328582764,0.0030725136399269103,0.00047442275099456315,2.9116508085280656e-05,0.15354464948177338,22.328163747885085,0.036360498517751694,3096012.5,2586672.5
1462000,0,0.013670000000000002,0.013786256313323975,0.41181835532188416,0.0030709927901625632,0.0004702656529843807,2.776972542051226e-05,0.15255507826805115,22.48170842716918,0.03636057674884796,3097244.5,2585882.75
1464000,0,0.013670000000000002,0.013786216576894106,0.41159936785697937,0.0030695257708430288,0.00046525914222002025,2.6584931765682997e-05,0.15317010879516602,22.634263520338394,0.036360420286655426,3098405.25,2585114.25
1466000,0,0.013670000000000002,0.013786296049753788,0.41138407588005066,0.0030690081417560577,0.0004633102566003799,2.5645893765613435e-05,0.15372519195079803,22.787433658935882,0.03636065870523453,3099516.25,2584345.75
1468000,0,0.013670000000000002,0.013786256313323975,0.41117238998413086,0.0030682031065225597,0.00046337381936609743,2.4586523068137467e-05,0.15400375425815582,22.941158806183196,0.03636038675904274,3100553.5,2583558.5
1470000,0,0.013670000000000002,0.013786256313323975,0.4109536111354828,0.003066956624388695,0.0004653748124837875,2.5374451070092615e-05,0.1550782173871994,23.095162456133224,0.036360397934913635,3101557.25,2582711.75
1472000,0,0.014050000000000002,0.014166295528411865,0.4104149639606476,0.0030713845044374466,0.000481992494314909,4.5394513290375474e-05,0.156821146607399,23.250240658619262,0.036327213048934937,3106114.75,2581553.75
1474000,0,0.014050000000000002,0.014166156450907352,0.41003891825675964,0.0030729468911886216,0.00048128268681466577,4.096086195204407e-05,0.15816138684749603,23.407061760523177,0.03632725402712822,3107907.5,2580144.75
1476000,0,0.014050000000000002,0.014166216055552128,0.4096566140651703,0.003071259707212448,0.00047845630906522273,4.002553469035774e-05,0.1594165712594986,23.565223251678802,0.03632117062807083,3109557.25,2578593.5
1478000,0,0.014050000000000002,0.014166216055552128,0.40932467579841614,0.0030718209221959115,0.00047252052463591103,3.514867275953293e-05,0.1612369865179062,23.724639971949912,0.03632715716958046,3111154.0,2577320.0
1480000,0,0.014050000000000002,0.014166216055552128,0.40906018018722534,0.0030720869079232213,0.00047085122205317017,2.8849014779552817e-05,0.163995161652565,23.885876883962013,0.03632725775241852,3112564.75,2576380.75
1482000,0,0.014050000000000002,0.014166216055552128,0.40883272886276245,0.0030707646161317824,0.00047008111141622066,2.525155432522297e-05,0.16498661041259766,24.049872120120384,0.03632722049951553,3113779.5,2575583.75
1484000,0,0.014050000000000002,0.014166116714477539,0.40862250328063965,0.0030694084241986276,0.0004667708184570074,2.377218334004283e-05,0.16501262784004211,24.21485870073066,0.03632696717977524,3114874.0,2574828.0
1486000,0,0.014050000000000002,0.014166156450907352,0.40842029452323914,0.0030674902722239495,0.0004657686222344637,2.3192311346065253e-05,0.1658330112695694,24.379871358373023,0.03632728010416031,3115895.75,2574092.5
1488000,0,0.014050000000000002,0.014166156450907352,0.4082202911376953,0.0030658811330795286,0.00046823895536363125,2.2624304983764886e-05,0.16649840772151947,24.545704295136787,0.03632713109254837,3116871.75,2573344.0
1490000,0,0.014050000000000002,0.014166176319122314,0.40802210569381714,0.0030627084895968435,0.00046700495295226574,2.184103796025738e-05,0.16713625192642212,24.71220274756179,0.03632710874080658,3117819.5,2572597.25
1492000,0,0.014050000000000002,0.014166176319122314,0.4078325033187866,0.0030602585524320603,0.00047052539885044097,2.070884365821257e-05,0.16669721901416779,24.879338910081245,0.036327213048934937,3118737.25,2571891.75
1494000,0,0.014050000000000002,0.014166176319122314,0.4076557457447052,0.003060876205563545,0.00047375885769724847,1.9570165022742e-05,0.16662617027759552,25.046036188700057,0.03632717207074165,3119612.5,2571248.75
1496000,0,0.014050000000000002,0.014166176319122314,0.40748441219329834,0.0030661311000585553,0.0004744346719235182,1.896666217362508e-05,0.16683587431907654,25.212662388779975,0.03632715716958046,3120464.25,2570622.75
1498000,0,0.014050000000000002,0.014166176319122314,0.40732452273368835,0.003063706308603287,0.0004806876648217439,1.7050658061634746e-05,0.1661592274904251,25.379498397209503,0.03632722049951553,3121245.0,2570040.25
1500000,0,0.014050000000000002,0.014166136582692501,0.4071665108203888,0.003063404560089111,0.0004822865594178438,1.6815726121421902e-05,0.1661723107099533,25.545657684304572,0.036327067762613297,3121998.75,2569457.0
1502000,0,0.014050000000000002,0.014166216055552183,0.4070059359073639,0.003061497025191784,0.00047806142829358577,1.9110612629447133e-05,0.16644972562789917,25.711829995014526,0.03632696717977524,3122755.75,2568853.75
1504000,0,0.014050000000000002,0.014166216055552183,0.4068308174610138,0.0030608244240283968,0.00047441571950912476,2.0846223924309013e-05,0.16736865043640137,25.87827966103778,0.03632708638906479,3123605.0,2568208.0
1506000,0,0.014050000000000002,0.014166216055552183,0.4066460430622101,0.003062266483902931,0.0004731837660074234,2.1628809918183833e-05,0.16771984100341797,26.045648326375343,0.036327071487903595,3124504.5,2567527.25
1508000,0,0.014050000000000002,0.014166216055552183,0.4064565598964691,0.0030635138973593708,0.00047438335604965687,2.1839317923877385e-05,0.16805925965309143,26.213368182279922,0.03632717207074165,3125418.0,2566825.0
1510000,0,0.014050000000000002,0.014166216055552183,0.40626126527786255,0.003061181306838989,0.00047350684180855754,2.3901772510726006e-05,0.16847972571849823,26.381427605845786,0.03632707521319389,3126374.75,2566111.0
1512000,0,0.014050000000000002,0.014166216055552183,0.40605685114860535,0.0030594557523727414,0.00047130724415183066,2.470033359713852e-05,0.16890351474285126,26.549907182552673,0.03632720187306404,3127385.25,2565377.75
1514000,0,0.014050000000000002,0.014166216055552183,0.4058459997177124,0.0030568290501832964,0.0004690093919634819,2.4536438286304473e-05,0.16970756649971008,26.718810801603652,0.03632715344429016,3128406.25,2564595.25
1516000,0,0.014050000000000002,0.014166216055552183,0.4056326746940613,0.0030543472617864604,0.0004663197789341211,2.442727272864431e-05,0.1693200021982193,26.88851821909175,0.036327265202999115,3129422.25,2563794.0
1518000,0,0.014050000000000002,0.014166216055552183,0.40541717410087585,0.003053615055978298,0.0004650870338082314,2.4211259733419867e-05,0.17011798918247223,27.057838265993453,0.03632712736725807,3130426.0,2562966.25
1520000,0,0.014050000000000002,0.014166216055552183,0.4052015244960785,0.0030582189559936524,0.00048040687106549736,2.3384303494822232e-05,0.17039237916469574,27.227956150867797,0.03632126748561859,3131377.5,2562085.0
1522000,0,0.014050000000000002,0.014166216055552183,0.4049854874610901,0.00304808784276247,0.00046844980679452416,2.541661378927529e-05,0.16919541358947754,27.39834861943946,0.036327067762613297,3132361.75,2561273.25
1524000,0,0.014050000000000002,0.014166216055552183,0.4047606289386749,0.0030446693301200865,0.000465316092595458,2.4664236116223036e-05,0.1691674441099167,27.5675440479301,0.036327168345451355,3133391.25,2560408.5
1526000,0,0.014050000000000002,0.014166216055552183,0.40453532338142395,0.0030451517552137373,0.0004679953213781118,2.3904192494228484e-05,0.16971200704574585,27.736711506941177,0.03632714971899986,3134378.5,2559510.75
1528000,0,0.014050000000000002,0.014166216055552183,0.40431228280067444,0.0030416801571846006,0.00046955421566963196,2.4572425172664224e-05,0.1702743023633957,27.906423633196212,0.03632713109254837,3135331.0,2558607.75
1530000,0,0.014050000000000002,0.014166216055552183,0.4040859341621399,0.003033931367099285,0.0004644701723009348,2.5235090288333594e-05,0.17021629214286804,28.076697771646835,0.03632700443267822,3136334.75,2557721.75
1532000,0,0.014050000000000002,0.014166216055552183,0.4038579761981964,0.0030281238257884977,0.00046187345869839195,2.485631266608834e-05,0.17008760571479797,28.246914078690864,0.03632703796029091,3137359.25,2556833.25
1534000,0,0.014050000000000002,0.014166216055552183,0.4036306142807007,0.003023356571793556,0.00046101249754428866,2.448817831464112e-05,0.17020770907402039,28.417001609899856,0.03632710874080658,3138362.5,2555936.25
1536000,0,0.014050000000000002,0.014166255791982052,0.40340423583984375,0.0030194008722901344,0.0004611210431903601,2.3834304010961203e-05,0.17026473581790924,28.58720936367736,0.036326948553323746,3139346.5,2555039.0
1538000,0,0.014050000000000002,0.014166255791982052,0.4031810462474823,0.0030154762789607044,0.00046250326558947566,2.3441291705239565e-05,0.17003664374351501,28.757474069692947,0.036321189254522324,3140320.25,2554144.0
1540000,0,0.014050000000000002,0.014166255791982052,0.4029597043991089,0.0030116491019725796,0.00046112840063869956,2.330865681869909e-05,0.16985678672790527,28.927510624029495,0.036327093839645386,3141279.0,2553261.0
1542000,0,0.014050000000000002,0.014166255791982052,0.4027400314807892,0.00300843995064497,0.00046093445271253584,2.3393663286697117e-05,0.1698165386915207,29.097367574670173,0.036327049136161804,3142234.0,2552384.75
1544000,0,0.014050000000000002,0.014166216055552183,0.4025217890739441,0.0030016889795660973,0.00046309083700180054,2.3296615108847617e-05,0.16966621577739716,29.267184038855888,0.0363270565867424,3143179.25,2551513.25
1546000,0,0.014050000000000002,0.014166216055552183,0.40230265259742737,0.0029948368668556214,0.00046320287510752677,2.2925625671632588e-05,0.16950896382331848,29.436850239732124,0.03632693737745285,3144131.0,2550643.5
1548000,0,0.014050000000000002,0.014166255791982052,0.4020856022834778,0.002989067509770393,0.000463138660416007,2.2980540234129875e-05,0.16928666830062866,29.606359263160087,0.0363270603120327,3145072.25,2549779.5
1550000,0,0.014050000000000002,0.014166255791982052,0.40187132358551025,0.002983935922384262,0.0004643273539841175,2.2197249927558004e-05,0.16892780363559723,29.775645812251426,0.036327023059129715,3146001.75,2548925.0
1552000,0,0.014430000000000002,0.014546215534210205,0.4013783633708954,0.0029833311215043067,0.00047711785882711407,3.937119618058204e-05,0.1702612340450287,29.944573496677734,0.03628742694854736,3150396.0,2547916.75
1554000,0,0.014430000000000002,0.014546175797780392,0.4010789692401886,0.0029782166704535483,0.00047643282450735567,3.167224931530654e-05,0.17060916125774384,30.11483480522857,0.036287516355514526,3151945.0,2546846.5
1556000,0,0.014430000000000002,0.014546295007069887,0.400809109210968,0.0029783058911561967,0.00047574974596500393,2.922731218859553e-05,0.17049410939216614,30.285443877079345,0.03628745302557945,3153257.0,2545832.75
1558000,0,0.014430000000000002,0.014546215534210205,0.40055131912231445,0.0029737481847405436,0.00047897337935864925,2.7917962870560584e-05,0.1709803193807602,30.455938254692413,0.03628738969564438,3154489.25,2544869.25
1560000,0,0.014430000000000002,0.014546215534210205,0.4003005623817444,0.002975265495479107,0.00048345834948122497,2.4073178065009414e-05,0.17112374305725098,30.626918380358077,0.036287520080804825,3155676.25,2543931.25
1562000,0,0.014430000000000002,0.014546255270640074,0.400071918964386,0.0029728904366493223,0.0004901099484413862,2.359299542149529e-05,0.17007283866405487,30.79804227242694,0.03628743439912796,3156712.0,2543058.75
1564000,0,0.014430000000000002,0.014546255270640074,0.3998471200466156,0.002978219278156757,0.0004980653058737517,2.3874490580055863e-05,0.16898059844970703,30.968115215399123,0.036287419497966766,3157776.75,2542228.75
1566000,0,0.014430000000000002,0.014546255270640074,0.39962515234947205,0.002964494377374649,0.0004964282270520926,2.4403024872299282e-05,0.1684264987707138,31.137095858552314,0.03628752380609512,3158835.5,2541412.0
1568000,0,0.014430000000000002,0.014546334743499756,0.39939892292022705,0.0029571836814284323,0.0004970949608832598,2.4058907001744956e-05,0.16835235059261322,31.3055222530149,0.03628737851977348,3159880.25,2540557.75
1570000,0,0.014430000000000002,0.014546295007069943,0.3991721570491791,0.0029544029384851456,0.0004965147469192742,2.4697594926692546e-05,0.16835522651672363,31.473874782421447,0.03628747910261154,3160909.5,2539686.0
1572000,0,0.014430000000000002,0.014546295007069943,0.3989437222480774,0.0029605990275740623,0.0005043188109993934,2.2066794917918743e-05,0.16804231703281403,31.642229964234687,0.036287520080804825,3161935.0,2538798.5
1574000,0,0.014430000000000002,0.014546255270640074,0.39872270822525024,0.00295187309384346,0.000504870293661952,2.4256264441646633e-05,0.16667301952838898,31.81027214715705,0.03628747910261154,3162904.75,2537947.75
1576000,0,0.014430000000000002,0.014546334743499756,0.398486465215683,0.002950737439095974,0.0004980334546416998,2.7982855681329965e-05,0.16639435291290283,31.97694506237731,0.03628747910261154,3163992.5,2537047.0
1578000,0,0.014430000000000002,0.014546414216359438,0.3982372283935547,0.002947067841887474,0.0004976619500666856,2.8321726131252944e-05,0.16681507229804993,32.14333937058673,0.036287397146224976,3165155.5,2536105.25
1580000,0,0.014430000000000002,0.014546414216359438,0.3979824185371399,0.002944288961589336,0.0004952677059918642,2.8992060106247663e-05,0.1676674783229828,32.31015442798362,0.03628742694854736,3166346.0,2535136.0
1582000,0,0.014430000000000002,0.014546414216359438,0.39772161841392517,0.0029426081106066703,0.0004894791636615992,2.9784464277327058e-05,0.16871879994869232,32.47782178709731,0.03628752380609512,3167556.5,2534131.5
1584000,0,0.014430000000000002,0.014546414216359438,0.39745524525642395,0.0029422637075185777,0.0004857865627855062,3.059350710827857e-05,0.17019112408161163,32.64654054234252,0.03628750517964363,3168783.25,2533097.25
1586000,0,0.014430000000000002,0.014546414216359438,0.39718273282051086,0.0029427744448184967,0.0004824674222618341,3.0847833841107786e-05,0.17097830772399902,32.816731696226455,0.0362875796854496,3170028.0,2532034.25
1588000,0,0.014430000000000002,0.014546414216359438,0.39690926671028137,0.0029432855546474455,0.00048102894797921183,3.0312099261209367e-05,0.17052091658115387,32.987709884741165,0.036287419497966766,3171270.25,2530959.25
1590000,0,0.014430000000000002,0.014546374479929625,0.39663514494895935,0.002944168634712696,0.00047803930938243865,3.0446730670519172e-05,0.171075239777565,33.15823095033393,0.03628750517964363,3172498.0,2529879.75
1592000,0,0.014430000000000002,0.014546414216359438,0.3963586986064911,0.0029448423534631724,0.0004750135820358991,3.0468791374005376e-05,0.17112019658088684,33.32930627951846,0.03628747910261154,3173722.25,2528773.0
1594000,0,0.014430000000000002,0.014546453952789307,0.39608171582221985,0.0029463060200214386,0.0004710312467068434,3.046465863008052e-05,0.17019908130168915,33.50042649100051,0.036287352442741394,3174938.25,2527657.25
1596000,0,0.014430000000000002,0.014546414216359438,0.3958054482936859,0.0029469745233654974,0.00046918671578168866,3.048024955205619e-05,0.17078858613967896,33.6706255723022,0.036287494003772736,3176146.5,2526542.5
1598000,0,0.014430000000000002,0.014546414216359438,0.39553090929985046,0.002948617562651634,0.00046832668595016,3.0264491215348244e-05,0.1704133301973343,33.84141421804652,0.036287400871515274,3177344.25,2525434.25
1600000,0,0.014430000000000002,0.014546414216359438,0.3952581584453583,0.002951857447624207,0.0004684068728238344,3.003637830261141e-05,0.1701345145702362,34.01182742903457,0.036287616938352585,3178528.5,2524329.0
1602000,0,0.014430000000000002,0.014546453952789307,0.39498597383499146,0.0029552800580859187,0.00047314749099314213,3.118258318863809e-05,0.16967453062534332,34.18196189890132,0.03628752380609512,3179708.5,2523226.25
1604000,0,0.014430000000000002,0.014546453952789307,0.39470967650413513,0.002951984293758869,0.00046703903935849664,3.029828076250851e-05,0.16960959136486053,34.35163636992202,0.03628741577267647,3180927.0,2522124.5
1606000,0,0.014430000000000002,0.014546453952789307,0.3944350779056549,0.002954569086432457,0.0004653924144804478,2.9497145442292093e-05,0.16890962421894073,34.521245886781074,0.036287497729063034,3182126.75,2521022.0
1608000,0,0.014430000000000002,0.014546453952789307,0.3941635489463806,0.002955598384141922,0.0004638123791664838,2.906971494667232e-05,0.16857701539993286,34.69015554080234,0.03628740832209587,3183295.0,2519916.5
1610000,0,0.014430000000000002,0.014546453952789307,0.3938944935798645,0.0029574321582913395,0.00046162647195160386,2.913209900725633e-05,0.16834673285484314,34.858732481696464,0.036287400871515274,3184449.5,2518817.75
1612000,0,0.014430000000000002,0.014546374479929625,0.3936258852481842,0.0029577955603599547,0.0004609098192304373,2.9119403916411105e-05,0.168855220079422,35.02707927415595,0.03628748282790184,3185587.0,2517717.0
1614000,0,0.014430000000000002,0.014546374479929625,0.39335769414901733,0.002957798168063164,0.00046069812960922716,2.9089624877087773e-05,0.16861413419246674,35.19593446443305,0.03628755360841751,3186717.5,2516612.75
1616000,0,0.014430000000000002,0.014546453952789307,0.3930908441543579,0.0029577873647212982,0.000461838161572814,2.8752125217579305e-05,0.1686820238828659,35.36454853902087,0.036287542432546616,3187835.5,2515508.25
1618000,0,0.014430000000000002,0.014546414216359438,0.3928254544734955,0.002958134189248085,0.00045771948061883454,2.8201061650179326e-05,0.16862770915031433,35.53323044369445,0.03628741204738617,3188936.75,2514405.5
1620000,0,0.014430000000000002,0.014546414216359493,0.39256027340888977,0.0029575707390904426,0.000455898093059659,2.795563486870378e-05,0.16883006691932678,35.701858167745925,0.036287494003772736,3190019.0,2513295.0
1622000,0,0.014430000000000002,0.014546453952789307,0.392293781042099,0.0029575886204838754,0.0004565699491649866,2.837984648067504e-05,0.16877643764019012,35.870688264467574,0.036287564784288406,3191090.75,2512171.75
1624000,0,0.014430000000000002,0.014546414216359493,0.392013818025589,0.0029568251222372053,0.00045915772207081316,3.036441921722144e-05,0.16837699711322784,36.039464702107765,0.036287397146224976,3192180.0,2510981.0
1626000,0,0.014430000000000002,0.014546414216359493,0.39170828461647034,0.002955464832484722,0.0004649043548852205,3.249765140935779e-05,0.1671808958053589,36.2078417737268,0.03628751263022423,3193319.75,2509659.25
1628000,0,0.014430000000000002,0.01454649368921912,0.3913777470588684,0.002956176735460758,0.0004679797682911157,3.4082776983268554e-05,0.16550731658935547,36.3750227291368,0.036287497729063034,3194528.0,2508217.75
1630000,0,0.014430000000000002,0.014546414216359493,0.39102527499198914,0.002959311380982399,0.00047144405543804164,3.547182423062623e-05,0.1636083573102951,36.54053004572616,0.036287445574998856,3195810.0,2506680.75
1632000,0,0.014810000000000002,0.014926373958587646,0.39040490984916687,0.0029647907242178915,0.0004901065025478601,5.2307976875454185e-05,0.16323637962341309,36.704138671257354,0.036242347210645676,3200573.75,2505002.75
1634000,0,0.014810000000000002,0.014926334222157778,0.3899870216846466,0.002965196780860424,0.00048444038257002827,4.3092333362437786e-05,0.16563360393047333,36.86737499127612,0.036242228001356125,3202537.5,2503371.25
1636000,0,0.014810000000000002,0.014926334222157778,0.3896176218986511,0.0029648145660758013,0.00047779860906302927,3.914924163836985e-05,0.1660858690738678,37.03300856540427,0.03624224290251732,3204219.5,2501901.0
1638000,0,0.014810000000000002,0.014926334222157778,0.3892737627029419,0.00296564195305109,0.0004737351555377245,3.700055822264403e-05,0.16610562801361084,37.19909427056537,0.03623776137828827,3205763.0,2500521.75
1640000,0,0.014810000000000002,0.014926334222157778,0.38894426822662354,0.002965337224304676,0.00047116619534790514,3.572952991817146e-05,0.16709063947200775,37.36519982407317,0.036237768828868866,3207226.5,2499197.0
1642000,0,0.014810000000000002,0.014926334222157778,0.38862335681915283,0.0029661085456609724,0.00046933116391301155,3.479361766949296e-05,0.16777946054935455,37.532290508248664,0.036242417991161346,3208630.5,2497898.25
1644000,0,0.014810000000000002,0.014926334222157778,0.38830745220184326,0.002966579794883728,0.0004691035021096468,3.424166934564709e-05,0.16780522465705872,37.70007008800731,0.036237794905900955,3209995.5,2496611.75
1646000,0,0.014810000000000002,0.014926334222157778,0.3879950940608978,0.0029670532792806623,0.0004696010611951351,3.404530289117247e-05,0.168256938457489,37.867875163652755,0.03624224662780762,3211338.75,2495334.75
1648000,0,0.014810000000000002,0.014926334222157778,0.38768258690834045,0.002970092184841633,0.0004718753509223461,3.416546096559614e-05,0.16769687831401825,38.036131863691665,0.036242395639419556,3212662.5,2494055.25
1650000,0,0.014810000000000002,0.014926334222157778,0.38735949993133545,0.002966663055121899,0.0004764694720506668,3.5330021637491876e-05,0.1675378382205963,38.203828756906844,0.0362422876060009,3213984.5,2492708.75
1652000,0,0.014810000000000002,0.014926334222157778,0.3870377242565155,0.002968835271894932,0.00047420621849596505,3.378350520506501e-05,0.1671370565891266,38.37136656532512,0.03624241054058075,3215323.5,2491376.75
1654000,0,0.014810000000000002,0.014926334222157778,0.38674014806747437,0.0029691165313124658,0.00046981740742921827,3.2419373746961354e-05,0.16831713914871216,38.53850365171657,0.03624225780367851,3216633.75,2490175.25
1656000,0,0.014810000000000002,0.014926334222157778,0.38645681738853455,0.0029692312702536586,0.0004665866959840059,3.1191442394629115e-05,0.16818785667419434,38.706820865371085,0.03624245896935463,3217897.25,2489038.5
1658000,0,0.014810000000000002,0.014926334222157778,0.3861789405345917,0.002968583256006241,0.0004645882174372673,3.058126603718847e-05,0.1679457575082779,38.875008781649925,0.03624235838651657,3219128.5,2487921.0
1660000,0,0.014810000000000002,0.014926334222157778,0.3859016001224518,0.0029690181836485863,0.00046310932375490663,3.025578917004168e-05,0.16778035461902618,39.042954330541946,0.03624230995774269,3220336.5,2486792.75
1662000,0,0.014810000000000002,0.014926334222157778,0.3856315016746521,0.0029689148068428035,0.0004621010739356279,2.9472133610397575e-05,0.168485626578331,39.21073443184123,0.03624236211180687,3221509.5,2485692.0
1664000,0,0.014810000000000002,0.014926334222157778,0.3853669762611389,0.0029688680544495585,0.00045946282334625717,2.9282525065355004e-05,0.16864916682243347,39.37922001371608,0.03624243289232254,3222656.25,2484612.5
1666000,0,0.014810000000000002,0.014926334222157778,0.3851066529750824,0.0029691638424992556,0.0004588644485920667,2.9109488241374493e-05,0.16729764640331268,39.54786906132922,0.036242347210645676,3223773.25,2483549.75
1668000,0,0.014810000000000002,0.014926334222157778,0.384851336479187,0.0029681211337447165,0.0004589033778756857,2.8533441945910453e-05,0.16662225127220154,39.71516688654647,0.036242254078388214,3224864.0,2482486.5
1670000,0,0.014810000000000002,0.01492635409037274,0.38459718227386475,0.002968253009021282,0.0004551932215690613,2.748444094322622e-05,0.16629037261009216,39.88178903351054,0.03623778000473976,3225933.75,2481448.0
1672000,0,0.014810000000000002,0.01492635409037274,0.38434624671936035,0.002967867068946361,0.0004533268511295318,2.7388925082050265e-05,0.16650016605854034,40.04807948062644,0.036242399364709854,3226982.25,2480402.5
1674000,0,0.014810000000000002,0.014926393826802609,0.3840979039669037,0.002967723086476326,0.0004533601924777031,2.74518271908164e-05,0.16687829792499542,40.21457958708034,0.03624223917722702,3228021.75,2479364.0
1676000,0,0.014810000000000002,0.01492635409037274,0.38385123014450073,0.002967223338782787,0.000454647047445178,2.7673578006215394e-05,0.1673484742641449,40.38145789990649,0.03624232858419418,3229045.5,2478334.5
1678000,0,0.014810000000000002,0.01492635409037274,0.3836055397987366,0.0029663905501365662,0.00045757661573588845,2.7707955450750887e-05,0.16716359555721283,40.54880643377528,0.03624232858419418,3230060.75,2477310.0
1680000,0,0.014810000000000002,0.014926393826802609,0.38336002826690674,0.0029658105224370955,0.0004538674373179674,2.7015429805032908e-05,0.16721656918525696,40.71597008893714,0.03624247387051582,3231071.75,2476282.5
1682000,0,0.014810000000000002,0.01492635409037274,0.38311344385147095,0.0029657272621989245,0.00045282444916665553,2.7059411513619126e-05,0.16731257736682892,40.88318658361659,0.03624240681529045,3232083.75,2475250.75
1684000,0,0.014810000000000002,0.014926393826802609,0.38286256790161133,0.002965158224105835,0.0004535067360848188,2.7641109772957863e-05,0.16741696000099182,41.05049911627994,0.0362376794219017,3233096.25,2474194.0
1686000,0,0.014810000000000002,0.01492635409037274,0.38259196281433105,0.002966729179024696,0.00045863101258873944,3.0202363268472252e-05,0.16754525899887085,41.217916165687896,0.03624235466122627,3234133.75,2473028.0
1688000,0,0.014810000000000002,0.014926413695017515,0.38228437304496765,0.002967623248696327,0.0004677554126828909,3.3623958006501195e-05,0.16686327755451202,41.3854613352798,0.03624375909566879,3235247.5,2471656.75
1690000,0,0.014810000000000002,0.014926373958587646,0.38196468353271484,0.0029674746096134187,0.0004668168257921934,3.352186176925897e-05,0.16592305898666382,41.552324538328506,0.03624381870031357,3236450.5,2470249.5
1692000,0,0.014810000000000002,0.014926373958587646,0.3816523253917694,0.0029659176245331762,0.0004687169101089239,3.339734685141593e-05,0.16562822461128235,41.718247656919814,0.03624236583709717,3237683.75,2468893.75
1694000,0,0.014810000000000002,0.01492635409037274,0.3813326060771942,0.002965685352683067,0.0004715431947261095,3.428948402870446e-05,0.1660059094429016,41.883875985839225,0.036242298781871796,3238940.25,2467517.5
1696000,0,0.014810000000000002,0.014926294485727964,0.3809914290904999,0.0029653303325176236,0.00047915955074131486,3.701761306729168e-05,0.16558189690113068,42.04988189528213,0.0362425297498703,3240229.0,2466045.25
1698000,0,0.014810000000000002,0.014926294485727964,0.3806245028972626,0.002965652570128441,0.0004813964013010263,3.848058404400944e-05,0.16557542979717255,42.21546403060184,0.03624232858419418,3241596.75,2464423.75
1700000,0,0.014810000000000002,0.014926334222157778,0.3802773058414459,0.0029679443687200546,0.00047662481665611267,3.6323338281363246e-05,0.1663120687007904,42.38103944549785,0.03624238073825836,3243017.75,2462942.5
1702000,0,0.014810000000000002,0.01492635409037274,0.3799552321434021,0.0029702588915824888,0.0004742284771054983,3.4606928238645196e-05,0.16695336997509003,42.54735127578006,0.036242224276065826,3244399.5,2461609.75
1704000,0,0.014810000000000002,0.01492635409037274,0.37965497374534607,0.0029729366302490234,0.0004719176795333624,3.3024841104634103e-05,0.16758564114570618,42.7143047798656,0.03624230623245239,3245739.5,2460397.75
1706000,0,0.014810000000000002,0.01492635409037274,0.3793697953224182,0.0029748098924756053,0.0004702623002231121,3.182695363648236e-05,0.16935297846794128,42.88189051041827,0.03624221682548523,3247032.0,2459256.25
1708000,0,0.014810000000000002,0.01492635409037274,0.3790949881076813,0.0029766192659735676,0.00046897875145077703,3.0805065762251616e-05,0.1696898192167282,43.05124339947925,0.03624371811747551,3248277.0,2458159.75
1710000,0,0.014810000000000002,0.01492635409037274,0.3788265585899353,0.0029781846329569816,0.00046802591532468796,2.9895082116127013e-05,0.16910859942436218,43.220933084585525,0.03624225780367851,3249488.0,2457088.5
1712000,0,0.015190000000000002,0.015306413173675537,0.3783019781112671,0.002983022667467594,0.0004832853563129902,4.629990726243704e-05,0.17269937694072723,43.39004187772498,0.036203350871801376,3254096.0,2455871.25
1714000,0,0.015190000000000002,0.015306313832600948,0.37795525789260864,0.002985189855098724,0.00047962605021893977,3.85600607842207e-05,0.17533038556575775,43.56274126956687,0.036198679357767105,3255885.0,2454584.5
1716000,0,0.015190000000000002,0.015306293964385986,0.37763625383377075,0.002988925762474537,0.0004791723564267158,3.617959737312049e-05,0.17466700077056885,43.73807153592334,0.03620310127735138,3257414.5,2453346.0
1718000,0,0.015190000000000002,0.015306313832600948,0.37732937932014465,0.002994839288294315,0.0004792695865035057,3.484293411020189e-05,0.17553092539310455,43.91273856649623,0.03619931638240814,3258839.75,2452138.0
1720000,0,0.015190000000000002,0.015306293964385986,0.37702807784080505,0.0029997115954756735,0.00047993166372179986,3.409724158700555e-05,0.1762109398841858,44.088269506790496,0.0361986979842186,3260207.25,2450938.5
1722000,0,0.015190000000000002,0.015306293964385986,0.3767275810241699,0.00300139170140028,0.0004812165629118681,3.371292550582438e-05,0.1756257712841034,44.26448008904681,0.03619863837957382,3261538.25,2449731.75
1724000,0,0.015190000000000002,0.015306293964385986,0.37642526626586914,0.0030009780079126355,0.00048243920318782326,3.395670210011303e-05,0.17579688131809235,44.44010589013324,0.03619853034615517,3262852.75,2448510.0
1726000,0,0.015190000000000002,0.015306293964385986,0.37611129879951477,0.0029988935217261314,0.000484190322458744,3.511041286401451e-05,0.17532938718795776,44.61590277145133,0.03619879111647606,3264164.0,2447225.0
1728000,0,0.015190000000000002,0.015306293964385986,0.3757719099521637,0.0029954778030514715,0.00048803766258060933,3.77867603674531e-05,0.17394126951694489,44.79123214373813,0.036198608577251434,3265511.5,2445809.75
1730000,0,0.015190000000000002,0.0153063337008158,0.3753838539123535,0.0029916686937212942,0.00049430294893682,4.137438954785466e-05,0.17220869660377502,44.96517338345275,0.03620334714651108,3266967.0,2444145.0
1732000,0,0.015190000000000002,0.015306293964385986,0.37497591972351074,0.0029835397377610206,0.0005050576291978359,4.3225628905929626e-05,0.17019100487232208,45.1373819757484,0.03619878366589546,3268520.75,2442433.75
1734000,0,0.015190000000000002,0.015306293964385986,0.3745459318161011,0.002982261963188648,0.0005100497975945472,4.461720818653702e-05,0.1695568561553955,45.30757299552188,0.03620392829179764,3270146.75,2440589.5
1736000,0,0.015190000000000002,0.015306293964385986,0.37410932779312134,0.0029815070331096647,0.0005130982492119074,4.5545119792222974e-05,0.16881565749645233,45.477129836776115,0.0361986942589283,3271828.0,2438727.0
1738000,0,0.015190000000000002,0.015306293964385986,0.37367093563079834,0.002982468903064728,0.0005191878415644168,4.617040685843676e-05,0.16878026723861694,45.64594553897605,0.03620385006070137,3273542.5,2436868.75
1740000,0,0.015190000000000002,0.015306214491526304,0.37321943044662476,0.002977427095174789,0.000521607743576169,4.785702913068235e-05,0.1682715117931366,45.81472570190654,0.036198556423187256,3275300.0,2434939.25
1742000,0,0.015190000000000002,0.015306174755096436,0.3727722764015198,0.0029740955680608748,0.0005219874437898397,4.736302071250975e-05,0.16857430338859558,45.982997332908965,0.03620316833257675,3277108.25,2433054.25
1744000,0,0.015190000000000002,0.015306174755096436,0.3723481297492981,0.0029776712879538538,0.0005233062896877527,4.545659176073968e-05,0.1688210517168045,46.15157178530917,0.03619872406125069,3278921.25,2431293.75
1746000,0,0.015190000000000002,0.015306214491526304,0.37194356322288513,0.0029757775366306303,0.0005237879231572151,4.412274865899235e-05,0.1697215884923935,46.320392926432945,0.03619870916008949,3280705.25,2429657.25
1748000,0,0.015190000000000002,0.015306214491526304,0.3715623915195465,0.0029833003878593444,0.0005191122181713581,4.2477101669646795e-05,0.17133784294128418,46.490114485123016,0.03619856387376785,3282452.0,2428114.25
1750000,0,0.015190000000000002,0.015306254227956118,0.3712020516395569,0.002977209351956844,0.0005160020198673009,4.07251704018563e-05,0.1734119951725006,46.66145222375617,0.03619952127337456,3284138.75,2426669.5
1752000,0,0.015190000000000002,0.015306214491526249,0.37085166573524475,0.0029769809916615486,0.0005118470638990402,3.972759586758912e-05,0.1741800159215927,46.83486409971938,0.0361986979842186,3285788.25,2425277.5
1754000,0,0.015190000000000002,0.015306174755096436,0.3705086410045624,0.002976493164896965,0.0005064039025455713,3.8912618765607474e-05,0.17589706182479858,47.00904439876304,0.036182377487421036,3287399.5,2423922.25
1756000,0,0.015190000000000002,0.015306154886881473,0.3701741099357605,0.0029754061251878734,0.0005030994303524493,3.75718082068488e-05,0.17673644423484802,47.18494153509364,0.03619870916008949,3288970.0,2422603.75
1758000,0,0.015190000000000002,0.01530627409617108,0.36985674500465393,0.002977198176085949,0.0004995006136596202,3.6080178688280284e-05,0.17797215282917023,47.36167793462501,0.036198634654283524,3290490.0,2421366.0
1760000,0,0.015190000000000002,0.015306234359741211,0.3695610463619232,0.002978083863854408,0.0004990665707737207,3.37691541062668e-05,0.17938952147960663,47.53964999804721,0.0361986979842186,3291952.5,2420230.5
1762000,0,0.015190000000000002,0.01530627409617108,0.3692935109138489,0.002976534143090248,0.0004966807086020708,3.0747958226129414e-05,0.18011662364006042,47.71903940031753,0.03619930520653725,3293323.5,2419243.25
1764000,0,0.015190000000000002,0.015306234359741211,0.36905336380004883,0.002993265725672245,0.0004971229471266269,2.787291305139661e-05,0.18201033771038055,47.89915606866107,0.03619930520653725,3294594.75,2418356.75
1766000,0,0.015190000000000002,0.015306234359741211,0.36884188652038574,0.0029844945296645165,0.0005018918309360743,2.620144805405289e-05,0.18186452984809875,48.08116642127261,0.036198802292346954,3295720.25,2417593.75
1768000,0,0.015190000000000002,0.015306234359741211,0.36863768100738525,0.002986651286482811,0.0004944718908518552,2.4866792955435812e-05,0.18222889304161072,48.26303107033,0.03619937226176262,3296773.5,2416818.75
1770000,0,0.015190000000000002,0.015306313832600948,0.3684130609035492,0.003027204610407352,0.0005281854886561632,2.0252216199878603e-05,0.17969144880771637,48.445259888865806,0.03620390221476555,3297710.5,2415989.5
1772000,0,0.015190000000000002,0.015306214491526304,0.36812546849250793,0.0030051009729504586,0.0005069792736321687,3.426850598771125e-05,0.17751795053482056,48.6249513078712,0.03619872033596039,3298590.5,2414728.5
1774000,0,0.015190000000000002,0.015306313832600948,0.36777448654174805,0.0029890639707446094,0.0004895711317658424,3.7653840263374146e-05,0.1743932068347931,48.802469332911826,0.03619876131415367,3299887.25,2413240.5
1776000,0,0.015190000000000002,0.015306313832600948,0.3674237132072449,0.002989521250128746,0.0004818783607333898,3.711619065143168e-05,0.1735677570104599,48.976862718560554,0.036198653280735016,3301288.5,2411802.0
1778000,0,0.015190000000000002,0.015306313832600948,0.3670828640460968,0.0029943121597170827,0.00047674877569079397,3.650229482445866e-05,0.17290133237838745,49.150430490472175,0.03619861230254173,3302691.25,2410419.0
1780000,0,0.015190000000000002,0.015306313832600948,0.366748183965683,0.002997585386037827,0.00047579235397279265,3.567879321053624e-05,0.17247724533081055,49.323331867554046,0.03619871288537979,3304073.5,2409049.75
1782000,0,0.015190000000000002,0.015306353569030762,0.36641833186149597,0.0030006546527147292,0.00047542261891067025,3.5505919368006285e-05,0.17246685922145844,49.49580899367557,0.03620326891541481,3305420.25,2407691.25
1784000,0,0.015190000000000002,0.015306293964385986,0.3660907447338104,0.0030023271217942235,0.0004760331939905882,3.5605355515144764e-05,0.173105850815773,49.66827576349006,0.03620327636599541,3306763.0,2406335.25
1786000,0,0.015190000000000002,0.01530627409617108,0.3657642602920532,0.0030091231688857078,0.0004762177355587482,3.580023476388305e-05,0.17294910550117493,49.84138148019538,0.0362032875418663,3308097.75,2404974.5
1788000,0,0.015190000000000002,0.015306234359741211,0.3654361963272095,0.00301528163254261,0.00047793500125408177,3.596000606194138e-05,0.17328956723213196,50.01433042178378,0.036198750138282776,3309432.0,2403604.25
1790000,0,0.015190000000000002,0.015306254227956118,0.3651122748851776,0.003014916740357876,0.00047658681869506837,3.758633392862975e-05,0.17326952517032623,50.1876200337194,0.03619864210486412,3310773.25,2402254.0
1792000,0,0.015570000000000002,0.01568631331125897,0.36454492807388306,0.003019745275378227,0.0004900734871625899,5.1325146341696384e-05,0.1767898052930832,50.36088963339553,0.03600616380572319,3315573.5,2400772.5
1794000,0,0.015570000000000002,0.01568623383839929,0.3641689121723175,0.0030201716348528863,0.00048324996605515476,4.210018960293382e-05,0.177633136510849,50.53767949829326,0.03600616380572319,3317506.75,2399337.5
1796000,0,0.015570000000000002,0.015686213970184326,0.3638359308242798,0.0030209500342607493,0.00048210895620286464,3.785809967666864e-05,0.17838211357593536,50.715312619902946,0.03600620478391647,3319130.0,2398027.75
1798000,0,0.015570000000000002,0.01568623383839929,0.36352795362472534,0.003021113760769367,0.00047937077470123764,3.55769821908325e-05,0.1787983477115631,50.893694778182365,0.036006174981594086,3320607.5,2396806.25
1800000,0,0.015570000000000002,0.01568623383839929,0.3632378578186035,0.0030218720436096186,0.00047783609479665754,3.3844995778054e-05,0.17879031598567963,51.072493230202056,0.036006197333335876,3321976.0,2395646.25
1802000,0,0.015570000000000002,0.01568623383839929,0.3629612326622009,0.003023354709148407,0.0004771423991769552,3.215941251255572e-05,0.17868609726428986,51.25128357599006,0.03600635752081871,3323258.25,2394534.5
1804000,0,0.015570000000000002,0.015686213970184326,0.3626936078071594,0.003023162670433521,0.0004771534353494644,3.110071120318025e-05,0.17877036333084106,51.429969747760154,0.036006223410367966,3324482.25,2393454.5
1806000,0,0.015570000000000002,0.01568623383839929,0.3624265193939209,0.0030224151909351345,0.0004776272922754288,3.1016531283967194e-05,0.17893144488334656,51.60874006638751,0.03600624203681946,3325666.0,2392363.75
1808000,0,0.015570000000000002,0.01568623383839929,0.3621552586555481,0.00302257239818573,0.0004783554933965206,3.136050072498619e-05,0.17975552380084991,51.7876715708755,0.036006275564432144,3326840.5,2391243.75
1810000,0,0.015570000000000002,0.01568623383839929,0.36187082529067993,0.0030242322012782098,0.00048122331500053404,3.319533134344965e-05,0.17888756096363068,51.96742702017055,0.03600615635514259,3328026.5,2390047.75
1812000,0,0.015570000000000002,0.01568623383839929,0.36155375838279724,0.003025008551776409,0.00048277168534696104,3.616122121457011e-05,0.17875629663467407,52.14631464073882,0.03600616380572319,3329269.0,2388683.5
1814000,0,0.015570000000000002,0.01568623383839929,0.3611699938774109,0.003029641881585121,0.0004911258816719054,4.209629260003567e-05,0.17759037017822266,52.325070922472335,0.036006245762109756,3330635.5,2386979.75
1816000,0,0.015570000000000002,0.01568623383839929,0.3607224225997925,0.003029601089656353,0.0005056277848780155,4.836464067921043e-05,0.17754949629306793,52.50266111383662,0.03600621968507767,3332199.75,2384986.75
1818000,0,0.015570000000000002,0.01568623383839929,0.36021584272384644,0.00302900206297636,0.0005160400178283453,5.323393270373344e-05,0.1771259903907776,52.68021050582156,0.03600624203681946,3333967.0,2382725.5
1820000,0,0.015570000000000002,0.01568623383839929,0.3596516251564026,0.0030266340821981427,0.0005256668664515018,5.780836218036712e-05,0.1763743907213211,52.85733649621234,0.03600621968507767,3335940.5,2380226.5
1822000,0,0.015570000000000002,0.01568623383839929,0.3590511083602905,0.0030252275988459586,0.0005347699858248233,6.218007183633745e-05,0.17584894597530365,53.033710931637145,0.03600619360804558,3338098.25,2377586.5
1824000,0,0.015570000000000002,0.01568623383839929,0.35841843485832214,0.0030276484787464144,0.0005462653469294309,6.571263656951487e-05,0.17465509474277496,53.20955975840316,0.03600620478391647,3340414.75,2374833.75
1826000,0,0.015570000000000002,0.01568623383839929,0.3577466905117035,0.0030228795483708383,0.0005511922761797905,6.790236220695078e-05,0.17428196966648102,53.38421465943084,0.03600630164146423,3342864.25,2371904.5
1828000,0,0.015570000000000002,0.01568623383839929,0.3570643663406372,0.003018036670982838,0.000554979732260108,6.996768643148243e-05,0.1743064969778061,53.558496703603126,0.03600610792636871,3345451.5,2368953.25
1830000,0,0.015570000000000002,0.01568623383839929,0.3563811182975769,0.0030165215954184527,0.0005578609183430671,7.0993322879076e-05,0.17480605840682983,53.73280320058093,0.03600619360804558,3348116.75,2366036.5
1832000,0,0.015570000000000002,0.01568623383839929,0.35569438338279724,0.003019917011260986,0.0005616253707557917,7.21431104466319e-05,0.17460036277770996,53.90760915467963,0.036006297916173935,3350830.5,2363121.5
1834000,0,0.015570000000000002,0.01568623383839929,0.3550109565258026,0.0030263498425483703,0.0005639777518808842,7.197519298642873e-05,0.17515531182289124,54.08220963666663,0.036006148904561996,3353577.25,2360240.25
1836000,0,0.015570000000000002,0.01568623383839929,0.3543473780155182,0.003024420887231827,0.0005609622225165367,7.032281719148159e-05,0.17588935792446136,54.25736493358836,0.03600615635514259,3356336.5,2357463.25
1838000,0,0.015570000000000002,0.01568623383839929,0.3537113666534424,0.003022191300988197,0.0005569192580878735,6.855341489426791e-05,0.17880427837371826,54.43325423190818,0.03600619360804558,3359080.0,2354820.75
1840000,0,0.015570000000000002,0.01568623383839929,0.35309550166130066,0.0030220711603760717,0.0005539475474506617,6.666891858913005e-05,0.17918802797794342,54.61205862949119,0.03600608929991722,3361769.5,2352286.0
1842000,0,0.015570000000000002,0.01568623383839929,0.35248011350631714,0.003021252527832985,0.0005535000935196876,6.574944709427654e-05,0.18061354756355286,54.791246702172614,0.03600620478391647,3364396.5,2349758.75
1844000,0,0.015570000000000002,0.01568623383839929,0.35187432169914246,0.003017578460276127,0.000552598387002945,6.502278265543281e-05,0.18217138946056366,54.97186038384662,0.03600620850920677,3366991.25,2347241.5
1846000,0,0.015570000000000002,0.01568623383839929,0.35129672288894653,0.0030145972967147825,0.0005480961408466101,6.322357221506536e-05,0.18422117829322815,55.15403175840602,0.03600615635514259,3369563.75,2344863.75
1848000,0,0.015570000000000002,0.01568623383839929,0.3507659435272217,0.00301849115639925,0.0005415466614067555,5.928407772444188e-05,0.18687938153743744,55.33825278768764,0.03600621223449707,3372068.25,2342693.0
1850000,0,0.015570000000000002,0.01568623383839929,0.3502989113330841,0.0030180048197507854,0.000535065308213234,5.332264699973166e-05,0.18842442333698273,55.52513212452159,0.03600618243217468,3374423.0,2340841.25
1852000,0,0.015570000000000002,0.01568623383839929,0.3498934805393219,0.0030142972245812416,0.0005262817256152629,4.9002323066815734e-05,0.19348537921905518,55.71355635414348,0.03600616380572319,3376593.0,2339250.0
1854000,0,0.015570000000000002,0.015686213970184326,0.3495454490184784,0.0030132507905364036,0.0005177102517336607,4.373854026198387e-05,0.19787722826004028,55.907041897275306,0.03600616380572319,3378556.0,2337891.0
1856000,0,0.015570000000000002,0.01568623383839929,0.3492390215396881,0.0030134083703160287,0.0005103531293570995,3.847467596642673e-05,0.20060881972312927,56.10491921494231,0.03600635752081871,3380313.75,2336722.75
1858000,0,0.015570000000000002,0.01568623383839929,0.34895530343055725,0.003013487346470356,0.0005035262554883956,3.5469100112095475e-05,0.20177890360355377,56.30552801976428,0.036006197333335876,3381882.75,2335648.75
1860000,0,0.015570000000000002,0.01568623383839929,0.3486953675746918,0.003012873977422714,0.0005000025033950805,3.2732289400883016e-05,0.2053244560956955,56.50730681905971,0.036006223410367966,3383310.5,2334648.75
1862000,0,0.015570000000000002,0.015686213970184326,0.34845203161239624,0.0030121292918920514,0.000497277220711112,3.056696441490203e-05,0.20256812870502472,56.71263121555076,0.03600620850920677,3384622.5,2333713.25
1864000,0,0.015570000000000002,0.01568623383839929,0.34821638464927673,0.0030124725773930552,0.0004919690545648336,2.9336451552808283e-05,0.2016066014766693,56.915199627377845,0.036006227135658264,3385844.75,2332799.75
1866000,0,0.015570000000000002,0.01568623383839929,0.34798985719680786,0.0030098911374807358,0.0004888567607849836,2.8488371754065156e-05,0.20237262547016144,57.116806348063804,0.036006201058626175,3387008.75,2331919.0
1868000,0,0.015570000000000002,0.015686213970184326,0.3477688431739807,0.0030071444809436796,0.00048693097196519377,2.8050283435732127e-05,0.20228612422943115,57.31917898843513,0.036006201058626175,3388140.25,2331059.5
1870000,0,0.015570000000000002,0.015686213970184326,0.3475516736507416,0.003006150759756565,0.0004846968688070774,2.688343811314553e-05,0.20312471687793732,57.52146505305991,0.03600621968507767,3389238.75,2330212.75
1872000,0,0.015950000000000002,0.01606629292170203,0.3471030592918396,0.003006339631974697,0.0005006337072700262,4.2482963181100786e-05,0.20093470811843872,57.72458968053088,0.03596760332584381,3393741.5,2329243.5
1874000,0,0.015950000000000002,0.016066253185272217,0.34682708978652954,0.003004865162074566,0.0004901289008557797,3.3783988328650594e-05,0.20104730129241943,57.92552447805629,0.03596176952123642,3395388.5,2328259.75
1876000,0,0.015950000000000002,0.01606617371241248,0.3465768098831177,0.003001447394490242,0.0004854551516473293,3.1025230418890716e-05,0.20081709325313568,58.12657168994174,0.035972852259874344,3396743.0,2327314.25
1878000,0,0.015950000000000002,0.01606627305348718,0.346336305141449,0.0029985642060637472,0.0004844802897423506,2.9178112163208423e-05,0.2002362757921219,58.32738873849139,0.035961855202913284,3397997.0,2326381.75
1880000,0,0.015950000000000002,0.01606619358062744,0.34610605239868164,0.0029965911060571672,0.00048403888940811156,2.7604156639426946e-05,0.19973023235797882,58.5276247907661,0.03596187382936478,3399168.5,2325489.0
1882000,0,0.015950000000000002,0.01606619358062744,0.3458811044692993,0.0029945699498057365,0.0004852465819567442,2.6724537019617855e-05,0.19905152916908264,58.72735490391479,0.0359618254005909,3400289.75,2324611.0
1884000,0,0.015950000000000002,0.01606627305348718,0.34565651416778564,0.002992514707148075,0.0004842350259423256,2.6792060816660525e-05,0.19872616231441498,58.92640656719432,0.03596187382936478,3401382.5,2323728.5
1886000,0,0.015950000000000002,0.01606627305348718,0.3454291820526123,0.0029882306233048436,0.0004830864258110523,2.6865169638767837e-05,0.1987297683954239,59.125132729508735,0.03597290813922882,3402460.5,2322829.0
1888000,0,0.015950000000000002,0.01606627305348718,0.34520280361175537,0.002999585121870041,0.0004871559794992208,2.4937020498327908e-05,0.1983954757452011,59.323862587311126,0.03596193715929985,3403516.25,2321954.0
1890000,0,0.015950000000000002,0.01606617371241248,0.3449349105358124,0.003003603406250477,0.0004927352536469698,2.7440887060947715e-05,0.19486890733242035,59.522258048155166,0.03596193715929985,3404493.25,2320866.25
1892000,0,0.015950000000000002,0.01606627305348718,0.3446333706378937,0.003000652231276035,0.0004895911086350679,3.254800976719707e-05,0.19332171976566315,59.717126821377136,0.035972945392131805,3405591.25,2319566.5
1894000,0,0.015950000000000002,0.01606627305348718,0.3443264663219452,0.003001790679991245,0.0004908903967589139,3.364327421877533e-05,0.1925508975982666,59.910448496439315,0.03596181422472,3406813.25,2318253.75
1896000,0,0.015950000000000002,0.01606627305348718,0.34402182698249817,0.0029971612617373466,0.0004877454601228237,3.2613603980280456e-05,0.19259116053581238,60.102999304630615,0.03596189245581627,3408072.0,2316965.0
1898000,0,0.015950000000000002,0.016066253185272217,0.34372714161872864,0.0029949255287647246,0.0004864269867539406,3.319424868095666e-05,0.19288446009159088,60.2955906290792,0.03596193343400955,3409328.75,2315718.25
1900000,0,0.015950000000000002,0.01606627305348718,0.34343811869621277,0.0029927220195531843,0.00048404391855001445,3.3543311292305586e-05,0.19501104950904846,60.4884751636766,0.03596192225813866,3410619.5,2314494.0
1902000,0,0.015950000000000002,0.01606627305348718,0.3431536555290222,0.002985143661499023,0.00048289820551872253,3.166201640851795e-05,0.1952497512102127,60.683486317493774,0.03596195951104164,3411920.75,2313316.0
1904000,0,0.015950000000000002,0.01606627305348718,0.3429015278816223,0.0029823420569300646,0.00048210397362709046,2.7887581381946802e-05,0.19623525440692902,60.87873587498889,0.03595660999417305,3413142.0,2312316.75
1906000,0,0.015950000000000002,0.01606627305348718,0.3426946699619293,0.002981130965054035,0.0004804865457117557,2.387065760558471e-05,0.19803668558597565,61.0749710995935,0.035961855202913284,3414246.25,2311538.75
1908000,0,0.015950000000000002,0.01606627305348718,0.3425101339817047,0.0029777821153402326,0.0004813375417143106,2.222689363406971e-05,0.1996190994977951,61.27300765106902,0.035961952060461044,3415222.25,2310840.0
1910000,0,0.015950000000000002,0.01606627305348718,0.34233227372169495,0.0029754169285297395,0.0004814167972654104,2.1760439267382026e-05,0.20095324516296387,61.47262669096217,0.035961948335170746,3416163.75,2310151.75
1912000,0,0.015950000000000002,0.01606627305348718,0.34215596318244934,0.002972219884395599,0.0004876676015555859,2.416571514913812e-05,0.20207999646663666,61.673579921223975,0.03596176579594612,3417171.75,2309494.5
1914000,0,0.015950000000000002,0.016066312789916992,0.3419754207134247,0.0029695192351937294,0.00047680535353720186,2.235975844087079e-05,0.20174475014209747,61.87565993259177,0.035961925983428955,3418227.0,2308842.5
1916000,0,0.015950000000000002,0.016066312789916992,0.3418062925338745,0.0029707843437790865,0.00047462498769164086,2.0190280338283625e-05,0.20291125774383545,62.077404623129226,0.035961780697107315,3419144.75,2308201.0
1918000,0,0.015950000000000002,0.01606635252634686,0.341644287109375,0.002968777157366276,0.0004743644036352634,1.9496091408655047e-05,0.20377406477928162,62.28031583616958,0.03596192225813866,3419970.5,2307570.5
1920000,0,0.015950000000000002,0.016066312789916992,0.34148210287094116,0.0029677702113986015,0.0004738748539239168,1.9270893244538456e-05,0.20511099696159363,62.48409002015815,0.035956595093011856,3420749.0,2306912.0
1922000,0,0.015950000000000002,0.01606639226277673,0.34132325649261475,0.002968277223408222,0.0004718104843050241,1.8968756194226444e-05,0.20471447706222534,62.689201061823226,0.0359676331281662,3421501.0,2306253.5
1924000,0,0.015950000000000002,0.01606639226277673,0.34116655588150024,0.0029638657346367837,0.00047194301150739194,1.8467505287844685e-05,0.20442596077919006,62.893915449478484,0.03596193343400955,3422211.5,2305599.75
1926000,0,0.015950000000000002,0.01606639226277673,0.3410097658634186,0.0029650643467903134,0.0004715931136161089,1.8135554273612798e-05,0.2047959715127945,63.09834163377509,0.035972800105810165,3422902.5,2304947.0
1928000,0,0.015950000000000002,0.01606639226277673,0.3408527374267578,0.002964869514107704,0.00047128451988101,1.8314921180717648e-05,0.2049892097711563,63.30313763509021,0.03596189618110657,3423605.0,2304293.25
1930000,0,0.015950000000000002,0.01606639226277673,0.340694785118103,0.0029622822999954223,0.000469323992729187,1.7492852930445223e-05,0.20478616654872894,63.50812703857646,0.03595646843314171,3424315.25,2303642.5
1932000,0,0.015950000000000002,0.01606647173563641,0.34054034948349,0.0029616540297865866,0.0004681375343352556,1.697295228950679e-05,0.20443715155124664,63.71291310081706,0.03596179932355881,3425004.0,2303003.0
1934000,0,0.015950000000000002,0.01606639226277673,0.3403877913951874,0.0029612096026539803,0.0004675006959587336,1.670051278779283e-05,0.20413193106651306,63.91735043118224,0.03595674782991409,3425679.25,2302375.75
1936000,0,0.015950000000000002,0.01606639226277673,0.3402376174926758,0.0029606571421027183,0.0004664689768105745,1.6380420129280536e-05,0.20396699011325836,64.12148252616153,0.03597283735871315,3426339.0,2301753.25
1938000,0,0.015950000000000002,0.016066372394561768,0.34008803963661194,0.002960291504859924,0.00046547590754926206,1.6188698646146803e-05,0.2042597532272339,64.32544942686782,0.03597291558980942,3426993.25,2301142.25
1940000,0,0.015950000000000002,0.01606639226277673,0.3399410545825958,0.0029600851237773897,0.0004644157830625772,1.6102691006381065e-05,0.2046169638633728,64.52970940361247,0.03595656156539917,3427638.5,2300534.75
1942000,0,0.015950000000000002,0.01606639226277673,0.3397948145866394,0.002959494479000568,0.0004639960825443268,1.606395817361772e-05,0.2040187567472458,64.7343263078712,0.035961952060461044,3428279.25,2299935.25
1944000,0,0.015950000000000002,0.016066372394561768,0.3396480083465576,0.0029577817767858505,0.000464922096580267,1.6370667435694485e-05,0.2040226310491562,64.93834501991496,0.03595660999417305,3428914.0,2299332.0
1946000,0,0.015950000000000002,0.01606639226277673,0.3394971191883087,0.0029553303495049475,0.00046698772348463535,1.6381237946916373e-05,0.2039274275302887,65.1423676956676,0.03595655784010887,3429561.5,2298715.25
1948000,0,0.015950000000000002,0.01606639226277673,0.339346706867218,0.0029533902183175084,0.00046896301209926606,1.664331794017926e-05,0.20339348912239075,65.34629506359325,0.035972755402326584,3430210.5,2298101.25
1950000,0,0.015950000000000002,0.01606639226277673,0.33919769525527954,0.0029528696089982987,0.00046500181779265406,1.6808982763905078e-05,0.20313087105751038,65.5496885676168,0.035972923040390015,3430863.5,2297499.75
1952000,0,0.01633,0.01644639174143475,0.33882126212120056,0.0029556600376963614,0.0004797202534973621,3.298512019682676e-05,0.20533065497875214,65.75281940887199,0.0359233096241951,3434973.75,2296759.0
1954000,0,0.01633,0.016446352005004883,0.33861029148101807,0.0029548315331339834,0.00047561335377395154,2.4386247969232496e-05,0.2075754702091217,65.95815010855422,0.035923220217227936,3436261.0,2296011.75
1956000,0,0.01633,0.01644639174143475,0.33842816948890686,0.002953920140862465,0.00047238687984645366,2.0683658658526834e-05,0.20877383649349213,66.16572556386218,0.03592317923903465,3437262.5,2295327.0
1958000,0,0.01633,0.01644643147786462,0.33826011419296265,0.0029535673558712004,0.0004682698752731085,1.8793244089465587e-05,0.20897535979747772,66.37449922154174,0.03592321276664734,3438149.0,2294686.25
1960000,0,0.01633,0.01644639174143475,0.3381067216396332,0.0029530618339776993,0.00046622683294117445,1.707112096482888e-05,0.20989923179149628,66.5834745515369,0.03592343628406525,3438954.5,2294095.0
1962000,0,0.01633,0.01644643147786462,0.3379659354686737,0.0029570784419775007,0.0004676715936511755,1.4995546371210366e-05,0.2097531259059906,66.79337375352607,0.03592340648174286,3439688.75,2293555.75
1964000,0,0.01633,0.01644643147786462,0.33783841133117676,0.00295613631606102,0.00046665724366903307,1.3443523494061083e-05,0.21024487912654877,67.00312696883903,0.03592329099774361,3440333.5,2293064.75
1966000,0,0.01633,0.016446471214294434,0.33771827816963196,0.0029565565288066863,0.00046385051682591434,1.2959472951479257e-05,0.21133095026016235,67.21337193737254,0.0359233096241951,3440948.5,2292606.0
1968000,0,0.01633,0.01644643147786462,0.33760663866996765,0.002956561930477619,0.00046317637898027895,1.2188227992737666e-05,0.21198314428329468,67.42470293233619,0.03592326119542122,3441534.0,2292187.75
1970000,0,0.01633,0.01644643147786462,0.3375058174133301,0.002957416512072086,0.0004630084615200758,1.1146893666591495e-05,0.21164768934249878,67.63668615112529,0.035923101007938385,3442083.0,2291814.0
1972000,0,0.01633,0.01644643147786462,0.3374145030975342,0.0029577890411019324,0.00046272003091871736,1.0306368494639171e-05,0.2114366590976715,67.84833387027011,0.03592333942651749,3442582.5,2291476.25
1974000,0,0.01633,0.01644643147786462,0.3373298645019531,0.002958424761891365,0.00046269479207694525,1.0017116437666118e-05,0.21198926866054535,68.0597705591701,0.03592332825064659,3443041.5,2291162.0
1976000,0,0.01633,0.01644643147786462,0.33724984526634216,0.0029591083526611327,0.00046211699955165384,9.733215847518293e-06,0.2113710194826126,68.27175972352252,0.03592326492071152,3443482.0,2290862.5
1978000,0,0.01671,0.016826430956522642,0.33694690465927124,0.002960770204663277,0.0004698831588029861,2.493319334462285e-05,0.21390482783317566,68.4831308324121,0.03588395193219185,3447343.25,2290433.75
1980000,0,0.01671,0.01682635148366296,0.3368097245693207,0.002959930710494518,0.00046548489481210706,1.695799146546051e-05,0.21426336467266083,68.69703580925689,0.03588380664587021,3448365.75,2289999.0
1982000,0,0.01671,0.016826430956522642,0.33670079708099365,0.0029599567875266074,0.000463432539254427,1.3924560334999114e-05,0.21597619354724884,68.91129901001678,0.03588370978832245,3449089.25,2289620.5
1984000,0,0.01671,0.016826430956522642,0.3366044759750366,0.0029598824679851533,0.0004623699001967907,1.2094143312424422e-05,0.21760477125644684,69.12727512905822,0.03588389605283737,3449686.75,2289271.25
1986000,0,0.01671,0.01682635148366296,0.33651304244995117,0.002959398552775383,0.00045969677157700064,1.1386394908186048e-05,0.21889269351959229,69.34487994501815,0.035883862525224686,3450215.75,2288922.0
1988000,0,0.01671,0.01682635148366296,0.33642783761024475,0.002958983369171619,0.00045826737768948076,1.0399580787634477e-05,0.21946176886558533,69.56377280245052,0.03588366508483887,3450701.25,2288604.5
1990000,0,0.01671,0.01682635148366296,0.33634957671165466,0.0029590720310807227,0.0004565313458442688,9.570077236276121e-06,0.2188025414943695,69.78323479483352,0.03588450327515602,3451143.25,2288309.75
1992000,0,0.017089999999999998,0.017206410566965702,0.3360538184642792,0.0029621923342347143,0.0004697729833424091,2.528570184949785e-05,0.21865762770175934,70.0020372916244,0.03583477810025215,3454983.0,2287896.0
1994000,0,0.017089999999999998,0.01720629135767615,0.33592671155929565,0.0029589105397462845,0.0004659285768866539,1.680515706539154e-05,0.21982605755329132,70.22069502363429,0.03583488613367081,3455933.0,2287475.75
1996000,0,0.017089999999999998,0.01720629135767615,0.33582669496536255,0.0029574209824204446,0.0004648898262530565,1.3436871813610195e-05,0.2199249267578125,70.44052114079223,0.03581792488694191,3456594.75,2287118.0
1998000,0,0.017089999999999998,0.01720633109410602,0.33573973178863525,0.00295702051371336,0.00046186596155166625,1.1754078150261193e-05,0.21956384181976318,70.66044590363727,0.03581804037094116,3457138.0,2286800.75
2000000,0,0.017089999999999998,0.01720629135767615,0.3356599807739258,0.002956482395529747,0.0004589867778122425,1.0933379962807522e-05,0.2206137478351593,70.88000973055587,0.03581801429390907,3457611.25,2286504.75
2002000,0,0.017089999999999998,0.01720629135767615,0.3355834186077118,0.0029559738934040072,0.0004572297912091017,1.0066855611512436e-05,0.22027461230754852,71.10062352309451,0.03584079071879387,3458037.25,2286216.75
2004000,0,0.017089999999999998,0.01720629135767615,0.33551135659217834,0.0029566651210188866,0.000458355201408267,8.807468111626804e-06,0.2202095091342926,71.32089803109393,0.03581804782152176,3458435.75,2285945.25
2006000,0,0.017469999999999996,0.01758637030919391,0.3352201282978058,0.0029585154727101324,0.00046960664913058285,2.568157506175339e-05,0.2208622545003891,71.54110761473403,0.03576352074742317,3462252.0,2285565.5
2008000,0,0.017469999999999996,0.01758625109990436,0.3350927531719208,0.0029589714482426643,0.0004639425314962864,1.7623661551624537e-05,0.22287897765636444,71.76196994374023,0.035763341933488846,3463235.75,2285162.5
2010000,0,0.017469999999999996,0.01758625109990436,0.33499279618263245,0.0029587561264634134,0.00045981234870851034,1.4076456136535852e-05,0.22227708995342255,71.98484895119891,0.03576338663697243,3463904.0,2284807.5
2012000,0,0.017469999999999996,0.01758625109990436,0.33490434288978577,0.0029579242691397667,0.00045850798487663265,1.2489243817981333e-05,0.22137413918972015,72.20712587723956,0.035735514014959335,3464462.75,2284482.0
2014000,0,0.017469999999999996,0.01758629083633423,0.33482158184051514,0.002957261726260185,0.00045651537366211417,1.1607271881075576e-05,0.22037942707538605,72.42850007603393,0.0357356034219265,3464952.5,2284173.0
2016000,0,0.017469999999999996,0.01758625109990436,0.33474454283714294,0.0029567550867795945,0.00045580989681184294,1.1078848910983651e-05,0.22128969430923462,72.64887965212093,0.03573561832308769,3465400.0,2283883.25
2018000,0,0.017469999999999996,0.01758629083633423,0.3346709609031677,0.002957278117537498,0.0004552563186734915,1.036480171023868e-05,0.22206641733646393,72.87016946563945,0.03573555499315262,3465810.0,2283599.5
2020000,0,0.017469999999999996,0.01758629083633423,0.33460044860839844,0.002956806682050228,0.0004540400579571724,9.959337330656125e-06,0.22270093858242035,73.09223589787707,0.03573549911379814,3466188.75,2283332.25
2022000,0,0.017849999999999994,0.017966369787851932,0.3343104422092438,0.0029602419584989544,0.0004709184169769287,2.5529263075441123e-05,0.22453522682189941,73.31493680665717,0.03569735586643219,3469999.25,2282940.5
2024000,0,0.017849999999999994,0.01796629031499225,0.3341863751411438,0.002957944571971893,0.00046627619303762913,1.6723571752663703e-05,0.22561515867710114,73.53947203347907,0.03569718450307846,3470963.25,2282570.25
2026000,0,0.017849999999999994,0.01796629031499225,0.33409497141838074,0.002972494065761566,0.0005080779083073139,4.287668343749828e-06,0.22508126497268677,73.76508720705733,0.0356973260641098,3471593.25,2282299.25
2028000,0,0.018229999999999993,0.01834625005722046,0.3338015675544739,0.002965593710541725,0.0005671553779393434,2.5743478909134863e-05,0.22241654992103577,73.99016868064628,0.0356648787856102,3475529.5,2282063.75
2030000,0,0.018229999999999993,0.01834621032079059,0.33366069197654724,0.002961555682122707,0.0005431861151009798,2.043397253146395e-05,0.22245873510837555,74.21258517096267,0.035664934664964676,3476665.25,2281700.25
2032000,0,0.018229999999999993,0.01834621032079059,0.33353686332702637,0.002960764430463314,0.0005257753189653158,1.709980278974399e-05,0.22372423112392426,74.43504414448962,0.03566492348909378,3477589.5,2281346.25
2034000,0,0.018229999999999993,0.01834621032079059,0.333424836397171,0.0029627101495862005,0.0005290915258228778,1.5247745614033192e-05,0.22465646266937256,74.65876836071239,0.0356648787856102,3478334.5,2280998.75
2036000,0,0.018229999999999993,0.01834621032079059,0.33330976963043213,0.0029599592089653015,0.0005432755686342716,1.626374723855406e-05,0.22414489090442657,74.88342485318408,0.035665035247802734,3479119.75,2280676.25
2038000,0,0.018229999999999993,0.01834621032079059,0.3331911563873291,0.0029534636065363883,0.0005519404541701078,1.424666552338749e-05,0.2237677276134491,75.10756963978038,0.03566483035683632,3479912.5,2280323.5
2040000,0,0.018229999999999993,0.01834621032079059,0.3330729007720947,0.002947598695755005,0.0005590681917965411,1.5553140838164835e-05,0.22245806455612183,75.33133750150428,0.035664960741996765,3480715.0,2280007.5
2042000,0,0.018229999999999993,0.01834621032079059,0.33295300602912903,0.0029450438916683195,0.0005564378574490547,1.754589902702719e-05,0.22167369723320007,75.55379534254298,0.03566486015915871,3481509.0,2279658.5
2044000,0,0.018229999999999993,0.01834621032079059,0.33282727003097534,0.0029316183179616925,0.0005617575254291296,1.8039322458207605e-05,0.22202394902706146,75.77546912918315,0.03566481173038483,3482302.0,2279256.0
2046000,0,0.018229999999999993,0.01834625005722046,0.33270490169525146,0.0029319772496819497,0.0005713213700801134,1.4598078269045799e-05,0.22336965799331665,75.99749313781486,0.03566484898328781,3483005.75,2278795.5
2048000,0,0.018229999999999993,0.01834621032079059,0.332604318857193,0.002932019345462322,0.0005588956642895937,1.285121397813782e-05,0.22365695238113403,76.22086267659888,0.035664912313222885,3483485.25,2278390.25
2050000,0,0.018229999999999993,0.01834625005722046,0.33248335123062134,0.0029277328401803968,0.000535718398168683,1.8961125169880686e-05,0.22453346848487854,76.44451970348582,0.03566493093967438,3484210.25,2277974.0
2052000,0,0.018229999999999993,0.01834621032079059,0.3323462903499603,0.0029241010546684266,0.0005243667401373386,2.0127122115809468e-05,0.22669720649719238,76.66905323157535,0.03566496819257736,3485120.75,2277528.25
2054000,0,0.018229999999999993,0.01834625005722046,0.33220991492271423,0.002920246683061123,0.0005190379917621612,2.0195104298181832e-05,0.2276393324136734,76.89575051257835,0.035664912313222885,3486013.5,2277073.75
2056000,0,0.018229999999999993,0.01834625005722046,0.332077294588089,0.0029171466827392577,0.0005112288054078817,1.852831628639251e-05,0.22726260125637054,77.12338963637576,0.03566497191786766,3486857.0,2276621.0
2058000,0,0.018229999999999993,0.01834625005722046,0.33195048570632935,0.002918287925422192,0.0005083648022264243,1.6755351680330932e-05,0.22821737825870514,77.35065234194026,0.03566486015915871,3487622.0,2276177.75
2060000,0,0.018229999999999993,0.01834625005722046,0.33183038234710693,0.0029237637296319007,0.0005175713449716568,1.5319562226068226e-05,0.2281774878501892,77.57886966059432,0.03566500172019005,3488305.75,2275751.0
2062000,0,0.018229999999999993,0.01834621032079059,0.33171316981315613,0.002918529137969017,0.0005034666042774916,1.6468488320242612e-05,0.2283746302127838,77.80704731235728,0.03566496819257736,3488943.0,2275314.0
2064000,0,0.018229999999999993,0.01834621032079059,0.331592321395874,0.002918216586112976,0.0004978599492460489,1.684482267592102e-05,0.22953465580940247,78.03542179355846,0.03566490486264229,3489594.25,2274850.75
2066000,0,0.018229999999999993,0.01834621032079059,0.331473171710968,0.002919001132249832,0.0004965931177139282,1.6253910143859684e-05,0.22995240986347198,78.26495619604812,0.035664912313222885,3490238.25,2274394.0
2068000,0,0.018229999999999993,0.01834625005722046,0.3313557207584381,0.0029202383011579514,0.000492554996162653,1.5822604473214594e-05,0.22999881207942963,78.49490865061507,0.03566497191786766,3490868.5,2273942.25
2070000,0,0.018229999999999993,0.01834625005722046,0.33123937249183655,0.0029204152524471283,0.0004890435840934514,1.572689361637458e-05,0.23050622642040253,78.72490747759566,0.03566495329141617,3491473.75,2273488.5
2072000,0,0.018229999999999993,0.01834621032079059,0.3311244249343872,0.00291949063539505,0.000485676946118474,1.5869182243477552e-05,0.23127952218055725,78.95541370401607,0.035664841532707214,3492067.25,2273030.5
2074000,0,0.018229999999999993,0.01834625005722046,0.3310105502605438,0.0029187871143221853,0.0004827398806810379,1.5108210209291427e-05,0.2320384532213211,79.18669318149314,0.035664934664964676,3492655.25,2272578.0
2076000,0,0.018229999999999993,0.01834621032079059,0.3308987319469452,0.0029191672801971436,0.0004831713624298573,1.433380093658343e-05,0.23206652700901031,79.41873157510982,0.03566496819257736,3493215.25,2272132.25
2078000,0,0.018229999999999993,0.01834621032079059,0.3307892680168152,0.002919432520866394,0.0004814513493329286,1.4179748541209847e-05,0.232747882604599,79.65079822132812,0.03566481173038483,3493756.5,2271694.0
2080000,0,0.018229999999999993,0.01834621032079059,0.3306809663772583,0.002920323051512241,0.00048041120171546934,1.396027801092714e-05,0.23275308310985565,79.88354617843852,0.035664886236190796,3494282.5,2271262.5
2082000,0,0.018229999999999993,0.01834625005722046,0.3305743932723999,0.00292232297360897,0.00048039793036878107,1.3542210217565298e-05,0.23264937102794647,80.11629918704257,0.035664912313222885,3494795.25,2270833.5
2084000,0,0.018229999999999993,0.01834621032079059,0.3304702639579773,0.002930922992527485,0.0004824550356715918,1.3331323862075805e-05,0.23286427557468414,80.34894855807052,0.03566490486264229,3495290.5,2270413.25
2086000,0,0.018229999999999993,0.018346230189005552,0.33035704493522644,0.0029212027788162232,0.00048235156573355197,1.3519548519980163e-05,0.23273999989032745,80.58181277404056,0.035664964467287064,3495774.25,2269936.25
2088000,0,0.018229999999999993,0.01834621032079059,0.3302409052848816,0.002919989451766014,0.0004838519264012575,1.375773863401264e-05,0.23278281092643738,80.81455305705295,0.035664960741996765,3496268.25,2269449.75
2090000,0,0.018229999999999993,0.01834626992543542,0.33012357354164124,0.0029206532984972,0.00048389080911874775,1.3770049554295838e-05,0.23257136344909668,81.0473358977817,0.03566481173038483,3496767.5,2268957.5
2092000,0,0.018229999999999993,0.018346230189005552,0.33000847697257996,0.0029206126928329468,0.0004826801363378763,1.3615572242997587e-05,0.2326476275920868,81.27990705261455,0.035664841532707214,3497259.5,2268476.75
2094000,0,0.018229999999999993,0.01834626992543542,0.3298957943916321,0.0029200162738561627,0.00048212935216724874,1.3343016325961796e-05,0.232604518532753,81.51255454609618,0.03566493093967438,3497747.5,2268010.0
2096000,0,0.018229999999999993,0.018346230189005552,0.32978555560112,0.002919429913163185,0.0004820047877728939,1.3233670324552803e-05,0.23275916278362274,81.74515912423358,0.03566480055451393,3498228.25,2267555.25
2098000,0,0.018229999999999993,0.018346230189005552,0.32967808842658997,0.002918283641338348,0.0004821545910090208,1.3087771367281674e-05,0.23282715678215027,81.97791833172069,0.0356648787856102,3498698.25,2267109.75
2100000,0,0.018229999999999993,0.018346230189005552,0.32957223057746887,0.0029174771159887316,0.00048290295526385305,1.299729774473235e-05,0.23299261927604675,82.21074542889819,0.0356648713350296,3499166.5,2266675.75
2102000,0,0.018229999999999993,0.01834621032079059,0.3294685184955597,0.0029167443513870234,0.00048322281800210475,1.2860589777119458e-05,0.23309482634067535,82.4437379885696,0.03566497191786766,3499629.0,2266248.75
2104000,0,0.018229999999999993,0.018346230189005552,0.32936549186706543,0.0029168723151087764,0.00048273815773427483,1.2768352462444453e-05,0.23319701850414276,82.67683290431724,0.0356648750603199,3500086.5,2265828.0
2106000,0,0.018229999999999993,0.01834621032079059,0.32926416397094727,0.0029179986566305162,0.00048232642002403735,1.2656510807573796e-05,0.23325400054454803,82.91003001222835,0.035664819180965424,3500539.0,2265414.0
2108000,0,0.01860999999999999,0.01872624953587848,0.32894617319107056,0.002920272387564182,0.0004969411063939333,2.814058680087328e-05,0.23581893742084503,83.1432840872787,0.03561524301767349,3504448.75,2264871.5
2110000,0,0.01860999999999999,0.018726209799448612,0.3287871778011322,0.0029174622148275373,0.0004867645446211099,2.0402537484187632e-05,0.23843322694301605,83.37910292039142,0.03562682867050171,3505528.0,2264316.75
2112000,0,0.01860999999999999,0.01872618993123376,0.32865163683891296,0.002917210012674331,0.0004834808874875307,1.758301077643409e-05,0.23903478682041168,83.61753595361934,0.0356152169406414,3506337.75,2263815.0
2114000,0,0.01860999999999999,0.01872613032658893,0.3285275995731354,0.002918763644993305,0.00048401854000985623,1.6044985386542976e-05,0.23945042490959167,83.85657072553859,0.035626769065856934,3507024.75,2263336.5
2116000,0,0.01860999999999999,0.01872609059015906,0.32840895652770996,0.0029194030910730364,0.00048403944820165636,1.552764733787626e-05,0.23941683769226074,84.09602106104121,0.03561517223715782,3507661.75,2262879.0
2118000,0,0.01860999999999999,0.018726110458374023,0.32829228043556213,0.0029187474399805066,0.00048123477026820185,1.5355455980170517e-05,0.23952588438987732,84.33543779442535,0.03562678024172783,3508252.5,2262419.75
2120000,0,0.01860999999999999,0.018726150194803892,0.32817724347114563,0.0029195526614785193,0.0004822509828954935,1.4447217108681797e-05,0.24010521173477173,84.5749637235187,0.035626769065856934,3508812.5,2261953.0
2122000,0,0.01860999999999999,0.018726150194803892,0.32806459069252014,0.0029190845787525174,0.0004802900366485119,1.4373277372214943e-05,0.24089376628398895,84.81506863723025,0.035615261644124985,3509349.75,2261486.25
2124000,0,0.01860999999999999,0.018726110458374023,0.32795360684394836,0.0029189324006438254,0.00047937934286892416,1.3913604198023677e-05,0.24190661311149597,85.0559623439096,0.0356152169406414,3509872.5,2261027.0
2126000,0,0.01860999999999999,0.018726110458374023,0.3278433084487915,0.0029182545840740204,0.00047901845537126066,1.391839177813381e-05,0.24233609437942505,85.29786892721877,0.035626813769340515,3510380.25,2260569.0
2128000,0,0.01860999999999999,0.01872618993123376,0.3277348577976227,0.0029179610311985014,0.00047770692035555836,1.3566226698458195e-05,0.2424357384443283,85.54020508120284,0.035615142434835434,3510873.5,2260118.25
2130000,0,0.01860999999999999,0.018726150194803892,0.32762956619262695,0.0029177108779549596,0.00047774063423275945,1.3074293383397162e-05,0.24254758656024933,85.78264077494369,0.0356152169406414,3511354.5,2259676.5
2132000,0,0.01860999999999999,0.01872618993123376,0.3275257647037506,0.002918113023042679,0.00047591119073331356,1.2872873048763722e-05,0.24261607229709625,86.02518839130626,0.035626813769340515,3511818.25,2259244.75
2134000,0,0.01860999999999999,0.018726150194803892,0.3274233043193817,0.002919682301580906,0.0004746807739138603,1.2538162991404533e-05,0.24244260787963867,86.26780449340568,0.03562679886817932,3512276.0,2258817.5
2136000,0,0.01860999999999999,0.018726150194803892,0.32732120156288147,0.0029201772063970565,0.00047422214411199095,1.2762394908349959e-05,0.24249812960624695,86.51024708638415,0.03562678024172783,3512725.5,2258392.5
2138000,0,0.01860999999999999,0.018726150194803892,0.3272201716899872,0.002920645661652088,0.0004725291859358549,1.2553369742818177e-05,0.24298329651355743,86.75274520108924,0.035615161061286926,3513167.0,2257962.0
2140000,0,0.01860999999999999,0.0187261700630188,0.32711705565452576,0.002919958345592022,0.00047449115663766856,1.2702646199613809e-05,0.24337352812290192,86.99572854230628,0.03562679886817932,3513613.75,2257526.25
2142000,0,0.01860999999999999,0.01872609059015906,0.3270092010498047,0.0029195165261626244,0.00047350944951176646,1.340542221441865e-05,0.2440309077501297,87.23910193631873,0.035615261644124985,3514067.0,2257068.5
2144000,0,0.01860999999999999,0.018726150194803892,0.32689037919044495,0.0029187543317675587,0.00047310395166277885,1.4328295947052538e-05,0.24346815049648285,87.48313287387118,0.03561533987522125,3514541.5,2256552.5
2146000,0,0.01860999999999999,0.018726110458374023,0.3267737925052643,0.0029186712577939033,0.0004729001317173242,1.375714928144589e-05,0.24385850131511688,87.72660096476302,0.03562682867050171,3515045.0,2256037.25
2148000,0,0.01860999999999999,0.018726110458374023,0.3266690969467163,0.0029184866696596143,0.00047235190868377686,1.289547508349642e-05,0.24483244121074677,87.97045946607814,0.0356268584728241,3515527.0,2255599.5
2150000,0,0.01860999999999999,0.018726110458374023,0.32657095789909363,0.002918283641338348,0.00047321501187980175,1.2534699635580182e-05,0.24500766396522522,88.2152918625854,0.03562679886817932,3515985.25,2255197.0
2152000,0,0.01860999999999999,0.018726110458374023,0.3264755308628082,0.0029181525111198424,0.00047351033426821235,1.2202827929286287e-05,0.24555183947086334,88.46029954145179,0.035615283995866776,3516427.0,2254802.0
2154000,0,0.01860999999999999,0.018726150194803892,0.3263804614543915,0.0029180871322751047,0.00047428635880351064,1.1986029858235269e-05,0.24543029069900513,88.70585152993426,0.0356152281165123,3516856.75,2254411.75
2156000,0,0.01860999999999999,0.018726110458374023,0.3262874484062195,0.0029182601720094676,0.0004745606333017349,1.1821441148640586e-05,0.24524426460266113,88.95128164181934,0.03561538830399513,3517280.75,2254027.25
2158000,0,0.01860999999999999,0.018726150194803892,0.3261944651603699,0.002917841449379921,0.0004748124629259109,1.1741495109163225e-05,0.24565352499485016,89.19652592132316,0.03561530262231827,3517699.75,2253645.0
2160000,0,0.01860999999999999,0.018726110458374023,0.32610294222831726,0.0029183879494667055,0.0004748723935335875,1.1527708556968718e-05,0.24606157839298248,89.44217941651569,0.03561516851186752,3518107.25,2253265.75
2162000,0,0.01860999999999999,0.018726110458374023,0.32601219415664673,0.0029188642278313638,0.00047531384043395517,1.1374281893949955e-05,0.24595782160758972,89.6882410992168,0.03561526909470558,3518505.0,2252886.75
2164000,0,0.01860999999999999,0.018726110458374023,0.32592150568962097,0.0029196562245488167,0.0004745577462017536,1.1233297118451447e-05,0.24617010354995728,89.93419878671394,0.03561532124876976,3518898.75,2252510.25
2166000,0,0.01860999999999999,0.018726110458374023,0.3258310854434967,0.0029208479449152947,0.00047458847984671593,1.0729477799031883e-05,0.24622993171215057,90.1803689647697,0.03561536595225334,3519290.5,2252134.5
2168000,0,0.01860999999999999,0.018726110458374023,0.3257412314414978,0.002921486832201481,0.00047690654173493385,1.0944400855805725e-05,0.24620580673217773,90.42659889648185,0.03561527654528618,3519675.75,2251765.75
2170000,0,0.01860999999999999,0.018726110458374023,0.3256515562534332,0.0029221659526228903,0.00047549745067954063,1.094455728889443e-05,0.24602286517620087,90.67280452440009,0.03561526909470558,3520061.25,2251393.75
2172000,0,0.01860999999999999,0.0187261700630188,0.325562059879303,0.002923094481229782,0.00047496459446847437,1.0926539835054427e-05,0.2457810938358307,90.91882734487281,0.03561542183160782,3520444.5,2251022.5
2174000,0,0.01860999999999999,0.018726110458374023,0.32547295093536377,0.002923697791993618,0.00047480035573244095,1.1002071551047265e-05,0.24574318528175354,91.16460836420283,0.03561529517173767,3520826.25,2250648.5
2176000,0,0.01860999999999999,0.018726150194803892,0.3253836929798126,0.0029239600524306295,0.0004750252701342106,1.1147413169965148e-05,0.24575728178024292,91.41035160908923,0.03561530262231827,3521208.5,2250278.0
2178000,0,0.01860999999999999,0.01872618993123376,0.32529380917549133,0.0029239509254693984,0.0004759502131491899,1.1184650065843015e-05,0.2454254925251007,91.65610895047412,0.03561524674296379,3521589.0,2249902.5
2180000,0,0.01860999999999999,0.018726110458374023,0.3252042531967163,0.0029238102957606315,0.0004761249292641878,1.1200859444215893e-05,0.24521200358867645,91.90153456220851,0.03561529517173767,3521968.75,2249524.75
2182000,0,0.01860999999999999,0.018726150194803892,0.32511448860168457,0.00292303916066885,0.0004753392189741135,1.1112855281680822e-05,0.24523024260997772,92.14674659559951,0.03561532497406006,3522347.25,2249151.0
2184000,0,0.01860999999999999,0.01872618993123376,0.3250254988670349,0.002921984903514385,0.0004753658547997475,1.0918398766079918e-05,0.24515287578105927,92.3919769872211,0.0356152169406414,3522726.75,2248780.0
2186000,0,0.01860999999999999,0.018726110458374023,0.3249370753765106,0.0029206080362200737,0.000475208880379796,1.0908613330684602e-05,0.24512676894664764,92.63712996731029,0.03561527654528618,3523101.25,2248411.5
2188000,0,0.01898999999999999,0.019106189409891783,0.3246365487575531,0.002922220341861248,0.0004884658381342887,2.6502017863094807e-05,0.2475229799747467,92.88225673625693,0.035577259957790375,3526938.75,2247922.75
2190000,0,0.01898999999999999,0.0191061099370321,0.3244931399822235,0.00291890874505043,0.00048373923636972903,1.793760457076132e-05,0.25010740756988525,93.12977970133052,0.035577282309532166,3527941.5,2247431.0
2192000,0,0.01898999999999999,0.0191061099370321,0.3243725001811981,0.0029161490499973295,0.00048676449805498125,1.5233131125569343e-05,0.25114917755126953,93.37988701949344,0.035577304661273956,3528668.75,2246987.0
2194000,0,0.01898999999999999,0.0191061099370321,0.3242610991001129,0.0029142430052161218,0.0004871027078479529,1.3959636271465568e-05,0.25206512212753296,93.63103613744006,0.035577304661273956,3529294.75,2246565.5
2196000,0,0.01898999999999999,0.0191061099370321,0.32415467500686646,0.0029131399467587473,0.0004882601089775562,1.3323474559001624e-05,0.25290513038635254,93.88310119996295,0.035577192902565,3529871.25,2246160.5
2198000,0,0.01898999999999999,0.0191061099370321,0.324051171541214,0.002910439856350422,0.0004889089148491621,1.291634835069999e-05,0.2534058690071106,94.13600615153537,0.03557731211185455,3530409.0,2245764.25
2200000,0,0.01898999999999999,0.0191061099370321,0.32394877076148987,0.0029088977724313738,0.0004900751169770956,1.2640234490390866e-05,0.2532133460044861,94.38941210994945,0.035577185451984406,3530927.25,2245366.0
2202000,0,0.01898999999999999,0.0191061099370321,0.3238467276096344,0.0029076192528009414,0.0004917026497423648,1.2525764759629965e-05,0.2533656358718872,94.64262542615161,0.03557727485895157,3531432.0,2244971.25
2204000,0,0.01898999999999999,0.0191061099370321,0.3237453103065491,0.0029084179550409317,0.0004936882760375738,1.2204871018184349e-05,0.253446489572525,94.89599091301189,0.03557722643017769,3531923.25,2244576.0
2206000,0,0.01898999999999999,0.0191061099370321,0.3236456513404846,0.0029095789417624474,0.0004963803570717573,1.1801587243098764e-05,0.25248587131500244,95.14943734297977,0.035577192902565,3532392.75,2244178.75
2208000,0,0.01898999999999999,0.0191061099370321,0.32354459166526794,0.0029183682054281235,0.0005000527016818523,1.228064065799117e-05,0.25238287448883057,95.40192327389941,0.0355771966278553,3532856.5,2243774.25
2210000,0,0.01898999999999999,0.0191061099370321,0.3234309256076813,0.0029078008607029914,0.0004995251540094614,1.3132684398442506e-05,0.2521306276321411,95.65430602917895,0.03557728976011276,3533337.25,2243306.75
2212000,0,0.01898999999999999,0.0191061099370321,0.32331255078315735,0.002907568588852882,0.0005007109604775905,1.3669677719008177e-05,0.25164371728897095,95.9064365376018,0.03557709604501724,3533849.25,2242825.25
2214000,0,0.01898999999999999,0.0191061099370321,0.32319197058677673,0.0029067315161228177,0.0005020537879317998,1.3823238259647043e-05,0.2509925663471222,96.1580802846931,0.03557730093598366,3534388.25,2242343.25
2216000,0,0.01898999999999999,0.0191061099370321,0.32307153940200806,0.002910255827009678,0.0005022947676479816,1.4053758059162647e-05,0.2505418658256531,96.4090728212379,0.03557717055082321,3534940.0,2241863.0
2218000,0,0.01898999999999999,0.0191061099370321,0.3229517340660095,0.0029119504615664478,0.0005015484523028136,1.4091706543695181e-05,0.25030338764190674,96.65961468706355,0.035577286034822464,3535497.25,2241387.25
2220000,0,0.01898999999999999,0.0191061099370321,0.3228326141834259,0.002913292311131954,0.0005014081485569477,1.4089062460698187e-05,0.2502691447734833,96.90991804490314,0.035577379167079926,3536055.5,2240917.5
2222000,0,0.01898999999999999,0.0191061099370321,0.3227144479751587,0.0029142994433641435,0.0005021801684051752,1.416554005118087e-05,0.2503187954425812,97.16018739829288,0.035577192902565,3536622.25,2240447.75
2224000,0,0.01898999999999999,0.0191061099370321,0.32259732484817505,0.002914078533649444,0.0005023543257266283,1.40090225613676e-05,0.2506098747253418,97.41050628314242,0.035577286034822464,3537181.0,2239985.75
2226000,0,0.01898999999999999,0.0191061099370321,0.32248130440711975,0.0029136961326003074,0.0005011987406760454,1.3890513218939305e-05,0.2509811222553253,97.66111603865848,0.035577286034822464,3537740.5,2239523.5
2228000,0,0.01898999999999999,0.0191061099370321,0.3223663866519928,0.0029130384325981138,0.0004997765179723501,1.3777831918559969e-05,0.25140380859375,97.91209725032077,0.03557710349559784,3538290.0,2239067.25
2230000,0,0.01898999999999999,0.0191061099370321,0.3222522437572479,0.002912386134266853,0.0004993104375898838,1.348756777588278e-05,0.25185665488243103,98.16350099930987,0.03557717055082321,3538833.0,2238612.0
2232000,0,0.01898999999999999,0.0191061099370321,0.32214057445526123,0.0029128553345799447,0.0004996287636458874,1.3085069076623767e-05,0.2522623538970947,98.4153577734016,0.03557724505662918,3539353.25,2238157.75
2234000,0,0.01898999999999999,0.0191061099370321,0.322030633687973,0.002914729528129101,0.0005004333797842264,1.2636720202863217e-05,0.2524625360965729,98.66761997828708,0.03557722643017769,3539848.0,2237705.75
2236000,0,0.01898999999999999,0.0191061099370321,0.32192307710647583,0.0029153019189834596,0.0005014960188418627,1.1700944742187857e-05,0.25247445702552795,98.92008236537204,0.03557718172669411,3540306.0,2237256.0
2238000,0,0.01898999999999999,0.0191061099370321,0.321817010641098,0.002915523014962673,0.000506784999743104,1.1781735520344227e-05,0.2521212100982666,99.17255685219989,0.035577211529016495,3540728.5,2236810.0
2240000,0,0.01898999999999999,0.0191061099370321,0.32170969247817993,0.002915970794856548,0.0005057362839579582,1.2071372475475072e-05,0.2515955865383148,99.42467806229816,0.03557714819908142,3541172.75,2236363.5
2242000,0,0.01898999999999999,0.0191061099370321,0.3216150999069214,0.0029228879138827324,0.0005081435199826955,1.0858368477784096e-05,0.2512604296207428,99.67627358923183,0.0355772040784359,3541469.5,2235926.75
2244000,0,0.01898999999999999,0.0191061099370321,0.3215091824531555,0.002920714020729065,0.0005054756533354521,1.2433712254278363e-05,0.25086814165115356,99.92753395924792,0.03557739034295082,3541927.25,2235492.5
2246000,0,0.01898999999999999,0.0191061099370321,0.3213996887207031,0.0029182823374867438,0.0005029986146837473,1.286515180254355e-05,0.2507704794406891,100.17840204129443,0.03557721525430679,3542416.0,2235046.0
2248000,0,0.01898999999999999,0.0191061099370321,0.3212852478027344,0.0029156502336263653,0.0005020587705075741,1.3466249220073223e-05,0.25083011388778687,100.42917246113048,0.035577140748500824,3542942.5,2234585.25
2250000,0,0.01898999999999999,0.0191061099370321,0.32116642594337463,0.0029119471088051795,0.0005001573357731104,1.3718684203922748e-05,0.2510063946247101,100.68000269422755,0.03557715564966202,3543487.25,2234104.25
2252000,0,0.01898999999999999,0.0191061099370321,0.3210514783859253,0.002909880131483078,0.0004998575430363416,1.3513128214981405e-05,0.25143614411354065,100.93100914845691,0.03537629544734955,3544031.75,2233644.25
2254000,0,0.01898999999999999,0.0191061099370321,0.3209379017353058,0.0029081005603075025,0.0004988913889974355,1.3346261403057724e-05,0.25189974904060364,101.18244541177974,0.03537650778889656,3544556.75,2233183.25
2256000,0,0.01898999999999999,0.0191061099370321,0.3208244740962982,0.0029075361788272855,0.0004988590255379676,1.3193819904699922e-05,0.25221413373947144,101.43434516082034,0.035376276820898056,3545078.25,2232723.25
2258000,0,0.01898999999999999,0.0191061099370321,0.32070985436439514,0.002906432934105396,0.000498733576387167,1.3397712609730662e-05,0.2524586617946625,101.68655932436214,0.03540848568081856,3545598.25,2232254.25
2260000,0,0.01898999999999999,0.0191061099370321,0.32059353590011597,0.0029064087197184564,0.0004972988739609718,1.347944198641926e-05,0.25278764963150024,101.93901804576144,0.03540854901075363,3546113.5,2231774.25
2262000,0,0.01898999999999999,0.0191061099370321,0.32047781348228455,0.0029061069712042805,0.0004967465065419674,1.3291720824781803e-05,0.25313276052474976,102.19180587420688,0.035376474261283875,3546625.25,2231293.25
2264000,0,0.01898999999999999,0.0191061099370321,0.32036441564559937,0.0029067000374197955,0.0004951596725732087,1.3200030662119388e-05,0.2533753216266632,102.44493878374324,0.03540850803256035,3547134.0,2230824.5
2266000,0,0.01898999999999999,0.0191061099370321,0.3202536702156067,0.0029072502627968786,0.0004938880447298288,1.3088718696963042e-05,0.25375521183013916,102.69831395635829,0.03537629544734955,3547633.75,2230365.75
2268000,1,0.01860999999999999,0.01872607072194421,0.3203539550304413,0.0029047736898064613,0.0004900279454886913,2.938391662610229e-06,0.2496679127216339,102.9520692575954,0.03541406989097595,3544665.0,2230042.0
2270000,1,0.01860999999999999,0.01872618993123376,0.32030051946640015,0.002905311807990074,0.00048769093118607995,5.808653440908529e-06,0.2455483227968216,103.20173705110774,0.0354141928255558,3544536.25,2229724.25
2272000,1,0.018229999999999993,0.018346110979716,0.32043755054473877,0.0029042575508356097,0.0004935990553349256,8.456156501779331e-06,0.23955698311328888,103.44728520999179,0.03546823188662529,3541183.0,2229492.25
2274000,1,0.018229999999999993,0.01834626992543542,0.3204154670238495,0.002905908226966858,0.00048627168871462345,1.4204770195647143e-06,0.23558102548122406,103.68684231231437,0.035468123853206635,3540727.25,2229254.5
2276000,1,0.017849999999999994,0.01796623071034753,0.32057803869247437,0.0029040731489658354,0.0004949845839291811,1.2148623500252142e-05,0.23079168796539307,103.92242327819095,0.03550640866160393,3537130.75,2229090.25
2278000,1,0.017849999999999994,0.017966310183207213,0.3205709457397461,0.002905472181737423,0.0004900083877146244,9.716644854051991e-07,0.22711510956287384,104.15321527908073,0.03550633788108826,3536543.0,2228898.75
2280000,1,0.017469999999999996,0.01758619149525964,0.3207469880580902,0.002905315905809402,0.0005017602816224098,1.3904055231250823e-05,0.2231183648109436,104.38033044824824,0.03554432839155197,3532826.0,2228774.75
2282000,1,0.017469999999999996,0.01758631070454919,0.3207539916038513,0.0029070109128952024,0.0004901070613414049,2.2042189812054857e-06,0.22021454572677612,104.60344894716964,0.03554427623748779,3532120.25,2228624.0
2284000,1,0.017089999999999998,0.01720623175303143,0.320943146944046,0.002907336317002773,0.0005019793752580881,1.6045270604081453e-05,0.2161911278963089,104.82366352269874,0.03558257594704628,3528300.75,2228536.0
2286000,1,0.017089999999999998,0.017206350962320982,0.3209630846977234,0.0029090289026498795,0.0004958981648087501,4.083002932020462e-06,0.21383288502693176,105.03985474000201,0.035582687705755234,3527501.75,2228428.75
2288000,1,0.01671,0.01682631174723309,0.3211643099784851,0.0029084103181958197,0.0005052956752479076,1.841346820583567e-05,0.2119436413049698,105.25368766973243,0.035649288445711136,3523603.75,2228383.0
2290000,1,0.01671,0.016826331615447998,0.3211972117424011,0.0029093919321894644,0.000498439185321331,6.472403765656054e-06,0.20975276827812195,105.46563129613624,0.03564345836639404,3522724.25,2228320.25
2292000,1,0.01633,0.01644633213678992,0.3214107155799866,0.0029085539281368256,0.0005092773120850324,2.050267212325707e-05,0.2062283754348755,105.67538442204223,0.0356266014277935,3518750.75,2228311.0
2294000,1,0.01633,0.01644633213678992,0.32145312428474426,0.0029114337638020513,0.0005034812726080417,8.395500481128693e-06,0.20440205931663513,105.88161287198291,0.03564361482858658,3517812.75,2228285.5
2296000,1,0.015950000000000002,0.016066372394561768,0.3216782510280609,0.0029117656871676446,0.0005131904501467943,2.2227452427614482e-05,0.2024904191493988,106.08601490149722,0.035642873495817184,3513795.75,2228322.0
2298000,1,0.015950000000000002,0.01606641213099158,0.3217323422431946,0.002914371155202389,0.0005070876330137252,1.0284604650223626e-05,0.20081306993961334,106.28850543985591,0.035648055374622345,3512825.0,2228347.0
2300000,1,0.015950000000000002,0.01606645186742145,0.32174861431121826,0.0029148828238248826,0.0005032675806432962,6.308187585091219e-06,0.19937603175640106,106.48931858430133,0.03564818575978279,3512272.25,2228291.25
2302000,1,0.015570000000000002,0.015686392784118652,0.32197362184524536,0.0029160499572753905,0.0005169880110770464,2.1243223454803228e-05,0.1990407556295395,106.68869460115657,0.035703450441360474,3508348.5,2228349.5
2304000,1,0.015570000000000002,0.015686551729838072,0.3220359981060028,0.002914073131978512,0.0005080769304186105,1.0528032726142554e-05,0.1973717361688614,106.8877355505012,0.03568654879927635,3507430.5,2228431.75
2306000,1,0.015570000000000002,0.01568647225697839,0.3220779299736023,0.0029166439548134805,0.0005063285119831562,7.897967589087784e-06,0.19498848915100098,107.0851072717689,0.035686567425727844,3506903.25,2228528.0
2308000,1,0.015190000000000002,0.015306492646535219,0.32234418392181396,0.0029179343953728673,0.0005190717056393623,2.3866083938628436e-05,0.19397665560245514,107.28009571621642,0.03574271872639656,3502898.25,2228788.25
2310000,1,0.015190000000000002,0.015306472778320312,0.3224305510520935,0.002918161638081074,0.0005116066429764032,1.1347595136612653e-05,0.19166214764118195,107.47407217810378,0.035742733627557755,3501800.5,2228943.0
2312000,1,0.015190000000000002,0.015306472778320312,0.3224654793739319,0.0029188662767410277,0.0005057751201093197,5.091524144518189e-06,0.19003276526927948,107.66573441515193,0.035742104053497314,3501184.0,2228959.5
2314000,1,0.014810000000000002,0.014926433563232422,0.322703093290329,0.0029183812439441677,0.0005192690528929234,2.010967436945066e-05,0.18706607818603516,107.85576726982818,0.03578135743737221,3497224.5,2229053.25
2316000,1,0.014810000000000002,0.014926552772521973,0.32277289032936096,0.0029192326590418817,0.0005103373900055885,8.682244515512138e-06,0.1862783432006836,108.04283345232234,0.035781379789114,3496235.75,2229135.5
2318000,1,0.014430000000000002,0.014546632766723633,0.3230355679988861,0.0029218804091215135,0.0005211654584854841,2.2989031276665627e-05,0.18580426275730133,108.22911173591838,0.035819392651319504,3492092.5,2229301.25
2320000,1,0.014430000000000002,0.01454671223958337,0.32312899827957153,0.0029247444123029704,0.0005206101574003697,1.1240266758250073e-05,0.18308265507221222,108.41491611788497,0.03581942617893219,3490940.25,2229452.0
2322000,1,0.014430000000000002,0.01454659303029382,0.3231789469718933,0.002928019128739834,0.0005140977911651134,6.40647267573513e-06,0.18242813646793365,108.5979988027595,0.035819653421640396,3490202.75,2229495.75
2324000,1,0.014050000000000002,0.014166593551635742,0.32343506813049316,0.0029314741492271422,0.0005246457643806934,2.2563889797311276e-05,0.18181243538856506,108.78042701373325,0.03586898744106293,3486120.75,2229627.5
2326000,1,0.014050000000000002,0.01416667302449548,0.32352060079574585,0.0029322950169444087,0.0005200136452913285,1.0521459626033901e-05,0.18102464079856873,108.96223961303458,0.0358688123524189,3485051.5,2229761.0
2328000,1,0.014050000000000002,0.014166633288065611,0.3235677182674408,0.0029337953776121138,0.0005146309733390807,6.12259900663048e-06,0.1818932443857193,109.14326416442618,0.03586890175938606,3484419.25,2229823.75
2330000,1,0.013670000000000002,0.013786633809407589,0.3238224685192108,0.002934652380645275,0.0005253384821116925,2.2433487174566835e-05,0.18185050785541534,109.32515739391074,0.03590770810842514,3480440.75,2229983.5
2332000,1,0.013670000000000002,0.01378675301869714,0.32390910387039185,0.002936393395066261,0.0005202574655413627,1.094308026949875e-05,0.18196259438991547,109.50700790176616,0.03590771555900574,3479438.75,2230151.25
2334000,1,0.013670000000000002,0.01378675301869714,0.323956698179245,0.0029388222843408584,0.0005159137770533561,6.79316945024766e-06,0.1829615980386734,109.68897037694678,0.03590786084532738,3478837.25,2230234.5
2336000,1,0.013290000000000001,0.0134068330128988,0.32422176003456116,0.002946239896118641,0.0005299624521285295,2.4522989406250417e-05,0.1835038959980011,109.87193204949126,0.035946719348430634,3474803.25,2230425.75
2338000,1,0.013290000000000001,0.013406793276468931,0.3243236243724823,0.0029453471302986144,0.0005246575456112623,1.2391789641696959e-05,0.1845024973154068,110.05543587098346,0.0359468050301075,3473699.5,2230633.25
2340000,1,0.013290000000000001,0.013406753540039062,0.3243767321109772,0.0029439901933073992,0.0005199665669351816,7.016817107796669e-06,0.18548744916915894,110.2399382788919,0.03594677150249481,3473111.75,2230757.25
2342000,1,0.012910000000000001,0.01302679379781091,0.32464343309402466,0.002944621443748474,0.0005316454917192459,2.387483255006373e-05,0.18694016337394714,110.42542574296222,0.035985708236694336,3469137.25,2230977.5
2344000,1,0.012910000000000001,0.013026833534240723,0.32474979758262634,0.0029461313039064406,0.0005253439769148827,1.2791641347575933e-05,0.18793725967407227,110.61236599574313,0.03598581254482269,3468077.75,2231234.5
2346000,1,0.012910000000000001,0.013026833534240723,0.3248133361339569,0.0029475696384906767,0.0005227257963269949,8.022311521926894e-06,0.18925020098686218,110.80030301699863,0.035985834896564484,3467406.5,2231386.0
2348000,1,0.012530000000000001,0.0126468340555827,0.3250930607318878,0.002950170636177063,0.0005350811872631311,2.4344673147425055e-05,0.18840669095516205,110.98955327759013,0.03604133054614067,3463348.75,2231646.0
2350000,1,0.012530000000000001,0.012646913528442383,0.3252129852771759,0.0029520105570554735,0.0005322241224348546,1.3949001731816679e-05,0.1897321194410324,111.17795990894065,0.036041248589754105,3462225.25,2231956.75
2352000,1,0.012530000000000001,0.01264687379201257,0.3252985179424286,0.0029519906267523764,0.0005294041708111763,1.0220426338491961e-05,0.1893431544303894,111.36769208798633,0.03604117035865784,3461478.25,2232219.75
2354000,1,0.012530000000000001,0.01264687379201257,0.32537126541137695,0.0029528141021728516,0.0005269342567771673,7.864138024160638e-06,0.1908239722251892,111.55703533182368,0.03604116663336754,3460872.25,2232454.5
2356000,1,0.012150000000000001,0.012266874313354492,0.32566747069358826,0.0029534609988331796,0.0005381416529417038,2.4900800781324506e-05,0.19137392938137054,111.74785931895003,0.036063481122255325,3456804.25,2232800.5
2358000,1,0.012150000000000001,0.012266914049784361,0.32580259442329407,0.0029554879292845726,0.0005299700889736414,1.3847868831362574e-05,0.19187483191490173,111.9392332483314,0.0360635481774807,3455634.5,2233175.0
2360000,1,0.012150000000000001,0.012266914049784361,0.3258957862854004,0.002957143820822239,0.0005276676267385483,9.399520058650523e-06,0.1915677785873413,112.13110815475211,0.036063533276319504,3454856.5,2233447.5
2362000,1,0.011770000000000001,0.011886954307556152,0.3262168765068054,0.002959628775715828,0.0005395129788666963,2.761913929134607e-05,0.18971189856529236,112.32267593333945,0.03609764948487282,3450693.25,2233888.0
2364000,1,0.011770000000000001,0.011886974175771114,0.3264007568359375,0.0029621968045830727,0.0005351446103304625,1.743301108945161e-05,0.18713515996932983,112.51238781700359,0.036125898361206055,3449379.0,2234486.5
2366000,1,0.011770000000000001,0.011886974175771114,0.3265194594860077,0.002963708899915218,0.0005306561943143606,1.0878468310693278e-05,0.18462933599948883,112.69952291736827,0.03613773360848427,3448459.0,2234853.75
2368000,1,0.011770000000000001,0.011886974175771059,0.32660529017448425,0.002965049631893635,0.0005304011516273021,7.573523180326447e-06,0.18395520746707916,112.88415217886195,0.036125995218753815,3447780.75,2235113.25
2370000,1,0.01139,0.011506994565328,0.3269098401069641,0.0029647547751665113,0.0005420482717454433,2.5416695280000567e-05,0.18182159960269928,113.06810731182323,0.03617258742451668,3443702.75,2235480.75
2372000,1,0.01139,0.011506974697113037,0.3270566165447235,0.002966804802417755,0.0005353270098567009,1.4210098015610129e-05,0.17882943153381348,113.24992889652476,0.03617251291871071,3442517.0,2235889.75
2374000,1,0.01139,0.011507014433542906,0.32715895771980286,0.002969644032418728,0.0005346434190869331,9.392913489136845e-06,0.17748819291591644,113.42875837276206,0.036172568798065186,3441729.0,2236192.0
2376000,1,0.01101,0.011126935482025146,0.32747963070869446,0.00296957790851593,0.0005464375484734773,2.7424533618614076e-05,0.1757662445306778,113.60624658057914,0.036212049424648285,3437576.25,2236610.25
2378000,1,0.01101,0.011126975218455015,0.32763612270355225,0.0029636718332767486,0.0005391973070800304,1.5459120913874357e-05,0.1737077832221985,113.78201266119704,0.03621210902929306,3436322.75,2237063.75
2380000,1,0.01101,0.011127014954884829,0.32775256037712097,0.0029620055109262464,0.0005355337634682655,1.1374896712368355e-05,0.17380785942077637,113.95572044441924,0.03621211275458336,3435467.5,2237409.5
2382000,1,0.01101,0.011127014954884829,0.3278510868549347,0.0029599642381072044,0.0005346449557691813,8.949046605266631e-06,0.1746537983417511,114.1295283485435,0.03621199354529381,3434799.25,2237728.5
2384000,1,0.01063,0.010746936003367125,0.32816553115844727,0.0029593693092465397,0.0005453061312437057,2.6950796018354593e-05,0.17263495922088623,114.30418210218177,0.03625179082155228,3430690.0,2238137.5
2386000,1,0.01063,0.010747035344441769,0.3283190131187439,0.002960638329386711,0.0005382636096328496,1.545140112284571e-05,0.1707419604063034,114.4768169272922,0.036251913756132126,3429450.75,2238573.5
2388000,1,0.01063,0.010747035344441769,0.3284306228160858,0.002959759719669819,0.0005389559082686901,1.096308187698014e-05,0.17000453174114227,114.64755885789619,0.03625193238258362,3428599.25,2238912.25
2390000,1,0.01063,0.010747035344441769,0.32851728796958923,0.0029602348804473873,0.0005368049256503581,7.676432869629934e-06,0.17038065195083618,114.81756318102107,0.036251895129680634,3427935.5,2239186.25
2392000,1,0.01025,0.010366996129353878,0.32883018255233765,0.0029589852318167684,0.0005462198052555322,2.6051289751194417e-05,0.1702011376619339,114.98794398198352,0.03629143163561821,3423852.25,2239585.25
2394000,1,0.01025,0.010366996129353878,0.3289911448955536,0.0029591711238026617,0.0005394603125751018,1.566510181874037e-05,0.16906681656837463,115.15814501533733,0.036291491240262985,3422609.0,2240064.5
2396000,1,0.01025,0.010366996129353878,0.3291100561618805,0.0029615100473165514,0.0005396060645580292,1.1406989506212994e-05,0.16837216913700104,115.32721204052196,0.0362914614379406,3421731.0,2240446.75
2398000,1,0.01025,0.010367055733998598,0.3292071521282196,0.002962258830666542,0.000535693671554327,8.482727571390569e-06,0.166708841919899,115.49558417985664,0.03629160672426224,3421026.75,2240774.0
2400000,1,0.00987,0.009987175464630127,0.3295353353023529,0.0029606295749545096,0.0005454923491925001,2.7098291320726274e-05,0.1659742295742035,115.66229315588699,0.036330584436655045,3416875.5,2241230.0
2402000,1,0.00987,0.009987195332845089,0.32971104979515076,0.002961535006761551,0.0005412880331277847,1.7230452795047312e-05,0.16446518898010254,115.82826740036235,0.03633059561252594,3415589.75,2241771.75
2404000,1,0.00987,0.009987175464630127,0.32984811067581177,0.0029621822759509087,0.0005416997242718935,1.3455851876642555e-05,0.16444848477840424,115.99273252973781,0.03633059561252594,3414629.75,2242224.5
2406000,1,0.00987,0.009987135728200258,0.3299711346626282,0.0029635556042194363,0.0005405353382229805,1.0526845289859921e-05,0.16461622714996338,116.1571809400104,0.03633052855730057,3413783.25,2242617.5
2408000,1,0.00987,0.009987235069274902,0.3300768733024597,0.002964679338037968,0.0005352345760911703,7.875992741901427e-06,0.16318829357624054,116.32179710755572,0.03633518144488335,3413158.25,2242997.0
2410000,1,0.00949,0.009607156117757198,0.3304300606250763,0.002966705337166786,0.0005486208014190197,2.868625451810658e-05,0.15997403860092163,116.484985311725,0.036393746733665466,3409077.0,2243598.5
2412000,1,0.00949,0.00960727532704675,0.33065494894981384,0.0029757259413599967,0.0005497725214809179,1.9950195564888418e-05,0.1595088392496109,116.64495945463405,0.03639356791973114,3407693.0,2244358.25
2414000,1,0.00949,0.00960727532704675,0.33083629608154297,0.003004135191440582,0.0005670879036188126,1.2388144386932255e-05,0.15778537094593048,116.80446820447669,0.036393601447343826,3406669.75,2245010.5
2416000,1,0.00949,0.00960723559061688,0.3309972286224365,0.00299653597176075,0.0005480035208165645,1.4250577078200876e-05,0.1563229262828827,116.9622535456203,0.0363936685025692,3405786.25,2245586.5
2418000,1,0.00949,0.00960727532704675,0.33119258284568787,0.002987897582352161,0.0005466572009027004,1.79295297130011e-05,0.1561625450849533,117.11857639739738,0.036393746733665466,3404947.75,2246388.0
2420000,1,0.00911,0.00922719637552899,0.33164647221565247,0.002995256707072258,0.0005628383718430996,3.814965602941811e-05,0.15346457064151764,117.27473900208697,0.036400649696588516,3400346.0,2247330.0
2422000,1,0.00911,0.009227275848388672,0.33190634846687317,0.0029973795637488363,0.0005510262213647365,2.2050921688787636e-05,0.15269236266613007,117.42820363233314,0.03643354773521423,3398648.0,2248150.75
2424000,1,0.00911,0.00922731558481854,0.33208295702934265,0.0030023211613297465,0.0005512330681085587,1.7518484673928467e-05,0.15363860130310059,117.5808959055923,0.036400534212589264,3397557.25,2248780.0
2426000,1,0.00911,0.009227295716603579,0.332241952419281,0.002997033856809139,0.0005509707145392894,1.4397442282643168e-05,0.15324856340885162,117.7345345068954,0.0364336334168911,3396593.75,2249384.5
2428000,1,0.00911,0.009227295716603579,0.33237379789352417,0.0029959797859191893,0.0005479191895574331,1.0487066901987417e-05,0.15323616564273834,117.88778324911819,0.036400578916072845,3395799.25,2249859.0
2430000,1,0.00873,0.008847256501515688,0.3327452838420868,0.002999107912182808,0.0005682123824954033,3.20378690958023e-05,0.15080782771110535,118.04101937005744,0.036451078951358795,3391615.0,2250502.25
2432000,1,0.00873,0.008847355842590332,0.33300620317459106,0.0030032360926270487,0.0005677645094692707,2.56496510701254e-05,0.14843334257602692,118.19182730207667,0.03645097464323044,3390114.5,2251410.75
2434000,1,0.00873,0.008847355842590332,0.3332497477531433,0.0030007993802428244,0.0005591525230556726,2.1372115588746963e-05,0.14688175916671753,118.3402605701469,0.03645094484090805,3388901.5,2252353.5
2436000,1,0.00873,0.008847355842590332,0.33346882462501526,0.0030010512098670003,0.0005545511841773987,1.7943589773494748e-05,0.14612051844596863,118.48714252302871,0.036451008170843124,3387848.0,2253204.0
2438000,1,0.00873,0.008847415447235107,0.33367112278938293,0.0029990628361701963,0.0005517252255231142,1.7908541485667227e-05,0.1459895819425583,118.63326320538745,0.03645109012722969,3386888.75,2253993.25
2440000,1,0.00835,0.00846719741821289,0.3341370224952698,0.0030038194730877877,0.0005730935838073491,4.110289737582207e-05,0.1447754055261612,118.77925265321956,0.03649134933948517,3382434.0,2255062.75
2442000,1,0.00835,0.008467296759287535,0.33449074625968933,0.003008961491286755,0.0005683749914169312,3.325137367937714e-05,0.14426536858081818,118.92402793953643,0.036491379141807556,3380631.5,2256375.25
2444000,1,0.00835,0.008467276891072628,0.33482176065444946,0.003013872355222702,0.0005667867138981819,3.168679540976882e-05,0.14364661276340485,119.06829332301841,0.03649131581187248,3379110.0,2257679.25
2446000,1,0.00835,0.008467296759287535,0.3351564109325409,0.0030150456354022023,0.0005641547497361898,2.972384390886873e-05,0.14412835240364075,119.21193996558414,0.03649134188890457,3377662.0,2259039.0
2448000,1,0.00835,0.008467276891072628,0.3354584872722626,0.0030118741095066072,0.0005600921344012022,2.6333396090194582e-05,0.14384706318378448,119.35606843719707,0.036491259932518005,3376325.0,2260253.5
2450000,1,0.00797,0.008087257544199644,0.33597028255462646,0.0030088825151324268,0.0005794221535325051,4.410113615449518e-05,0.14238230884075165,119.49991560468898,0.036507558077573776,3371624.5,2261469.25
2452000,1,0.00797,0.008087416489919008,0.33631646633148193,0.0030083443969488146,0.0005663806106895208,3.24791093589738e-05,0.1404886096715927,119.64229777941928,0.03653150051832199,3369737.25,2262702.0
2454000,1,0.00797,0.008087416489919008,0.3366089463233948,0.0030091650784015655,0.0005630703642964363,2.795907203108072e-05,0.14017067849636078,119.7827862996839,0.0365314856171608,3368250.0,2263790.75
2456000,1,0.00797,0.008087396621704102,0.33687353134155273,0.003008672036230564,0.0005630843807011843,2.5157962227240205e-05,0.14007079601287842,119.92295703778491,0.036507584154605865,3366951.5,2264796.75
2458000,1,0.00797,0.008087416489919008,0.33711397647857666,0.0030068309977650644,0.0005613491404801606,2.266323281219229e-05,0.1400141716003418,120.06302772948966,0.036507461220026016,3365763.25,2265718.25
2460000,1,0.0075899999999999995,0.007707536220550537,0.33758628368377686,0.0030073285102844237,0.0005776046309620142,4.271109937690198e-05,0.13886703550815582,120.20304181168304,0.03654780983924866,3361183.25,2266763.5
2462000,1,0.0075899999999999995,0.007707615693410219,0.3379226624965668,0.0030040513724088665,0.0005673769861459731,3.353633510414511e-05,0.13661029934883118,120.34190881738887,0.03654181957244873,3359321.25,2267966.5
2464000,1,0.0075899999999999995,0.007707615693410219,0.33821770548820496,0.0030021270737051963,0.0005635012406855821,2.8354488313198088e-05,0.1364182084798813,120.47851910183654,0.03654163330793381,3357797.0,2269073.25
2466000,1,0.0075899999999999995,0.007707615693410219,0.3384789824485779,0.00300106406211853,0.0005621756426990032,2.5062644272111354e-05,0.13573004305362701,120.61493720600829,0.036547742784023285,3356468.75,2270059.75
2468000,1,0.0075899999999999995,0.007707536220550537,0.33871492743492126,0.003000228852033615,0.0005593275651335716,2.1974941773805764e-05,0.13496345281600952,120.75066718945727,0.03654172644019127,3355289.75,2270947.5
2470000,1,0.007209999999999999,0.007327457269032778,0.33919012546539307,0.002997047640383243,0.0005760555155575275,4.072605806868523e-05,0.13407914340496063,120.88563055286632,0.036593396216630936,3350748.25,2272000.0
2472000,1,0.007209999999999999,0.0073275764783223285,0.33952796459198,0.002999518066644668,0.0005693223793059587,3.1634437618777156e-05,0.1327563226222992,121.01970963666663,0.03659337759017944,3348961.75,2273213.75
2474000,1,0.007209999999999999,0.007327536741892515,0.33985045552253723,0.0029963187873363497,0.000569867854937911,2.977246476802975e-05,0.13173766434192657,121.15246598909125,0.036593277007341385,3347477.75,2274467.0
2476000,1,0.007209999999999999,0.007327516873677609,0.3401566743850708,0.002996670827269554,0.0005696133710443973,2.8340128483250738e-05,0.1320391446352005,121.2842036832355,0.03659336641430855,3346092.0,2275666.5
2478000,1,0.007209999999999999,0.0073274970054626465,0.3404509425163269,0.0029973046854138373,0.0005686332006007433,2.6884628459811212e-05,0.13105320930480957,121.4162427533649,0.03659331053495407,3344765.5,2276813.25
2480000,1,0.007209999999999999,0.0073274970054626465,0.34072422981262207,0.0029978051781654356,0.0005664031486958265,2.4824458523653448e-05,0.13175280392169952,121.54729600737319,0.036593545228242874,3343484.75,2277874.5
2482000,1,0.007209999999999999,0.0073274970054626465,0.3409934639930725,0.003001272492110729,0.0005671148188412189,2.530206402298063e-05,0.1323871612548828,121.67904882619605,0.036610137671232224,3342262.75,2278921.75
2484000,1,0.007209999999999999,0.0073274970054626465,0.34127339720726013,0.002995873801410198,0.0005662085022777319,2.6455300394445656e-05,0.13160093128681183,121.81143603215442,0.036593444645404816,3340976.75,2280032.25
2486000,1,0.007209999999999999,0.00732747713724774,0.3415473699569702,0.002998250722885132,0.0005651089828461408,2.516530803404748e-05,0.1317407339811325,121.94303693363891,0.036593351513147354,3339702.75,2281095.0
2488000,1,0.007209999999999999,0.007327437400817871,0.34180188179016113,0.0030011283233761787,0.0005637621041387319,2.270676486659795e-05,0.13087595999240875,122.07477777192817,0.036593545228242874,3338483.75,2282072.25
2490000,1,0.007209999999999999,0.007327437400817871,0.34203845262527466,0.00300053097307682,0.0005606779828667641,2.159155264962464e-05,0.1311098337173462,122.20565361271129,0.03659344092011452,3337351.5,2282975.25
2492000,1,0.007209999999999999,0.007327437400817871,0.3422664403915405,0.0029994353652000425,0.0005598137620836496,2.041323750745505e-05,0.1310511976480484,122.33676335702167,0.03659338131546974,3336289.5,2283853.25
2494000,1,0.007209999999999999,0.007327437400817871,0.34250104427337646,0.002998839132487774,0.0005596388597041368,2.0487657457124443e-05,0.12979575991630554,122.46781449506507,0.03659338131546974,3335274.0,2284791.25
2496000,1,0.007209999999999999,0.007327437400817871,0.34272152185440063,0.0029963737353682516,0.0005584775004535914,1.9424424681346864e-05,0.12978902459144592,122.5976102847837,0.036593496799468994,3334271.25,2285667.75
2498000,1,0.007209999999999999,0.007327437400817871,0.3429300785064697,0.0029947889968752863,0.0005569246131926775,1.821182086132467e-05,0.12846669554710388,122.72739927957282,0.03659332916140556,3333305.0,2286488.0
2500000,1,0.007209999999999999,0.007327377796173096,0.3431324362754822,0.002994933724403381,0.0005557399708777666,1.7532276979181914e-05,0.12762658298015594,122.85586599002109,0.03659342974424362,3332376.0,2287286.5
2502000,1,0.007209999999999999,0.007327437400817871,0.34334734082221985,0.002997422404587269,0.0005567197222262621,1.9257071835454552e-05,0.12679019570350647,122.9834927071117,0.03659329563379288,3331472.5,2288162.75
2504000,1,0.007209999999999999,0.007327457269032778,0.34360578656196594,0.0030238987877964974,0.0005652447696775198,2.4003157159313558e-05,0.12662501633167267,123.1102829028152,0.05810817703604698,3330518.75,2289257.0
2506000,1,0.007209999999999999,0.007327377796173096,0.3439103662967682,0.0029956145212054253,0.0005649832542985677,2.3254410189110784e-05,0.12695571780204773,123.23690793404803,0.036593616008758545,3329419.75,2290588.5
2508000,1,0.007209999999999999,0.007327377796173096,0.3441789448261261,0.003000610694289207,0.0005678237881511449,2.323730150237679e-05,0.12693829834461212,123.36386362204776,0.03659355640411377,3328332.0,2291667.25
2510000,1,0.007209999999999999,0.007327417532602909,0.3444885313510895,0.0030403755605220794,0.0005831506103277206,2.7354914345778524e-05,0.12681670486927032,123.49080184588657,0.036582209169864655,3327222.25,2292979.5
2512000,1,0.007209999999999999,0.007327417532602909,0.34482964873313904,0.00301903560757637,0.0005708754528313875,2.9561444534920156e-05,0.12609022855758667,123.61761852095351,0.03659346327185631,3325959.75,2294434.0
2514000,1,0.007209999999999999,0.007327417532602909,0.34515249729156494,0.0030268035829067227,0.0005724943242967129,3.194988239556551e-05,0.12498252093791962,123.74370873460994,0.03659341111779213,3324589.75,2295736.5
2516000,1,0.007209999999999999,0.007327377796173096,0.3455168604850769,0.003024906478822231,0.0005915180779993534,4.204799188300967e-05,0.12396065145730972,123.86869133005366,0.03659346327185631,3322765.75,2297061.75
2518000,1,0.007209999999999999,0.007327397664388058,0.34588733315467834,0.0030222395434975624,0.0005781218875199555,3.234785690438002e-05,0.12165533006191254,123.99265198896155,0.03659345582127571,3320724.75,2298306.5
2520000,1,0.007209999999999999,0.007327377796173096,0.3462246358394623,0.0030251022428274153,0.0005690968595445156,2.8863901388831436e-05,0.1190972626209259,124.1143072668694,0.03659357875585556,3319392.75,2299729.25
2522000,1,0.007209999999999999,0.007327377796173096,0.34653544425964355,0.0030195249244570734,0.0005586170591413975,2.4888763437047598e-05,0.11874537914991379,124.23340455929265,0.03658207505941391,3318170.75,2301035.75
2524000,1,0.007209999999999999,0.007327377796173096,0.34680578112602234,0.0030185645446181297,0.0005550003610551357,2.263136557303369e-05,0.11809414625167847,124.35215002039895,0.03658211603760719,3317030.25,2302114.75
2526000,1,0.007209999999999999,0.007327377796173096,0.34705740213394165,0.0030196394771337507,0.0005543902050703764,2.1192754502408206e-05,0.11753775924444199,124.47024427840934,0.03658211603760719,3315955.25,2303113.0
2528000,1,0.007209999999999999,0.007327377796173096,0.34729626774787903,0.0030196329578757283,0.0005526949651539325,2.0522162958513946e-05,0.11666092276573181,124.58778200040088,0.03658205643296242,3314928.0,2304065.0
2530000,1,0.007209999999999999,0.007327377796173096,0.34752944111824036,0.003019489347934723,0.0005517201963812113,1.9742279255297033e-05,0.11635630577802658,124.7044428486608,0.036581940948963165,3313930.25,2304996.5
2532000,1,0.007209999999999999,0.007327377796173096,0.3477582037448883,0.0030185019597411154,0.0005517173558473587,1.9063925719819963e-05,0.11535757035017014,124.82079911718593,0.03658200800418854,3312958.25,2305912.75
2534000,1,0.007209999999999999,0.007327377796173096,0.34798094630241394,0.0030173948034644123,0.0005499323830008507,1.8469795759301632e-05,0.11502376943826675,124.9361566502832,0.03658192977309227,3312009.0,2306803.25
2536000,1,0.007209999999999999,0.007327377796173096,0.34819892048835754,0.0030152810737490653,0.000548107735812664,1.811813417589292e-05,0.11439121514558792,125.0511803303145,0.03659333661198616,3311079.5,2307671.75
2538000,1,0.007209999999999999,0.007327377796173096,0.3484153151512146,0.003014200180768967,0.0005470996256917715,1.7919794481713323e-05,0.1141810342669487,125.16557149330602,0.036581944674253464,3310163.25,2308537.25
2540000,1,0.007209999999999999,0.007327417532602909,0.34862464666366577,0.003013234958052635,0.0005460888613015413,1.7140590352937578e-05,0.11399595439434052,125.27975253502355,0.03658212348818779,3309255.75,2309365.5
2542000,1,0.007209999999999999,0.007327417532602909,0.34882789850234985,0.0030129984021186828,0.0005453801713883877,1.6469792171847075e-05,0.11345858126878738,125.39374857137427,0.036581967025995255,3308368.0,2310168.25
2544000,1,0.007209999999999999,0.007327457269032778,0.34902524948120117,0.0030128097161650656,0.0005448033567517996,1.5899993013590574e-05,0.11280898004770279,125.50720721969829,0.03658198192715645,3307501.75,2310947.0
2546000,1,0.007209999999999999,0.007327377796173096,0.3492184579372406,0.003012833371758461,0.0005446191411465406,1.5332399925682694e-05,0.11266276985406876,125.62001621464715,0.0365818552672863,3306653.25,2311706.25
2548000,1,0.007209999999999999,0.007327417532602909,0.34940436482429504,0.003012635745108127,0.0005440910346806049,1.4547823229804636e-05,0.11243459582328796,125.73267901430354,0.03658192977309227,3305825.25,2312434.25
2550000,1,0.006829999999999999,0.006947378317515074,0.3498551547527313,0.0030111856758594513,0.0005629065446555615,3.596224123612046e-05,0.11174903810024261,125.84511355052219,0.036628607660532,3301558.5,2313389.75
2552000,1,0.006829999999999999,0.006947457790374756,0.3501790165901184,0.003010689280927181,0.0005580311175435781,2.8158901841379702e-05,0.11134526133537292,125.9568624470614,0.036628518253564835,3299965.0,2314583.0
2554000,1,0.006829999999999999,0.006947457790374756,0.350466787815094,0.0030096862465143204,0.0005568366963416338,2.4747755378484723e-05,0.110456183552742,126.06820774564967,0.03661727160215378,3298638.25,2315683.25
2556000,1,0.006829999999999999,0.006947457790374756,0.35073143243789673,0.003008775971829891,0.0005552801303565502,2.2476325102616102e-05,0.11026650667190552,126.17866389194951,0.03661734610795975,3297445.25,2316708.0
2558000,1,0.006829999999999999,0.006947497526804569,0.35097938776016235,0.003008070588111877,0.0005541195161640645,2.078186807921156e-05,0.10841991007328033,126.28893034646735,0.03661729022860527,3296338.0,2317674.25
2560000,1,0.006829999999999999,0.006947497526804569,0.351218581199646,0.003008048236370087,0.0005533483810722827,1.990825112443417e-05,0.10841216146945953,126.39735021928773,0.036617476493120193,3295293.75,2318616.25
2562000,1,0.006829999999999999,0.006947497526804569,0.35145333409309387,0.0030072247609496112,0.0005529478657990694,1.948991703102365e-05,0.10741926729679108,126.50576244036183,0.03661740943789482,3294283.0,2319545.75
2564000,1,0.006829999999999999,0.006947497526804569,0.3516865372657776,0.0030065836384892465,0.0005525136832147836,1.9272745703347024e-05,0.1071818470954895,126.61318175981269,0.036617256700992584,3293292.75,2320476.0
2566000,1,0.006829999999999999,0.006947497526804569,0.35192081332206726,0.003005925007164478,0.0005527801346033812,1.937852648552507e-05,0.10642354935407639,126.72036355475412,0.03661737218499184,3292318.0,2321418.0
2568000,1,0.006829999999999999,0.006947497526804569,0.35216081142425537,0.0030070014297962186,0.0005538900382816791,1.9965665705967696e-05,0.1062278002500534,126.82678706685529,0.03662273660302162,3291334.0,2322391.0
2570000,1,0.006829999999999999,0.006947457790374756,0.3524168133735657,0.003007390350103378,0.0005556657910346985,2.1304488473106176e-05,0.10599616169929504,126.93301485965476,0.03661719337105751,3290334.75,2323450.5
2572000,1,0.006829999999999999,0.006947457790374756,0.352687805891037,0.0030064523220062252,0.0005584201775491237,2.3022457025945186e-05,0.1049141064286232,127.03901115546451,0.03661748766899109,3289290.75,2324579.75
2574000,1,0.006829999999999999,0.006947457790374756,0.3529842793941498,0.003004638664424419,0.0005633323453366756,2.562754089012742e-05,0.10433097928762436,127.1439253513001,0.03661743551492691,3288187.0,2325833.25
2576000,1,0.006829999999999999,0.006947497526804569,0.3533041179180145,0.003004256449639797,0.0005670385435223579,2.7719789068214594e-05,0.10470305383205414,127.24825640509353,0.03661730885505676,3287000.75,2327194.0
2578000,1,0.006829999999999999,0.006947497526804569,0.3536348044872284,0.0030048418790102004,0.0005686722695827484,2.8709729667752983e-05,0.1049184501171112,127.35295950362907,0.03661735728383064,3285748.25,2328585.75
2580000,1,0.006829999999999999,0.006947497526804569,0.3539670407772064,0.00300251692533493,0.0005693843122571707,2.8856840799562633e-05,0.1049000471830368,127.45787791649327,0.03661742061376572,3284462.0,2329967.5
2582000,1,0.006829999999999999,0.006947457790374756,0.35429587960243225,0.0030025605112314223,0.0005694563500583172,2.8976553585380317e-05,0.10458528995513916,127.56277794132457,0.03662264347076416,3283163.25,2331321.75
2584000,1,0.006829999999999999,0.006947457790374756,0.3546368479728699,0.003004508465528488,0.000571550615131855,2.9818530310876668e-05,0.10465152561664581,127.66736314187274,0.036582816392183304,3281844.25,2332741.75
2586000,1,0.006829999999999999,0.006947497526804569,0.3549671173095703,0.003002536669373512,0.0005695510189980268,2.8348591877147554e-05,0.10520529001951218,127.7720146227859,0.036617424339056015,3280509.5,2334084.75
2588000,1,0.006829999999999999,0.006947537263234438,0.35528552532196045,0.0030086366459727287,0.0005763036198914051,2.9785811784677206e-05,0.1055697649717331,127.87721993515716,0.036617524921894073,3279208.5,2335372.0
2590000,1,0.006829999999999999,0.006947497526804569,0.35568463802337646,0.003002934530377388,0.0005817292723804712,3.338956157676875e-05,0.10601478070020676,127.98278967777715,0.03661733865737915,3277828.75,2337099.25
2592000,1,0.006829999999999999,0.006947497526804569,0.356037437915802,0.0029994525015354157,0.0005738245788961649,2.9860209906473756e-05,0.10564196109771729,128.08880446592792,0.036617349833250046,3276364.0,2338524.75
2594000,1,0.006829999999999999,0.006947497526804569,0.3563458025455475,0.002996026910841465,0.0005672897212207317,2.6903263642452657e-05,0.10454970598220825,128.19444641212448,0.03661738708615303,3275012.75,2339730.0
2596000,1,0.006829999999999999,0.006947497526804569,0.356635719537735,0.0029951991513371464,0.000564605463296175,2.5864155031740665e-05,0.10345426946878433,128.29899614045843,0.03661734238266945,3273757.75,2340868.75
2598000,1,0.006829999999999999,0.006947537263234438,0.3569548428058624,0.003001120872795582,0.0005768190138041973,3.028879000339657e-05,0.1038280501961708,128.40245032797083,0.036588154733181,3272518.0,2342189.0
2600000,1,0.006829999999999999,0.006947457790374756,0.3573077917098999,0.0029983136802911757,0.0005743450950831175,2.9862739029340443e-05,0.10458666831254959,128.50627844522222,0.03661732375621796,3271178.75,2343669.25
2602000,1,0.006829999999999999,0.006947418053944943,0.35763785243034363,0.0029967959970235826,0.000568170053884387,2.696859592106193e-05,0.10425899922847748,128.61086515078767,0.036617428064346313,3269826.0,2345006.25
2604000,1,0.006829999999999999,0.006947497526804569,0.35789644718170166,0.002992902882397175,0.0005574161652475596,2.144068421330303e-05,0.10320121794939041,128.71512415001615,0.03661723434925079,3268589.75,2345973.25
2606000,1,0.006829999999999999,0.006947497526804569,0.35811394453048706,0.002992909960448742,0.0005512874573469162,1.8568696395959703e-05,0.1024840772151947,128.81832531581148,0.03661734610795975,3267519.75,2346764.75
2608000,1,0.006829999999999999,0.006947497526804569,0.35832712054252625,0.0029902976006269456,0.0005491957999765873,1.7876546189654617e-05,0.10126695781946182,128.92080932597145,0.03661732375621796,3266541.25,2347575.75
2610000,1,0.006829999999999999,0.006947497526804569,0.35852521657943726,0.002988013997673988,0.0005464208777993917,1.598048838786781e-05,0.10037035495042801,129.0220762912415,0.03661716729402542,3265608.0,2348312.75
2612000,1,0.006829999999999999,0.006947497526804569,0.35870784521102905,0.0029871087521314618,0.0005443952046334743,1.481137442169711e-05,0.09932422637939453,129.12244674304947,0.036582667380571365,3264733.0,2348991.0
2614000,1,0.006829999999999999,0.006947497526804569,0.35888537764549255,0.0029864486306905745,0.0005413015373051166,1.4247412036638706e-05,0.09895870089530945,129.22177093217596,0.036617279052734375,3263904.0,2349656.0
2616000,1,0.006829999999999999,0.006947497526804569,0.3590618371963501,0.0029860749840736386,0.0005391430109739304,1.4249868399929255e-05,0.09922202676534653,129.3207296256207,0.03661738336086273,3263099.5,2350324.25
2618000,1,0.006829999999999999,0.006947497526804569,0.35924065113067627,0.0029859507456421854,0.0005378391593694687,1.4771200949326157e-05,0.09853952378034592,129.41995168963894,0.036617204546928406,3262289.5,2351012.25
2620000,1,0.006829999999999999,0.006947457790374756,0.35942766070365906,0.0029976248741149904,0.0005391133949160576,1.6451382543891667e-05,0.0985729992389679,129.51849125067218,0.03661738336086273,3261461.25,2351734.75
2622000,1,0.006829999999999999,0.006947457790374756,0.35964435338974,0.0029901184141635897,0.0005389749072492122,1.780124584911391e-05,0.09786918014287949,129.61706424246057,0.03658270835876465,3260552.75,2352606.75
2624000,1,0.006829999999999999,0.006947457790374756,0.35985997319221497,0.0029949596151709556,0.0005389470141381025,1.7887036665342745e-05,0.09776461124420166,129.7149334375046,0.0366174690425396,3259625.5,2353452.25
2626000,1,0.006829999999999999,0.006947457790374756,0.36008426547050476,0.0030002392828464507,0.000540587306022644,1.970627054106444e-05,0.09757565706968307,129.81269811580404,0.03661741316318512,3258661.25,2354337.0
2628000,1,0.006829999999999999,0.0069473981857299805,0.360355019569397,0.0030048632994294166,0.0005543556530028581,2.88324779830873e-05,0.0977412611246109,129.91027375052198,0.03656013682484627,3257554.0,2355430.25
2630000,1,0.006449999999999999,0.006567319234212221,0.36097392439842224,0.0030011506751179695,0.0005762503482401371,5.331765278242528e-05,0.09765256941318512,130.0080149743937,0.03656117618083954,3252643.25,2357030.25
2632000,1,0.006449999999999999,0.006567398707071903,0.3614775240421295,0.002997123636305332,0.0005715282633900643,4.7883533989079295e-05,0.09745008498430252,130.105667417147,0.03656114265322685,3250310.75,2358920.5
2634000,1,0.006449999999999999,0.006567398707071903,0.36198127269744873,0.0029968244954943655,0.0005772013217210769,4.977617645636201e-05,0.09661204367876053,130.20311736802086,0.03659570589661598,3248136.5,2360901.5
2636000,1,0.006449999999999999,0.006567418575286865,0.36248067021369934,0.002995249442756176,0.0005731095094233752,4.6913311234675344e-05,0.0964890643954277,130.299729493656,0.03656099736690521,3245950.0,2362839.75
2638000,1,0.006449999999999999,0.006567418575286865,0.3629591166973114,0.0029907168820500376,0.0005690995138138532,4.416723677422851e-05,0.09589903056621552,130.39621844629272,0.036560915410518646,3243872.5,2364714.0
2640000,1,0.006449999999999999,0.006567378838857052,0.3633314073085785,0.002985922247171402,0.0005472349468618631,2.796134795062244e-05,0.09569308906793594,130.492117529013,0.0365956611931324,3242112.0,2366093.25
2642000,1,0.006449999999999999,0.006567418575286865,0.36359527707099915,0.002982966788113117,0.000538479769602418,2.086781460093334e-05,0.09535786509513855,130.58781071493848,0.03656105324625969,3240904.75,2367091.5
2644000,1,0.006449999999999999,0.0065674583117166785,0.3638160824775696,0.0029807351529598236,0.0005346008576452731,1.7556331295054405e-05,0.09515886008739471,130.68316854278072,0.03656105324625969,3239913.75,2367937.75
2646000,1,0.006449999999999999,0.006567498048146547,0.3640114665031433,0.002983215823769569,0.0005324831698089838,1.5656677715014666e-05,0.09449056535959244,130.77832742521986,0.03656120225787163,3239048.5,2368691.25
2648000,1,0.006449999999999999,0.0065674583117166785,0.3641943335533142,0.0029807345941662788,0.0005310294218361378,1.458514598198235e-05,0.09403013437986374,130.87281803528293,0.03659580647945404,3238247.0,2369400.25
2650000,1,0.006449999999999999,0.0065674583117166785,0.3643703758716583,0.0029806630685925485,0.0005304629448801279,1.4745282533112913e-05,0.0935732051730156,130.96684819201454,0.036618422716856,3237472.5,2370081.75
2652000,1,0.006449999999999999,0.0065674583117166785,0.3645581603050232,0.0029777897521853446,0.000531047722324729,1.5893418458290397e-05,0.09302005916833878,131.06042144189104,0.03656109422445297,3236661.0,2370820.0
2654000,1,0.006449999999999999,0.0065674583117166785,0.364747554063797,0.0029754821211099626,0.0005301262252032756,1.5595986042171717e-05,0.09294130653142929,131.1534415681146,0.036578331142663956,3235846.25,2371562.25
2656000,1,0.006449999999999999,0.0065674583117166785,0.3649408519268036,0.002975871600210667,0.0005304689984768629,1.654897496337071e-05,0.09236351400613785,131.24638295660242,0.03656098246574402,3235041.25,2372334.25
2658000,1,0.006449999999999999,0.0065674583117166785,0.36515066027641296,0.002980687282979488,0.0005331404507160186,1.8449446361046285e-05,0.0921565517783165,131.338746373751,0.0365610346198082,3234195.5,2373193.0
2660000,1,0.006449999999999999,0.0065674583117166785,0.3653860092163086,0.002992898784577846,0.0005388799589127302,2.102568105328828e-05,0.09198620170354843,131.43090290317758,0.03659554198384285,3233296.75,2374178.75
2662000,1,0.006449999999999999,0.006567498048146547,0.36564499139785767,0.0029899092391133305,0.0005369025282561779,2.2001221077516674e-05,0.09276454150676727,131.52288906762823,0.03656110167503357,3232304.75,2375261.0
2664000,1,0.006449999999999999,0.0065674583117166785,0.3658889830112457,0.0029879122972488402,0.0005346545018255711,2.0691993995569646e-05,0.09288235008716583,131.6156535346292,0.036561042070388794,3231286.5,2376240.75
2666000,1,0.006449999999999999,0.006567498048146547,0.3661234974861145,0.002986130677163601,0.0005338246934115886,2.015309437410906e-05,0.09274055063724518,131.70853584001287,0.03656094893813133,3230312.25,2377181.25
2668000,1,0.006449999999999999,0.006567418575286865,0.36635521054267883,0.002984517067670822,0.0005334987770766019,1.994487101910636e-05,0.09243286401033401,131.8012763161443,0.036561038345098495,3229349.5,2378108.0
2670000,1,0.006449999999999999,0.0065674583117166785,0.366584837436676,0.0029837111011147494,0.0005336940754204989,1.990803866647184e-05,0.0922851413488388,131.89370918760522,0.036560941487550735,3228399.5,2379032.5
2672000,1,0.006449999999999999,0.0065674583117166785,0.366815447807312,0.0029847364872694015,0.0005352258682250977,2.024034911300987e-05,0.09238691627979279,131.98599430660232,0.03656107932329178,3227461.25,2379966.5
2674000,1,0.006449999999999999,0.0065674583117166785,0.3670685589313507,0.002991080470383167,0.0005425997544080018,2.2702461865264923e-05,0.09210783243179321,132.07838122288211,0.036595579236745834,3226508.5,2381032.75
2676000,1,0.006449999999999999,0.0065674583117166785,0.36734065413475037,0.002996416203677654,0.0005435361992567778,2.3764338402543216e-05,0.09208177775144577,132.17048908511623,0.03656095638871193,3225478.25,2382180.75
2678000,1,0.006449999999999999,0.0065674583117166785,0.36759495735168457,0.002995554357767105,0.0005390837322920561,2.1619803737848995e-05,0.09238070994615555,132.26257094482406,0.036561090499162674,3224400.0,2383185.75
2680000,1,0.006449999999999999,0.0065674583117166785,0.3678334355354309,0.002994458936154842,0.0005367882084101438,2.0150562340859325e-05,0.09233562648296356,132.35495172927602,0.03656092658638954,3223379.5,2384125.5
2682000,1,0.006449999999999999,0.0065674583117166785,0.3680625259876251,0.0029935453087091444,0.0005351690575480461,1.916225592140108e-05,0.092208631336689,132.4472873483084,0.03656100854277611,3222410.25,2385034.25
2684000,1,0.006449999999999999,0.0065674583117166785,0.36828193068504333,0.0029921900480985642,0.0005337674636393785,1.834799477364868e-05,0.09199436753988266,132.53949600199684,0.03656092658638954,3221482.25,2385900.0
2686000,1,0.006449999999999999,0.0065674583117166785,0.3684934675693512,0.0029910186305642126,0.0005327471997588872,1.760429877322167e-05,0.09171807020902634,132.63149028012975,0.03656100481748581,3220580.5,2386733.75
2688000,1,0.006449999999999999,0.0065674583117166785,0.36869722604751587,0.0029901070520281787,0.0005317647941410541,1.7106372979469597e-05,0.09151538461446762,132.72320833543762,0.03659573942422867,3219707.75,2387537.25
2690000,1,0.006449999999999999,0.0065674583117166785,0.36889639496803284,0.0029888210818171503,0.0005307843908667565,1.6716678510420023e-05,0.0912848487496376,132.81472373495325,0.036561064422130585,3218853.25,2388320.0
2692000,1,0.006449999999999999,0.0065674583117166785,0.3690915107727051,0.0029876802116632463,0.0005302547942847013,1.6440010222140698e-05,0.09098145365715027,132.9060086209558,0.036561090499162674,3218020.75,2389088.25
2694000,1,0.006449999999999999,0.0065674583117166785,0.3692861497402191,0.0029874628409743307,0.0005302769131958485,1.6514884191565215e-05,0.0908486545085907,132.99699015656932,0.03656115010380745,3217193.0,2389858.75
2696000,1,0.006449999999999999,0.0065674583117166785,0.3694835901260376,0.002986692450940609,0.0005309124942868948,1.683762529864907e-05,0.09093883633613586,133.08783884088024,0.0365610308945179,3216358.25,2390637.75
2698000,1,0.006449999999999999,0.0065674583117166785,0.3696858584880829,0.0029853602871298787,0.0005312916822731495,1.7318534082733093e-05,0.09097430855035782,133.1787776697658,0.03656104579567909,3215503.5,2391439.25
2700000,1,0.006449999999999999,0.0065674583117166785,0.3698958456516266,0.002988343872129917,0.0005333127453923225,1.8138377345167098e-05,0.09086212515830994,133.26975194851383,0.03656108304858208,3214637.5,2392281.25
2702000,1,0.006449999999999999,0.006567498048146547,0.37011751532554626,0.0029879666864871977,0.000535024842247367,1.940053334692493e-05,0.09085475653409958,133.3606141258262,0.036561019718647,3213744.5,2393187.0
2704000,1,0.006449999999999999,0.006567498048146547,0.3703590929508209,0.0029981454834342,0.0005412694532424211,2.3740266624372452e-05,0.090858593583107,133.45146886745914,0.036595702171325684,3212783.0,2394176.0
2706000,1,0.006449999999999999,0.006567418575286865,0.37067264318466187,0.0030070886015892027,0.0005512439180165528,3.073730040341615e-05,0.09074736386537552,133.54232740888818,0.03656107187271118,3211595.75,2395496.5
2708000,1,0.006449999999999999,0.006567398707071903,0.3710192143917084,0.0030115881934762,0.0005489019677042961,3.0031317146494987e-05,0.09117740392684937,133.63307465354427,0.036561086773872375,3210231.0,2396930.25
2710000,1,0.006069999999999999,0.006187498569488525,0.3716260492801666,0.003009803220629692,0.0005668288096785545,5.059890099801123e-05,0.09023792296648026,133.72425212452634,0.03660142794251442,3205407.5,2398456.0
2712000,1,0.006069999999999999,0.006187617778778076,0.3720855414867401,0.003005274571478367,0.0005577935371547937,4.258898843545466e-05,0.08995753526687622,133.81448996553644,0.03660140559077263,3203271.25,2400164.0
2714000,1,0.006069999999999999,0.006187578042348263,0.37250709533691406,0.003007291816174984,0.0005587316118180752,4.0625824476592235e-05,0.08969772607088089,133.90444752315506,0.0366014763712883,3201405.75,2401786.75
2716000,1,0.006069999999999999,0.006187578042348263,0.3729386329650879,0.0030121646821498873,0.0005664663389325142,4.473849257919937e-05,0.08937156200408936,133.9941452641271,0.036601532250642776,3199562.25,2403485.75
2718000,1,0.006069999999999999,0.006187657515207889,0.3734464943408966,0.0030438657850027084,0.0006078601349145174,6.002876907587051e-05,0.08871690928936005,134.08351696024164,0.062020257115364075,3197539.25,2405554.75
2720000,1,0.006069999999999999,0.006187617778778076,0.37406983971595764,0.0030122848227620122,0.0005786745809018612,5.48488344065845e-05,0.08907890319824219,134.17223384717926,0.036601465195417404,3195129.5,2408166.0
2722000,1,0.006069999999999999,0.006187617778778076,0.3745945394039154,0.0030106641352176666,0.0005733605474233627,4.9175188178196545e-05,0.08963574469089508,134.26131274292692,0.03660151734948158,3192851.75,2410205.5
2724000,1,0.006069999999999999,0.006187657515207889,0.37511834502220154,0.003026589564979076,0.0006119205150753259,5.982149159535766e-05,0.08999890089035034,134.35094857702478,0.0366014763712883,3190740.5,2412326.0
2726000,1,0.006069999999999999,0.006187657515207945,0.3757579028606415,0.0030086146667599673,0.0005730368196964264,5.2650930592790245e-05,0.09129701554775238,134.4409474481128,0.03660144656896591,3188311.75,2415024.75
2728000,1,0.006069999999999999,0.006187617778778076,0.3762470483779907,0.003007873333990574,0.000555373216047883,4.017825704067945e-05,0.09145716577768326,134.53224443385824,0.03660145774483681,3186139.75,2416899.25
2730000,1,0.006069999999999999,0.006187617778778076,0.3766185939311981,0.0030056023970246315,0.0005440033506602049,3.0453689396381376e-05,0.09116671979427338,134.62370157728418,0.03660157322883606,3184460.75,2418300.0
2732000,1,0.006069999999999999,0.006187578042348263,0.37691619992256165,0.0030081085860729218,0.0005366361234337091,2.614684053696692e-05,0.09053743630647659,134.71486832688078,0.03660162538290024,3183133.0,2419438.5
2734000,1,0.006069999999999999,0.006187617778778076,0.3771902322769165,0.0030082201585173605,0.0005353072192519903,2.5435263523831964e-05,0.09038421511650085,134.80540583024248,0.03660162538290024,3181942.5,2420503.5
2736000,1,0.006069999999999999,0.006187617778778076,0.377456396818161,0.0030044591054320335,0.0005317885428667068,2.2444313799496737e-05,0.09051162749528885,134.89579006771072,0.036601487547159195,3180787.75,2421536.75
2738000,1,0.006069999999999999,0.006187657515207889,0.37769344449043274,0.0030028920620679854,0.0005289446096867322,1.9917158351745456e-05,0.0907442718744278,134.98630172500833,0.03660163655877113,3179751.75,2422451.75
2740000,1,0.006069999999999999,0.006187697251637758,0.37791088223457336,0.0030039954930543896,0.0005274590104818345,1.862503559095785e-05,0.09048248082399368,135.07704601178392,0.03660157322883606,3178811.0,2423299.5
2742000,1,0.006069999999999999,0.006187697251637758,0.3781229257583618,0.0030074993148446086,0.0005269663408398628,1.866396050900221e-05,0.09021984040737152,135.1675285373114,0.036601532250642776,3177913.0,2424134.5
2744000,1,0.006069999999999999,0.006187657515207889,0.3783572018146515,0.003005027025938034,0.0005335066001862287,2.142266894225031e-05,0.09048978984355927,135.25774834791645,0.03660155087709427,3176965.5,2425085.25
2746000,1,0.006069999999999999,0.006187697251637758,0.3785706162452698,0.0029989948496222493,0.0005281793884932994,1.7055503849405793e-05,0.0896465927362442,135.34823816756233,0.036601562052965164,3176018.5,2425922.25
2748000,1,0.006069999999999999,0.006187657515207889,0.3787521719932556,0.002996527403593063,0.0005246195942163467,1.45506375702098e-05,0.0890902578830719,135.4378846708916,0.03660157695412636,3175207.75,2426624.25
2750000,1,0.006069999999999999,0.006187697251637758,0.3789108097553253,0.0029948091134428976,0.0005230240058153868,1.2620149936992673e-05,0.08944401144981384,135.52697498837932,0.03660164028406143,3174489.0,2427234.0
2752000,1,0.006069999999999999,0.006187697251637758,0.3790532648563385,0.0029943447560071943,0.0005223393905907868,1.1322705540806055e-05,0.08904357999563217,135.61641898492798,0.03660157695412636,3173841.0,2427780.5
2754000,1,0.006069999999999999,0.006187697251637758,0.37918540835380554,0.002994590625166893,0.0005223184823989868,1.0351362288929521e-05,0.08856218308210373,135.70546266178116,0.036601509898900986,3173241.75,2428285.25
2756000,1,0.006069999999999999,0.006187657515207889,0.3793100118637085,0.0029963620007038114,0.0005222360603511333,9.891574154607952e-06,0.08853307366371155,135.794024867215,0.03660168498754501,3172682.75,2428766.25
2758000,1,0.005689999999999999,0.005807697772979736,0.3797251284122467,0.0029934966936707498,0.0005398000124841928,3.149984986521303e-05,0.08762314915657043,135.88255795577987,0.03664233908057213,3168666.5,2429500.75
2760000,1,0.005689999999999999,0.005807816982269287,0.37999477982521057,0.0029928477481007574,0.0005360356532037257,2.3843185044825076e-05,0.08741945028305054,135.97018114963993,0.036642275750637054,3167345.75,2430467.0
2762000,1,0.005689999999999999,0.005807816982269287,0.38022637367248535,0.0029927119612693787,0.0005328527186065912,2.0392698934301732e-05,0.0867345780134201,136.05760054031833,0.03664228692650795,3166294.5,2431349.25
2764000,1,0.005689999999999999,0.005807816982269287,0.38043585419654846,0.0029923846945166584,0.0005313065368682147,1.8306795391254126e-05,0.08713974058628082,136.1443351034306,0.03664233162999153,3165363.0,2432157.0
2766000,1,0.005689999999999999,0.005807816982269287,0.380630761384964,0.0029920950531959535,0.0005308446940034627,1.7061154358088968e-05,0.08722521364688873,136.23147488126978,0.036642372608184814,3164514.5,2432914.0
2768000,1,0.005689999999999999,0.005807816982269287,0.3808164596557617,0.0029913149774074554,0.000530445110052824,1.6330189828295262e-05,0.08678872883319855,136.3187000055097,0.03664213791489601,3163713.25,2433641.5
2770000,1,0.005689999999999999,0.005807816982269287,0.38099560141563416,0.00299062579870224,0.000530197098851204,1.5921148587949574e-05,0.08647983521223068,136.40548863003477,0.03664229437708855,3162942.25,2434349.75
2772000,1,0.005689999999999999,0.005807816982269287,0.3811703026294708,0.002989937551319599,0.0005300679244101047,1.555051567265764e-05,0.08675903081893921,136.49196854720338,0.036642301827669144,3162207.25,2435037.0
2774000,1,0.005689999999999999,0.005807816982269287,0.381340891122818,0.002989042922854423,0.0005298575386404991,1.5138757589738816e-05,0.08671891689300537,136.57872749606594,0.03664231300354004,3161483.5,2435713.5
2776000,1,0.005689999999999999,0.005807816982269287,0.38150832056999207,0.0029886670410633085,0.0005292249843478203,1.4637796266470104e-05,0.08654224872589111,136.66544643531068,0.03664230555295944,3160772.5,2436373.0
2778000,1,0.005689999999999999,0.005807816982269287,0.38167136907577515,0.0029883561655879016,0.0005285620689392089,1.4138806727714835e-05,0.08640104532241821,136.75198874364122,0.03664210066199303,3160085.0,2437017.75
2780000,1,0.005689999999999999,0.005807816982269287,0.3818294107913971,0.0029876835644245146,0.000528122903779149,1.3614686031360179e-05,0.08629298210144043,136.83838978896364,0.03664218634366989,3159415.25,2437639.0
2782000,1,0.005689999999999999,0.005807816982269287,0.3819822072982788,0.002987203374505043,0.0005278463941067457,1.314284891122952e-05,0.08582692593336105,136.92468275616392,0.03664214536547661,3158767.75,2438242.5
2784000,1,0.005689999999999999,0.005807816982269287,0.3821309506893158,0.0029869662597775456,0.0005278694443404675,1.2781050463672727e-05,0.08568967878818512,137.01050973425134,0.03664218634366989,3158140.5,2438831.75
2786000,1,0.005689999999999999,0.005807816982269287,0.38227590918540955,0.0029868265613913533,0.000527892867103219,1.2416909157764167e-05,0.08557114005088806,137.09619940558895,0.036642394959926605,3157529.0,2439406.5
2788000,1,0.005689999999999999,0.005807816982269287,0.3824180066585541,0.002986329607665539,0.0005277244839817285,1.205697262776084e-05,0.0854056179523468,137.18177053073867,0.03664229065179825,3156931.75,2439970.25
2790000,1,0.005689999999999999,0.005807816982269287,0.3825584053993225,0.002986379526555538,0.0005275304429233074,1.1871998867718504e-05,0.08517105877399445,137.2671761933945,0.036642372608184814,3156351.75,2440528.75
2792000,1,0.005689999999999999,0.00580773750940955,0.3826971650123596,0.00298796109855175,0.000527582224458456,1.1863940744660795e-05,0.08523717522621155,137.35234724471792,0.03664226457476616,3155773.25,2441084.25
2794000,1,0.005689999999999999,0.005807816982269287,0.3828366696834564,0.002991279028356075,0.0005285272374749183,1.2204854283481836e-05,0.0850977674126625,137.43758447954878,0.03664219006896019,3155198.25,2441642.0
2796000,1,0.005689999999999999,0.005807816982269287,0.38298073410987854,0.002992638759315014,0.0005290811415761709,1.2703034735750406e-05,0.08511906862258911,137.52268227676376,0.03664225712418556,3154614.0,2442224.25
2798000,1,0.005689999999999999,0.005807816982269287,0.3831283152103424,0.0029916975647211073,0.0005292730405926704,1.2861051072832196e-05,0.08512215316295624,137.6078012857817,0.03664236515760422,3154018.0,2442826.25
2800000,1,0.005689999999999999,0.00580773750940955,0.3832766115665436,0.0029913758859038348,0.0005293837282806634,1.2831405911128968e-05,0.08519195765256882,137.69292345384582,0.03664223477244377,3153419.75,2443428.25
2802000,1,0.005689999999999999,0.005807816982269287,0.38342368602752686,0.0029915504157543185,0.0005295850802212953,1.2737742508761585e-05,0.08472517132759094,137.77811532209142,0.0366424098610878,3152824.25,2444025.0
2804000,1,0.005689999999999999,0.00580773750940955,0.3835708498954773,0.0029928047209978105,0.000531303510069847,1.2927540228702129e-05,0.08479814976453781,137.86284047851785,0.03664243221282959,3152226.5,2444620.75
2806000,1,0.005689999999999999,0.00580773750940955,0.3837225139141083,0.0029926966875791546,0.00053096660412848,1.3435208529699594e-05,0.08472361415624619,137.9476385835789,0.0366421714425087,3151622.75,2445240.0
2808000,1,0.005689999999999999,0.00580773750940955,0.3838874101638794,0.0029929287731647494,0.0005314568057656287,1.4842645032331348e-05,0.08437094837427139,138.03236224243864,0.03664231672883034,3150992.25,2445927.75
2810000,1,0.005689999999999999,0.00580773750940955,0.3840678632259369,0.0029908951371908185,0.0005315521731972695,1.5693888417445124e-05,0.084147147834301,138.11673322061523,0.036642253398895264,3150316.0,2446690.5
2812000,1,0.005689999999999999,0.00580773750940955,0.3842497169971466,0.002990053966641426,0.0005311400629580021,1.5680346405133604e-05,0.08364847302436829,138.20088036099895,0.036642421036958694,3149603.5,2447444.5
2814000,1,0.005689999999999999,0.00580773750940955,0.38442790508270264,0.002989762462675571,0.0005308603867888451,1.533150498289615e-05,0.08317475020885468,138.28452886382564,0.03664230555295944,3148891.0,2448172.75
2816000,1,0.005689999999999999,0.005807816982269287,0.38460198044776917,0.002989715710282326,0.0005309451371431351,1.4992222713772207e-05,0.08279689401388168,138.36770366618856,0.03664228692650795,3148189.0,2448878.25
2818000,1,0.005689999999999999,0.005807816982269287,0.38477805256843567,0.0029949707910418505,0.0005341884680092335,1.598265953361988e-05,0.0828891396522522,138.4505006123565,0.036642350256443024,3147494.75,2449604.0
2820000,1,0.005689999999999999,0.005807816982269287,0.38496842980384827,0.0029888687655329703,0.0005358667112886906,1.6052137652877718e-05,0.08278238773345947,138.53338971475586,0.03664233535528183,3146769.0,2450403.0
2822000,1,0.005689999999999999,0.005807816982269287,0.38514384627342224,0.0029887480661273,0.0005355514585971832,1.4950237527955323e-05,0.08221718668937683,138.61617216954454,0.03664235770702362,3146041.5,2451105.0
2824000,1,0.005689999999999999,0.005807816982269287,0.38531047105789185,0.0029899936169385907,0.0005358456633985042,1.4394876779988407e-05,0.08162464946508408,138.69838933388218,0.036642398685216904,3145352.25,2451772.0
2826000,1,0.005689999999999999,0.005807816982269287,0.3854760527610779,0.0029895609244704247,0.0005361121147871017,1.4459843805525452e-05,0.08108198642730713,138.7800139684461,0.03664238378405571,3144674.0,2452438.0
2828000,1,0.005689999999999999,0.005807816982269287,0.3856409192085266,0.002988342009484768,0.0005357877351343631,1.418326428392902e-05,0.08077806234359741,138.86109594742283,0.03664231300354004,3144000.75,2453105.0
2830000,1,0.005689999999999999,0.005807816982269287,0.385801762342453,0.002987238578498363,0.0005353098269551992,1.3627983571495861e-05,0.08047018200159073,138.94187398741468,0.03664225712418556,3143344.0,2453751.5
2832000,1,0.005689999999999999,0.005807777245839474,0.3859577775001526,0.0029871422797441483,0.0005345059558749198,1.3091917207930236e-05,0.08053173869848251,139.02234417686685,0.036642301827669144,3142696.0,2454377.25
2834000,1,0.005689999999999999,0.005807816982269287,0.3861074447631836,0.0029896045103669166,0.0005347899626940489,1.2285298726055772e-05,0.0802139937877655,139.1028758559607,0.03664247691631317,3142072.75,2454969.75
2836000,1,0.005689999999999999,0.005807816982269287,0.3862462639808655,0.0029881890863180157,0.0005339135415852069,1.169017850770615e-05,0.0798807144165039,139.18308984229787,0.03664226830005646,3141471.25,2455509.25
2838000,1,0.005309999999999999,0.0054276188214620325,0.38668930530548096,0.002984487079083919,0.0005529388785362243,3.4639466321095824e-05,0.07943509519100189,139.26297061631902,0.03671291470527649,3137399.25,2456354.75
2840000,1,0.005309999999999999,0.0054276982943217145,0.38700321316719055,0.002982053905725479,0.0005481836851686239,2.8602054226212203e-05,0.07936333119869232,139.34240565935596,0.0366981215775013,3135955.75,2457520.25
2842000,1,0.005309999999999999,0.005427738030751583,0.3872890770435333,0.00297960489988327,0.000546620087698102,2.593153330963105e-05,0.07899884134531021,139.4217689011477,0.036698292940855026,3134732.25,2458638.75
2844000,1,0.005309999999999999,0.005427738030751583,0.38755375146865845,0.0029778258875012395,0.0005451295059174299,2.4030821805354208e-05,0.07961110025644302,139.500767742493,0.03670087084174156,3133610.25,2459684.5
2846000,1,0.005309999999999999,0.0054276982943217145,0.38780248165130615,0.0029763996601104735,0.0005439704284071923,2.2429862292483448e-05,0.07958584278821945,139.5803787831448,0.03669803589582443,3132555.25,2460661.75
2848000,1,0.005309999999999999,0.0054276982943217145,0.3880375027656555,0.0029750522226095195,0.000542757986113429,2.1198930335231124e-05,0.07995767891407013,139.65996467808708,0.03670107200741768,3131564.0,2461587.5
2850000,1,0.005309999999999999,0.005427738030751583,0.3882617652416229,0.0029741019010543824,0.0005419655237346888,2.0246568601578475e-05,0.07977317273616791,139.7399223719023,0.036712873727083206,3130612.0,2462473.5
2852000,1,0.005309999999999999,0.0054276982943217145,0.38847869634628296,0.0029735151678323747,0.0005415836814790965,1.9477269961498675e-05,0.07960943877696991,139.81969556699022,0.03670093044638634,3129700.25,2463328.25
2854000,1,0.005309999999999999,0.005427738030751583,0.3886904716491699,0.0029738949611783022,0.0005412339232861996,1.9031690317206082e-05,0.07928666472434998,139.8993049610637,0.03669795021414757,3128807.25,2464169.0
2856000,1,0.005309999999999999,0.0054276982943217145,0.38890472054481506,0.0029742123559117315,0.0005413352977484464,1.9639237143564967e-05,0.07887475192546844,139.97859158108457,0.036698076874017715,3127923.75,2465026.75
2858000,1,0.005309999999999999,0.0054276982943217145,0.38912588357925415,0.0029755719006061554,0.0005402607377618551,2.0212151866871864e-05,0.0788373127579689,140.0574663479112,0.03669792041182518,3127031.75,2465923.5
2860000,1,0.005309999999999999,0.0054276982943217145,0.38935479521751404,0.002974848449230194,0.0005398924462497234,2.0858534844592215e-05,0.07884129881858826,140.13630356381162,0.03669803589582443,3126113.75,2466853.5
2862000,1,0.005309999999999999,0.0054276982943217145,0.38958558440208435,0.002975216321647167,0.0005397651810199022,2.1212027058936654e-05,0.07896451652050018,140.21514495948776,0.03669801726937294,3125179.25,2467790.0
2864000,1,0.005309999999999999,0.005427738030751583,0.38982248306274414,0.0029755357652902605,0.0005394932813942432,2.220168971689418e-05,0.07912319153547287,140.29410950581058,0.036698002368211746,3124224.75,2468749.25
2866000,1,0.005309999999999999,0.0054276982943217145,0.3900738060474396,0.002975447848439217,0.0005401593632996082,2.3883499670773743e-05,0.07908625900745392,140.3732327196978,0.03669809177517891,3123231.75,2469785.0
2868000,1,0.005309999999999999,0.005427738030751528,0.39033830165863037,0.002975986152887344,0.0005413412116467952,2.5502950302325188e-05,0.07880884408950806,140.45231902340873,0.0366981141269207,3122180.5,2470881.0
2870000,1,0.005309999999999999,0.0054276982943217145,0.39061740040779114,0.0030029227957129477,0.0005526696797460317,3.048778453376144e-05,0.0780034065246582,140.53112782279476,0.036698151379823685,3121043.5,2472019.5
2872000,1,0.005309999999999999,0.005427678426106752,0.39096692204475403,0.0029854439198970795,0.0005599829368293285,3.912647371180355e-05,0.0771256610751152,140.6091312740229,0.03669820725917816,3119589.0,2473424.75
2874000,1,0.005309999999999999,0.005427718162536621,0.3914068341255188,0.0029879353940486905,0.0005711750127375126,4.626542795449495e-05,0.0766594186425209,140.68625703195556,0.036698196083307266,3117846.0,2475233.5
2876000,1,0.005309999999999999,0.005427678426106752,0.39186540246009827,0.002988624945282936,0.0005703897681087255,4.5889205648563805e-05,0.07649299502372742,140.7629163313888,0.036698274314403534,3115887.0,2477040.0
2878000,1,0.005309999999999999,0.005427718162536621,0.39232903718948364,0.0029944544658064842,0.0005712261889129877,4.601827822625637e-05,0.0758838802576065,140.83940932641252,0.03669828549027443,3113918.75,2478866.75
2880000,1,0.005309999999999999,0.005427678426106752,0.3927793502807617,0.00299653597176075,0.0005661694332957268,4.228227189742028e-05,0.07510281354188919,140.9152932141207,0.0366981215775013,3111995.25,2480630.0
2882000,1,0.005309999999999999,0.0054276386896768836,0.39319929480552673,0.0029952013865113254,0.0005587046034634113,3.8031089934520425e-05,0.07471377402544022,140.99039608726724,0.03667161986231804,3110241.25,2482304.0
2884000,1,0.005309999999999999,0.005427678426106752,0.393575519323349,0.002992594242095947,0.0005523879081010818,3.32007446559146e-05,0.0744689553976059,141.06510978678688,0.0366981141269207,3108671.25,2483802.25
2886000,1,0.005309999999999999,0.005427678426106752,0.39390939474105835,0.0029927320778369904,0.0005495336838066578,3.07554320897907e-05,0.0746738389134407,141.13957878688797,0.03667159751057625,3107266.0,2485126.75
2888000,1,0.005309999999999999,0.005427678426106752,0.3942238688468933,0.002989165112376213,0.00054467529989779,2.806411066558212e-05,0.07475712150335312,141.214252633252,0.03667132556438446,3105940.5,2486370.0
2890000,1,0.005309999999999999,0.005427678426106752,0.3945097029209137,0.0029889658093452454,0.0005415345542132854,2.5390111841261383e-05,0.07478724420070648,141.28900975475534,0.03667164593935013,3104746.25,2487504.75
2892000,1,0.005309999999999999,0.005427678426106752,0.3947758972644806,0.0029920121654868122,0.0005416042637079954,2.4793730699457228e-05,0.07466398924589157,141.3637970511101,0.036671433597803116,3103626.25,2488555.25
2894000,1,0.005309999999999999,0.005427678426106752,0.3950709104537964,0.0030076220631599427,0.0005663287360221147,3.8383086211979384e-05,0.0748114064335823,141.43846103290542,0.03681864216923714,3102361.5,2489666.5
2896000,1,0.005309999999999999,0.005427678426106752,0.39545804262161255,0.003003360517323017,0.0005565167404711246,3.525746869854629e-05,0.07453406602144241,141.513272439339,0.03667144477367401,3100615.5,2491096.75
2898000,1,0.005309999999999999,0.0054276386896768836,0.39580708742141724,0.003006402403116226,0.0005520168226212264,3.169081464875489e-05,0.07411637902259827,141.58780651281103,0.03667150065302849,3099111.75,2492445.75
2900000,1,0.005309999999999999,0.00542759895324707,0.39614322781562805,0.0030115488916635513,0.0005527165252715349,3.1680319807492197e-05,0.07385481894016266,141.66192288438305,0.036671485751867294,3097678.5,2493756.75
2902000,1,0.005309999999999999,0.00542759895324707,0.3964535593986511,0.003009608946740627,0.0005445088259875775,2.6398210320621728e-05,0.07398097962141037,141.73577775547727,0.03667157515883446,3096376.5,2494983.25
2904000,1,0.005309999999999999,0.005427579085032164,0.3967224657535553,0.0030068686231970784,0.0005396090447902679,2.255499130114913e-05,0.07370102405548096,141.80975874999984,0.03667161613702774,3095273.0,2496061.75
2906000,1,0.005309999999999999,0.005427579085032164,0.39695870876312256,0.0030040137469768526,0.0005360854789614677,1.9506033277139066e-05,0.07376488298177719,141.8834597815059,0.036671340465545654,3094319.0,2497028.75
2908000,1,0.005309999999999999,0.005427618821461977,0.39716678857803345,0.0030021190643310545,0.000533841410651803,1.7320972983725368e-05,0.07377424091100693,141.95722472409233,0.03667164966464043,3093476.5,2497874.25
2910000,1,0.005309999999999999,0.005427618821461977,0.39735743403434753,0.0030008165165781977,0.0005331519059836864,1.615026994841173e-05,0.07367989420890808,142.03099903205856,0.03667144477367401,3092704.75,2498644.0
2912000,1,0.005309999999999999,0.005427618821461977,0.397540420293808,0.0030024295672774312,0.0005337186623364687,1.6676553059369326e-05,0.07364777475595474,142.10467885176166,0.03667152673006058,3091965.0,2499386.0
2914000,1,0.005309999999999999,0.005427579085032164,0.397733211517334,0.003000202029943466,0.0005351272411644459,1.7753124120645224e-05,0.07408911734819412,142.17832667867168,0.03667159751057625,3091184.25,2500166.5
2916000,1,0.005309999999999999,0.0054276188214620325,0.397928386926651,0.0029986381530761716,0.0005349866114556789,1.7142487922683355e-05,0.07407082617282867,142.25241583327278,0.03667156770825386,3090384.25,2500950.75
2918000,1,0.004929999999999999,0.005047698815663693,0.39843249320983887,0.0029960624873638154,0.0005554581992328167,3.981224144808948e-05,0.07319702208042145,142.3264866221927,0.03671154007315636,3086100.0,2502009.0
2920000,1,0.004929999999999999,0.005047778288523375,0.39879676699638367,0.002997938171029091,0.0005502456799149513,3.302826953586191e-05,0.07294167578220367,142.39968370387777,0.036711595952510834,3084466.5,2503383.75
2922000,1,0.004929999999999999,0.005047778288523375,0.3991355001926422,0.0030001325532794,0.0005512368399649859,3.0656432500109076e-05,0.07271139323711395,142.4726254467152,0.036711614578962326,3083064.0,2504731.0
2924000,1,0.004929999999999999,0.005047818024953188,0.3994605839252472,0.0030008794739842413,0.0005531634204089641,3.0305524705909193e-05,0.07255727052688599,142.54533682505115,0.036711614578962326,3081706.0,2506020.0
2926000,1,0.004929999999999999,0.005047778288523375,0.39977309107780457,0.0029999773949384687,0.0005511319730430841,2.7854598010890184e-05,0.07272503525018692,142.61789414028152,0.03671222925186157,3080405.5,2507263.0
2928000,1,0.004929999999999999,0.005047778288523319,0.40006741881370544,0.0030009949579834936,0.00055070617236197,2.5970514980144795e-05,0.07266639173030853,142.69061914572939,0.036711685359478,3079199.5,2508443.25
2930000,1,0.004929999999999999,0.005047738552093506,0.400347501039505,0.0029966043308377265,0.0005492550320923328,2.4880911223590373e-05,0.07246069610118866,142.76328556726202,0.036712322384119034,3078056.5,2509573.0
2932000,1,0.004929999999999999,0.005047778288523319,0.4006153643131256,0.002995548956096172,0.000547495810315013,2.3770974075887354e-05,0.07256574183702469,142.83574624846204,0.03671160340309143,3076955.25,2510649.75
2934000,1,0.004929999999999999,0.005047778288523319,0.4008728265762329,0.00299526397138834,0.0005466000176966191,2.2881918994244188e-05,0.07247073948383331,142.90831203500255,0.03671228140592575,3075894.75,2511677.25
2936000,1,0.004929999999999999,0.005047778288523319,0.401120126247406,0.0029946787282824515,0.0005456711165606975,2.202522300649434e-05,0.07237155735492706,142.9807828415416,0.036711689084768295,3074873.25,2512660.25
2938000,1,0.004929999999999999,0.005047778288523319,0.40135860443115234,0.002994151972234249,0.0005450360942631959,2.1317943173926322e-05,0.07217162847518921,143.05315438399538,0.036712244153022766,3073881.0,2513614.75
2940000,1,0.004929999999999999,0.005047778288523319,0.40159302949905396,0.0029934734106063844,0.0005447868723422288,2.0968900935258715e-05,0.07212381809949875,143.1253259603165,0.036712389439344406,3072914.75,2514550.5
2942000,1,0.004929999999999999,0.005047778288523319,0.40182769298553467,0.0029921818524599074,0.0005441360641270876,2.1066177578177302e-05,0.07213198393583298,143.1974498156689,0.03671233728528023,3071958.25,2515490.5
2944000,1,0.004929999999999999,0.005047778288523319,0.4020618796348572,0.002990421652793884,0.0005438250023871659,2.091396308969706e-05,0.07207155227661133,143.26958182195648,0.036712292581796646,3071001.25,2516433.0
2946000,1,0.004929999999999999,0.005047738552093506,0.4022922217845917,0.0029907094314694403,0.0005436714272946119,2.030150208156556e-05,0.07218346744775772,143.3416533369802,0.03671234846115112,3070051.25,2517353.5
2948000,1,0.004929999999999999,0.005047778288523319,0.40251466631889343,0.0029943801462650296,0.000548091996461153,2.141472650691867e-05,0.07225610315799713,143.41383673737272,0.036712322384119034,3069122.5,2518234.0
2950000,1,0.004929999999999999,0.005047738552093506,0.40275588631629944,0.002991800010204315,0.0005477424245327711,2.1142410696484147e-05,0.07221883535385132,143.48609279582723,0.036712441593408585,3068187.75,2519236.0
2952000,1,0.004929999999999999,0.005047738552093506,0.4029931426048279,0.0029951512813568113,0.0005480548366904259,2.1318452490959315e-05,0.07209967821836472,143.55831163118108,0.036712270230054855,3067235.75,2520202.75
2954000,1,0.004929999999999999,0.005047698815663693,0.40324461460113525,0.003003227338194847,0.0005534275900572538,2.333403535885736e-05,0.07193901389837265,143.6304113317512,0.03671247512102127,3066184.5,2521180.5
2956000,1,0.004929999999999999,0.005047698815663693,0.4035030007362366,0.0029946636408567425,0.0005507629364728927,2.2574694594368338e-05,0.07177585363388062,143.70235033819898,0.036712467670440674,3065105.75,2522178.25
2958000,1,0.004929999999999999,0.005047659079233824,0.40374866127967834,0.00299284253269434,0.000549947377294302,2.187450445489958e-05,0.07157094776630402,143.77412619928344,0.03671237826347351,3064105.0,2523171.75
2960000,1,0.004929999999999999,0.005047659079233824,0.4039945900440216,0.002991808019578457,0.00055037597194314,2.2096000611782072e-05,0.07161075621843338,143.8456971694015,0.03671234846115112,3063123.25,2524174.0
2962000,1,0.004929999999999999,0.005047698815663693,0.40424373745918274,0.0029953928664326664,0.0005529983900487423,2.294485311722383e-05,0.07155079394578934,143.91730790326818,0.03671236336231232,3062137.5,2525197.0
2964000,1,0.004929999999999999,0.005047698815663693,0.4045123755931854,0.0029989561066031457,0.00055896514095366,2.5312678189948198e-05,0.07142546772956848,143.9888586823128,0.036711692810058594,3061113.75,2526323.25
2966000,1,0.004929999999999999,0.005047698815663693,0.4048115909099579,0.002993627078831196,0.0005669282283633947,2.8243297128938136e-05,0.07150118798017502,144.06028409043773,0.036711692810058594,3060006.75,2527603.5
2968000,1,0.004929999999999999,0.005047718683878544,0.4051346182823181,0.002999874204397201,0.0005871353205293417,3.0184173374436794e-05,0.07187552750110626,144.13178530076965,0.03671236336231232,3058841.25,2528998.25
2970000,1,0.004929999999999999,0.005047818024953188,0.4055137634277344,0.0030235322192311283,0.0006246110424399376,3.6044974694959817e-05,0.07251903414726257,144.20366074631437,0.03671244531869888,3057583.5,2530711.5
2972000,1,0.004929999999999999,0.005047818024953188,0.4059146046638489,0.0030020639300346375,0.0006095271091908216,3.4161706571467215e-05,0.07305770367383957,144.2761798326157,0.03671162202954292,3056048.25,2532396.0
2974000,1,0.004929999999999999,0.005047778288523375,0.4062385857105255,0.003000299260020256,0.0005836608819663524,2.9013212770223615e-05,0.07322429865598679,144.3492375511907,0.03671254590153694,3054615.0,2533624.75
2976000,1,0.004929999999999999,0.005047738552093506,0.4065466523170471,0.0030115881934762,0.0005939113907516003,2.4368838057853282e-05,0.0732979103922844,144.42246179024204,0.03671259433031082,3053305.25,2534826.25
2978000,1,0.004929999999999999,0.005047778288523319,0.4068121910095215,0.0030109839513897895,0.0005827765446156263,2.6607097242958844e-05,0.07294465601444244,144.4957597453378,0.036712419241666794,3051892.5,2535672.25
2980000,1,0.004929999999999999,0.005047818024953188,0.4070643484592438,0.003004869259893894,0.0005608043167740106,2.3674013209529222e-05,0.07207805663347244,144.5687044162534,0.036711640655994415,3050649.5,2536536.0
2982000,1,0.004929999999999999,0.005047818024953188,0.40730783343315125,0.0030042681843042373,0.0005514658521860838,2.2686715237796306e-05,0.07139455527067184,144.64078252504095,0.03671237826347351,3049560.75,2537451.0
2984000,1,0.004929999999999999,0.005047818024953188,0.4075474441051483,0.0030035918578505518,0.0005466133821755648,2.179902949137613e-05,0.0709705725312233,144.71217714736684,0.03671243041753769,3048527.5,2538376.25
2986000,1,0.004929999999999999,0.005047818024953188,0.40778177976608276,0.0030026661232113836,0.0005442435387521982,2.0861232769675553e-05,0.07077603042125702,144.783147667744,0.036711614578962326,3047537.25,2539291.5
2988000,1,0.004929999999999999,0.005047778288523375,0.4080143868923187,0.0030082060024142266,0.0005507709458470344,2.167748607462272e-05,0.07051128149032593,144.85392378757223,0.03671244531869888,3046514.5,2540178.25
2990000,1,0.004929999999999999,0.005047778288523375,0.4082546532154083,0.0030062343925237657,0.0005477909930050373,2.2088194964453577e-05,0.07036542892456055,144.92443506906255,0.03671180084347725,3045425.25,2541065.0
2992000,1,0.004929999999999999,0.005047818024953188,0.40848907828330994,0.003005693666636944,0.0005425848532468081,2.0570194465108216e-05,0.0703350380063057,144.9948005799435,0.03671232983469963,3044406.25,2541969.75
2994000,1,0.004929999999999999,0.005047818024953188,0.4087142050266266,0.003004882298409939,0.0005385617259889841,1.954834151547402e-05,0.07043803483247757,145.0651356626533,0.03671244531869888,3043464.0,2542856.0
2996000,1,0.004929999999999999,0.005047778288523375,0.40893182158470154,0.0030044237151741976,0.0005363165400922298,1.8881128926295788e-05,0.07053034752607346,145.1355736900352,0.03671232610940933,3042556.5,2543717.5
2998000,1,0.0045499999999999985,0.004667778809865353,0.4094700515270233,0.0030019106343388557,0.000557147478684783,4.274806997273117e-05,0.06975391507148743,145.20610397050604,0.03675335273146629,3038141.0,2544868.75
3000000,1,0.0045499999999999985,0.004667858282725035,0.4098767638206482,0.0030018292367458344,0.0005535476841032505,3.702421672642231e-05,0.0692412480711937,145.27585786322578,0.036753278225660324,3036313.0,2546382.5
3002000,1,0.0045499999999999985,0.004667858282725035,0.41025790572166443,0.0030012112110853195,0.0005518703721463681,3.479552106000483e-05,0.06880180537700653,145.34509911874756,0.03675317391753197,3034689.75,2547868.25
3004000,1,0.0045499999999999985,0.004667818546295166,0.4106227159500122,0.002998804673552513,0.0005499909166246653,3.2712769461795686e-05,0.06895779073238373,145.41390086451992,0.03675317391753197,3033161.0,2549309.25
3006000,1,0.0045499999999999985,0.004667818546295166,0.4109686017036438,0.0029975015670061114,0.0005480177234858274,3.056142304558307e-05,0.06853147596120834,145.48285860309824,0.03675256669521332,3031704.0,2550660.0
3008000,1,0.0045499999999999985,0.004667778809865353,0.41129839420318604,0.0029968272894620894,0.0005476048681885004,2.9278898728080092e-05,0.06824328750371933,145.55139015356525,0.03675336763262749,3030303.5,2551942.5
3010000,1,0.0045499999999999985,0.004667739073435484,0.4116189777851105,0.002995866164565086,0.0005479592364281416,2.8588384157046676e-05,0.06812302023172379,145.61963340381607,0.036753151565790176,3028940.75,2553187.75
3012000,1,0.0045499999999999985,0.004667858282725035,0.4119345247745514,0.0029954154044389727,0.0005473730154335499,2.7285286341793833e-05,0.06811796873807907,145.6877563420914,0.03675328567624092,3027595.0,2554414.5
3014000,1,0.0045499999999999985,0.004667858282725035,0.41222867369651794,0.002990073710680008,0.0005430361721664667,2.4177051091101018e-05,0.06800953298807144,145.75587431082948,0.036753151565790176,3026357.25,2555566.5
3016000,1,0.0045499999999999985,0.0046678980191549035,0.4125032424926758,0.0029873160645365712,0.0005419319029897451,2.3099682584870605e-05,0.06793364882469177,145.82388381401523,0.03677336126565933,3025198.0,2556643.75
3018000,1,0.0045499999999999985,0.004667858282725035,0.41276803612709045,0.002984758839011192,0.0005407055839896202,2.2109968995209783e-05,0.06753131002187729,145.89181747774109,0.036753226071596146,3024084.5,2557683.25
3020000,1,0.0045499999999999985,0.004667858282725035,0.41302207112312317,0.0029828833416104318,0.0005395975895226002,2.1152802219148725e-05,0.06733018904924393,145.9593488846205,0.03675328195095062,3023015.75,2558682.75
3022000,1,0.0045499999999999985,0.004667858282725035,0.41326671838760376,0.002981380745768547,0.0005377624183893204,2.043533750111237e-05,0.0670732781291008,146.02667910347208,0.03712442144751549,3021985.0,2559642.5
3024000,1,0.0045499999999999985,0.004667858282725035,0.4135042130947113,0.0029799273237586022,0.0005366986151784658,1.9744505698326973e-05,0.06703543663024902,146.09375238905176,0.03714749589562416,3020986.5,2560577.5
3026000,1,0.0045499999999999985,0.0046678980191549035,0.4137350022792816,0.002979946695268154,0.0005358082707971334,1.9165442790836095e-05,0.06679180264472961,146.16078777352794,0.03739824518561363,3020029.0,2561491.5
3028000,1,0.0045499999999999985,0.004667858282725035,0.4139653444290161,0.002980155684053898,0.0005369163583964109,1.9838019215967507e-05,0.06663478910923004,146.22757961342558,0.03736629709601402,3019086.75,2562412.25
3030000,1,0.0045499999999999985,0.0046678980191549035,0.41420885920524597,0.0029809361323714255,0.0005383714567869901,2.148434577975422e-05,0.0667651891708374,146.29421435038074,0.037348952144384384,3018129.75,2563417.5
3032000,1,0.0045499999999999985,0.004667937755584717,0.4144717752933502,0.0029800059273838997,0.0005412239115685225,2.3582506400998682e-05,0.06674651056528091,146.360979532101,0.03734883293509483,3017132.0,2564527.75
3034000,1,0.0045499999999999985,0.0046678980191549035,0.4147474467754364,0.00297706238925457,0.000541080953553319,2.3490677995141594e-05,0.06701968610286713,146.4277259979628,0.037334199994802475,3016074.75,2565680.5
3036000,1,0.0045499999999999985,0.004667937755584717,0.4150138199329376,0.002976696938276291,0.0005407445132732391,2.2280364646576345e-05,0.06715794652700424,146.4947456691645,0.03739185631275177,3015016.0,2566769.0
3038000,1,0.0045499999999999985,0.004667937755584717,0.4152683913707733,0.002976414375007152,0.0005396276712417602,2.138981217285618e-05,0.067184679210186,146.56190360079034,0.03739180788397789,3013988.5,2567797.75
3040000,1,0.0045499999999999985,0.004667937755584717,0.4155140817165375,0.002975955046713352,0.0005379741080105304,2.0683874026872218e-05,0.06717514991760254,146.62908823529705,0.0373917855322361,3012987.5,2568790.25
3042000,1,0.0045499999999999985,0.004667937755584717,0.4157562553882599,0.0029766108840703965,0.0005379305686801672,2.064464060822502e-05,0.0672190934419632,146.69626337776407,0.03739188238978386,3012007.0,2569767.0
3044000,1,0.0045499999999999985,0.004667937755584717,0.41600245237350464,0.0029759395867586134,0.0005389007274061441,2.111648500431329e-05,0.06714741140604019,146.7634824786566,0.03736587241292,3011028.75,2570772.0
3046000,1,0.0045499999999999985,0.0046679774920145856,0.4162493646144867,0.002975750528275967,0.0005388966761529446,2.0679093722719696e-05,0.06715577095746994,146.83062992731556,0.03736595809459686,3010035.75,2571772.75
3048000,1,0.0045499999999999985,0.0046679774920145856,0.4164923429489136,0.0029759015887975693,0.0005390404723584651,2.0345071970950808e-05,0.0672171488404274,146.89778575787767,0.0373658761382103,3009045.5,2572749.5
3050000,1,0.0045499999999999985,0.0046679774920145856,0.416735976934433,0.002974703349173069,0.0005391426850110293,2.046280715148896e-05,0.06731558591127396,146.96500291416868,0.03739188611507416,3008055.5,2573714.5
3052000,1,0.0045499999999999985,0.004668056964874268,0.4169820547103882,0.002976708486676216,0.0005412470549345016,2.148090861737728e-05,0.06750231236219406,147.0323184479259,0.037412647157907486,3007051.25,2574698.75
3054000,1,0.0045499999999999985,0.004668017228444454,0.41723722219467163,0.00297576654702425,0.0005422382615506648,2.2301735589280726e-05,0.06768006086349487,147.09982073048576,0.037442296743392944,3006013.0,2575720.25
3056000,1,0.0045499999999999985,0.004667937755584717,0.41750648617744446,0.0029835633933544157,0.0005465188063681125,2.4798649246804412e-05,0.06779497861862183,147.16750080625042,0.03735161945223808,3004932.75,2576809.0
3058000,1,0.0045499999999999985,0.004668017228444454,0.4177969992160797,0.0029853949323296546,0.0005442824214696885,2.465532743372023e-05,0.06767459958791733,147.23529582212194,0.03972993791103363,3003782.75,2577995.0
3060000,1,0.0045499999999999985,0.0046679774920145856,0.4180715084075928,0.002986943535506725,0.0005429756361991167,2.356331388000399e-05,0.06777499616146088,147.30297039190754,0.03972993791103363,3002642.25,2579079.0
3062000,1,0.0045499999999999985,0.0046679774920145856,0.4183354675769806,0.0029883613809943196,0.000541917746886611,2.2740615531802177e-05,0.06779596954584122,147.37074535826667,0.03972993791103363,3001560.75,2580134.0
3064000,1,0.0045499999999999985,0.004667937755584717,0.41859373450279236,0.002987786382436752,0.0005407236050814391,2.2406893549486995e-05,0.06792178004980087,147.4385413352631,0.039729997515678406,3000501.5,2581164.25
3066000,1,0.0045499999999999985,0.004667937755584717,0.4188484847545624,0.002989712543785572,0.0005415857303887606,2.2440092288888993e-05,0.0676584541797638,147.5064631525658,0.039729949086904526,2999454.0,2582180.5
3068000,1,0.0045499999999999985,0.004667937755584717,0.4191117584705353,0.0029893444851040838,0.000544130802154541,2.4562762700952585e-05,0.06773820519447327,147.5741216290973,0.03972996771335602,2998395.25,2583245.25
3070000,1,0.0045499999999999985,0.004667937755584717,0.41940221190452576,0.003012744337320328,0.0005529838148504495,2.811271697282791e-05,0.06791229546070099,147.6418598268412,0.03974766656756401,2997236.5,2584434.0
3072000,1,0.0045499999999999985,0.004667937755584717,0.4197470247745514,0.0030098775401711463,0.0005620344076305628,3.4388541826047005e-05,0.06817450374364853,147.7097721595548,0.03974757716059685,2995795.25,2585787.25
3074000,1,0.0045499999999999985,0.004667937755584717,0.420165091753006,0.0030539480969309805,0.0006154085043817758,4.792541149072349e-05,0.06790094822645187,147.7779466483973,0.0609329417347908,2994284.0,2587598.25
3076000,1,0.0045499999999999985,0.00466797749201453,0.4206801652908325,0.0030237862840294836,0.0005706306081265211,4.0395811083726585e-05,0.06813713908195496,147.84584763387664,0.03972991555929184,2992301.0,2589759.5
3078000,1,0.004169999999999998,0.004287978013356564,0.42142942547798157,0.00303105004131794,0.0005985614843666553,6.205184035934508e-05,0.06764815002679825,147.91398478785976,0.03976405784487724,2987073.25,2591730.75
3080000,1,0.004169999999999998,0.004287978013356564,0.4220169484615326,0.0030192807316780086,0.0005765276029706001,5.232331459410488e-05,0.06683193892240524,147.98163286338075,0.03976407274603844,2984515.0,2593964.25
3082000,1,0.004169999999999998,0.004288017749786377,0.422534704208374,0.003014564886689186,0.0005674947053194045,4.598862724378705e-05,0.06683686375617981,148.04846481720432,0.03976384550333023,2982311.75,2595968.5
3084000,1,0.004169999999999998,0.004287978013356564,0.4230028986930847,0.0030129097402095796,0.0005642976611852646,4.262122674845159e-05,0.06664885580539703,148.11530170331224,0.03978155925869942,2980318.25,2597781.5
3086000,1,0.004169999999999998,0.004288017749786377,0.4234433174133301,0.0030138051137328144,0.0005627311300486326,4.049520066473633e-05,0.06701729446649551,148.18195060382112,0.03976387158036232,2978447.75,2599496.0
3088000,1,0.004169999999999998,0.004288017749786377,0.42386749386787415,0.0030208541080355643,0.0005632723215967416,3.942989860661328e-05,0.06673654913902283,148.24896789828762,0.039791882038116455,2976658.5,2601152.0
3090000,1,0.004169999999999998,0.004288017749786377,0.4242869019508362,0.0030229536816477774,0.0005634113680571317,3.9256896707229315e-05,0.06607399880886078,148.31570440272316,0.03979211300611496,2974911.25,2602803.75
3092000,1,0.004169999999999998,0.004288017749786377,0.424706369638443,0.003020151518285274,0.0005630251951515674,3.888689097948372e-05,0.0660116896033287,148.38177841643318,0.039792098104953766,2973178.75,2604471.75
3094000,1,0.004169999999999998,0.004287978013356564,0.4251188337802887,0.003018813021481037,0.0005641380324959755,3.821793361566961e-05,0.0661347284913063,148.4477901879929,0.03979216516017914,2971470.0,2606101.25
3096000,1,0.004169999999999998,0.004288017749786377,0.4255286157131195,0.0030420504510402678,0.000579563295468688,3.850149514619261e-05,0.06609413772821426,148.51392490903362,0.039792001247406006,2969769.5,2607723.0
3098000,1,0.004169999999999998,0.004287978013356564,0.42597633600234985,0.0030427046120166776,0.0006212132517248391,4.729937063530087e-05,0.06636187434196472,148.5800190542124,0.039781682193279266,2967945.25,2609518.0
3100000,1,0.004169999999999998,0.004287978013356564,0.4264928698539734,0.0030432984232902525,0.0006140646990388632,5.120632122270763e-05,0.06689660996198654,148.64638094345554,0.039792027324438095,2965826.25,2611582.5
3102000,1,0.004169999999999998,0.004287978013356564,0.4270315170288086,0.0030469596385955806,0.0006100047845393418,5.1383604295551776e-05,0.06690912693738937,148.71327755341753,0.03979203477501869,2963648.5,2613754.25
3104000,1,0.004169999999999998,0.004287978013356564,0.4275837242603302,0.0030322819948196407,0.0005779433529824018,5.098010879009962e-05,0.06709498912096024,148.78018668035492,0.03979194164276123,2961453.5,2615999.25
3106000,1,0.004169999999999998,0.004287978013356564,0.4281070828437805,0.0030257260426878926,0.0005699614062905311,4.688454500865191e-05,0.06699056923389435,148.84728163967355,0.03978170454502106,2959394.75,2618143.0
3108000,1,0.004169999999999998,0.004287978013356564,0.4285995662212372,0.0030230753123760223,0.0005685975309461355,4.513956082519144e-05,0.06691904366016388,148.9142721865557,0.03979199379682541,2957408.25,2620126.0
3110000,1,0.004169999999999998,0.004288017749786377,0.42907270789146423,0.0030211387202143665,0.0005673927720636129,4.338417202234268e-05,0.06674867123365402,148.9811912227653,0.039792027324438095,2955485.0,2622022.75
3112000,1,0.004169999999999998,0.004288017749786377,0.4295338988304138,0.0030394606292247772,0.0005896542221307754,4.688411427196115e-05,0.06680098176002502,149.04793999830707,0.03979199007153511,2953588.5,2623853.75
3114000,1,0.004169999999999998,0.004288017749786377,0.4300273060798645,0.0030307060107588766,0.0005731644574552775,4.673529765568674e-05,0.06697923690080643,149.11474102477058,0.039827413856983185,2951554.75,2625806.25
3116000,1,0.004169999999999998,0.004288017749786377,0.43053415417671204,0.0030351299792528152,0.0005762389861047268,4.816698492504656e-05,0.06698312610387802,149.1817202989243,0.03979205712676048,2949484.0,2627825.0
3118000,1,0.004169999999999998,0.004288017749786377,0.4310401678085327,0.0030314765870571134,0.0005719928536564111,4.719224234577268e-05,0.06693660467863083,149.24870346973165,0.039820071309804916,2947457.25,2629871.5
3120000,1,0.004169999999999998,0.004288097222646059,0.4315372109413147,0.003028343059122562,0.0005673468112945557,4.57783171441406e-05,0.06681061536073685,149.31564005205854,0.039820101112127304,2945466.5,2631876.5
3122000,1,0.004169999999999998,0.004288057486216246,0.43201708793640137,0.0030272644013166422,0.0005652400199323892,4.42567776190117e-05,0.06640869379043579,149.38245060781463,0.03982025012373924,2943532.5,2633813.0
3124000,1,0.004169999999999998,0.00428805748621619,0.432481974363327,0.0030241044238209724,0.0005645307246595621,4.309809592086821e-05,0.06617660075426102,149.44885927180275,0.03964503854513168,2941639.5,2635674.0
3126000,1,0.004169999999999998,0.00428805748621619,0.43293800950050354,0.0030378069728612895,0.0005774798803031444,4.443894140422344e-05,0.06610623747110367,149.51503593961223,0.03964519873261452,2939769.5,2637486.25
3128000,1,0.004169999999999998,0.00428805748621619,0.43342748284339905,0.003051702119410038,0.0006090772338211536,5.222033360041678e-05,0.06697914749383926,149.58114220688566,0.03964518383145332,2937713.25,2639389.0
3130000,1,0.004169999999999998,0.00428805748621619,0.4339601397514343,0.003045210428535938,0.0005754739511758089,4.7842806088738145e-05,0.06746669113636017,149.64812133202776,0.0396629273891449,2935593.5,2641551.0
3132000,1,0.004169999999999998,0.004288097222646059,0.43446049094200134,0.0030377335846424104,0.0005660712253302336,4.4914151658304036e-05,0.06719903647899628,149.71558803806528,0.03966280817985535,2933596.25,2643579.5
3134000,1,0.004169999999999998,0.004288017749786377,0.4349353611469269,0.003039504587650299,0.000564558058977127,4.314398393034935e-05,0.06680092960596085,149.78278703729137,0.03966282680630684,2931682.5,2645487.25
3136000,1,0.004169999999999998,0.004287978013356508,0.43539583683013916,0.0030347025021910667,0.0005654613487422466,4.2862212285399434e-05,0.06637345999479294,149.84958792219385,0.039645060896873474,2929805.25,2647321.0
3138000,1,0.004169999999999998,0.004287978013356508,0.4358500838279724,0.0030315937474370003,0.0005638718605041503,4.1456316830590366e-05,0.06615898013114929,149.9159613970898,0.039662763476371765,2927941.5,2649113.5
3140000,1,0.004169999999999998,0.004287938276926695,0.43629008531570435,0.003031571954488754,0.0005618124268949032,4.000623302999884e-05,0.06602133065462112,149.98212034741863,0.03966279700398445,2926119.5,2650838.75
3142000,1,0.004169999999999998,0.004287938276926639,0.43672171235084534,0.003032436221837997,0.0005618111230432987,3.9184905472211536e-05,0.06605381518602371,150.04814172277673,0.03966289758682251,2924310.75,2652511.75
3144000,1,0.004169999999999998,0.004287938276926695,0.437177836894989,0.0030376255512237545,0.0005690619349479675,4.261991416569799e-05,0.06577914208173752,150.1141955603145,0.03969084843993187,2922281.5,2654141.0
3146000,1,0.004169999999999998,0.004287978013356564,0.4376167058944702,0.0030326340347528458,0.0005622822791337967,3.9594515692442654e-05,0.06570939719676971,150.17997469494566,0.03969087451696396,2920381.5,2655816.25
3148000,1,0.004169999999999998,0.004288057486216246,0.4380287528038025,0.00302811861038208,0.0005573187489062547,3.6811354220844805e-05,0.0657728761434555,150.24568404743894,0.039690811187028885,2918704.25,2657482.0
3150000,1,0.004169999999999998,0.0042880972226461145,0.4384165406227112,0.0030246896669268606,0.0005538677331060171,3.434311656747013e-05,0.06591368466615677,150.31145694593414,0.03969098627567291,2917129.5,2659056.5
3152000,1,0.004169999999999998,0.004288057486216246,0.43878448009490967,0.0030218148604035378,0.0005519863218069076,3.23946209391579e-05,0.0659405067563057,150.3773706678532,0.039726193994283676,2915630.5,2660540.25
3154000,1,0.004169999999999998,0.004288136959075928,0.4391319751739502,0.0030190499499440195,0.0005492697469890117,3.03956912830472e-05,0.06571665406227112,150.4433112118624,0.03972611576318741,2914221.5,2661945.5
3156000,1,0.004169999999999998,0.004288136959075928,0.43946024775505066,0.00301661379635334,0.0005467986688017845,2.855918137356639e-05,0.06572408229112625,150.509027895727,0.039726193994283676,2912893.75,2663280.0
3158000,1,0.0037899999999999982,0.003908137480417906,0.4401124119758606,0.003026724979281425,0.0005765838082879782,5.033246125094592e-05,0.0659014880657196,150.57475203762277,0.03970710188150406,2908145.5,2664847.5
3160000,1,0.0037899999999999982,0.003908296426137325,0.44061270356178284,0.003020988963544369,0.0005700926762074232,4.8409058945253494e-05,0.06550311297178268,150.64065351078733,0.03973522037267685,2905901.25,2666699.0
3162000,1,0.0037899999999999982,0.003908296426137325,0.4410967528820038,0.00301897507160902,0.0005661261267960071,4.405621148180216e-05,0.06520161777734756,150.7061566312097,0.03973524272441864,2903826.75,2668561.25
3164000,1,0.0037899999999999982,0.003908296426137325,0.44154617190361023,0.003015934862196445,0.0005612354259938001,4.015964805148542e-05,0.06479969620704651,150.77135824898704,0.039735279977321625,2901983.75,2670354.0
3166000,1,0.0037899999999999982,0.003908296426137325,0.4419633150100708,0.0030139654874801634,0.0005572171416133642,3.732865734491497e-05,0.06480365246534348,150.83615793029293,0.039735231548547745,2900317.0,2672056.5
3168000,1,0.0037899999999999982,0.003908296426137325,0.4423629641532898,0.0030127206817269323,0.0005549839232116937,3.6178797017782927e-05,0.06475630402565002,150.90096151570305,0.03973522409796715,2898713.75,2673671.75
3170000,1,0.0037899999999999982,0.0039083758989970074,0.44275325536727905,0.0030118990689516068,0.00055407858453691,3.551592817530036e-05,0.06486684083938599,150.96571780482753,0.039735179394483566,2897130.0,2675240.25
3172000,1,0.0037899999999999982,0.0039083758989970074,0.44313910603523254,0.0030229171738028527,0.0005570633336901664,3.568094689399004e-05,0.0648878887295723,151.03058467546924,0.039735063910484314,2895554.5,2676785.0
3174000,1,0.0037899999999999982,0.0039083758989970074,0.44353318214416504,0.003011018224060535,0.0005569638218730688,3.677654603961855e-05,0.06489663571119308,151.09547255674823,0.03973522409796715,2893965.5,2678375.75
3176000,1,0.0037899999999999982,0.0039083758989970074,0.4439314305782318,0.003012500703334808,0.0005576306954026221,3.6510880454443396e-05,0.06465476006269455,151.16036918500885,0.039770353585481644,2892346.5,2679968.25
3178000,1,0.0037899999999999982,0.0039083758989970074,0.44432568550109863,0.00301528200507164,0.0005585977341979742,3.64406529115513e-05,0.06460975855588913,151.22502391526922,0.03977043554186821,2890726.75,2681539.0
3180000,1,0.0037899999999999982,0.0039083758989970074,0.4447169601917267,0.0030141217634081837,0.0005578719079494477,3.5825089435093103e-05,0.0645129382610321,151.28963370362743,0.03977040573954582,2889133.75,2683103.25
3182000,1,0.0037899999999999982,0.0039083758989970074,0.44509994983673096,0.0030125536024570463,0.0005561699159443379,3.458357241470367e-05,0.06437645852565765,151.3541466642402,0.03982630744576454,2887576.25,2684635.75
3184000,1,0.0037899999999999982,0.0039083758989970074,0.4454781711101532,0.0030123019590973855,0.0005563852377235889,3.5617288085632025e-05,0.06443335115909576,151.4185231078647,0.03982635587453842,2886012.5,2686137.5
3186000,1,0.0037899999999999982,0.0039083758989970074,0.44587984681129456,0.0030156297609210017,0.0005617628805339336,3.895933914463966e-05,0.0644027590751648,151.48295648137554,0.03982636332511902,2884255.25,2687643.25
3188000,1,0.0037899999999999982,0.0039083758989970074,0.44625043869018555,0.0030112937092781067,0.0005536469165235758,3.0140471062622963e-05,0.06423664838075638,151.54735924790128,0.039826616644859314,2882807.0,2689172.75
3190000,1,0.0037899999999999982,0.003908415635426876,0.4465790390968323,0.00300842821598053,0.0005523267667740583,2.8457274311222133e-05,0.06472401320934296,151.6115959111832,0.03988964855670929,2881553.5,2690557.25
3192000,1,0.0037899999999999982,0.003908415635426876,0.4468953311443329,0.0030063148587942123,0.0005520741920918225,2.8062498313374813e-05,0.06493308395147324,151.67631990949138,0.039889536798000336,2880310.0,2691861.25
3194000,1,0.0037899999999999982,0.003908415635426876,0.44720765948295593,0.0030064256861805916,0.0005527127999812364,2.84140114672482e-05,0.06485462933778763,151.74125296364053,0.03988954424858093,2879061.75,2693129.25
3196000,1,0.0037899999999999982,0.003908415635426876,0.4475225806236267,0.00300529059022665,0.0005534455645829438,2.8407305944710966e-05,0.0646364688873291,151.80610754082426,0.03988964855670929,2877802.25,2694411.25
3198000,1,0.0037899999999999982,0.003908415635426876,0.4478377103805542,0.003003808856010437,0.0005514523480087518,2.810982405208051e-05,0.06477697193622589,151.87074397990926,0.03988958150148392,2876546.5,2695689.5
3200000,1,0.0037899999999999982,0.0039083758989970074,0.4481460452079773,0.003003377467393875,0.0005500985309481621,2.726665406953543e-05,0.06473860889673233,151.9355209816478,0.039889752864837646,2875311.25,2696948.25
3202000,1,0.0037899999999999982,0.0039083758989970074,0.4484463930130005,0.0030016176402568816,0.0005493558477610349,2.621495223138481e-05,0.06465163826942444,152.00025959054454,0.039889633655548096,2874119.0,2698170.5
3204000,1,0.0037899999999999982,0.0039083758989970074,0.44873934984207153,0.0029992390424013137,0.0005491507239639759,2.6021007215604186e-05,0.0649057999253273,152.06491127351745,0.0398896299302578,2872948.75,2699368.5
3206000,1,0.0037899999999999982,0.0039083758989970074,0.449032187461853,0.00299638956785202,0.0005496239755302668,2.595429541543126e-05,0.06483917683362961,152.12981711814626,0.039889536798000336,2871772.0,2700553.5
3208000,1,0.0037899999999999982,0.0039083758989970074,0.4493241310119629,0.0029952712357044216,0.0005487831775099039,2.6113679632544516e-05,0.0647244080901146,152.19465630988105,0.039889752864837646,2870599.75,2701736.75
3210000,1,0.0037899999999999982,0.0039083758989970074,0.44961705803871155,0.0029998421669006348,0.0005499840714037419,2.660899772308767e-05,0.06458112597465515,152.25938070307,0.03988972306251526,2869426.0,2702925.5
3212000,1,0.0037899999999999982,0.0039083758989970074,0.4499113857746124,0.0029912613332271575,0.0005481721367686987,2.63535970589146e-05,0.06470976769924164,152.3239618141435,0.03988945856690407,2868243.25,2704114.25
3214000,1,0.0037899999999999982,0.003908415635426876,0.4502076804637909,0.0029876908287405964,0.000546614034101367,2.6830405113287272e-05,0.064825639128685,152.38867157439216,0.03988983854651451,2867043.75,2705304.0
3216000,1,0.0037899999999999982,0.0039084553718566895,0.4505601227283478,0.00300985649228096,0.0006066934671252966,5.458684754557908e-05,0.06473547220230103,152.45349716136678,0.0399177111685276,2865332.75,2706495.25
3218000,1,0.0037899999999999982,0.003908415635426876,0.4509517550468445,0.002994241565465927,0.0005552840419113636,2.8959126211702824e-05,0.06387504190206528,152.518232670822,0.039917685091495514,2863654.5,2707984.75
3220000,1,0.0037899999999999982,0.003908415635426876,0.4512545168399811,0.002992361411452293,0.0005505264271050692,2.5704450672492387e-05,0.06364025920629501,152.5821077276252,0.03991766273975372,2862572.75,2709323.25
3222000,1,0.0037899999999999982,0.003908415635426876,0.45154720544815063,0.0029958184808492657,0.0005541434045881033,2.5757213006727397e-05,0.06384219974279404,152.64574797938093,0.039917562156915665,2861461.5,2710561.0
3224000,1,0.0037899999999999982,0.003908415635426876,0.45182329416275024,0.002996752597391605,0.000555700110271573,2.4195935111492872e-05,0.06379130482673645,152.70959019402488,0.039917781949043274,2860327.0,2711661.25
3226000,1,0.0037899999999999982,0.003908415635426876,0.4520929753780365,0.00299824308604002,0.0005543090403079987,2.4213689903263e-05,0.06381236016750336,152.77338149885162,0.039917781949043274,2859245.0,2712752.25
3228000,1,0.0037899999999999982,0.003908415635426876,0.4523657262325287,0.0029973212629556653,0.0005529570393264293,2.4612393463030458e-05,0.0639299675822258,152.83719384411796,0.0399177148938179,2858159.25,2713867.25
3230000,1,0.0037899999999999982,0.0039083758989970074,0.45264437794685364,0.002993651106953621,0.0005512651521712541,2.4818110978230835e-05,0.0639144778251648,152.9011237669967,0.03991774469614029,2857058.25,2715008.25
3232000,1,0.0037899999999999982,0.0039083758989970074,0.45292747020721436,0.0029897416010498997,0.0005485028028488159,2.5064998771995307e-05,0.06373166292905807,152.96503820756897,0.03991784527897835,2855940.0,2716174.75
3234000,1,0.0037899999999999982,0.0039083758989970074,0.4532107710838318,0.0029871052131056784,0.0005469582509249448,2.4917468545027076e-05,0.06387507170438766,153.0287699226521,0.039917852729558945,2854824.25,2717337.75
3236000,1,0.0037899999999999982,0.0039083758989970074,0.453494131565094,0.0029869666323065758,0.0005467061419039965,2.506502787582576e-05,0.0640074759721756,153.0926449869059,0.0399177111685276,2853699.5,2718494.5
3238000,1,0.003409999999999998,0.0035283764203389856,0.45410674810409546,0.002987068146467209,0.0005703560542315244,4.539235087577253e-05,0.06365279853343964,153.15665247777923,0.0397692508995533,2849200.5,2719924.0
3240000,1,0.003409999999999998,0.003528416156768799,0.45455804467201233,0.002984204143285751,0.000564207648858428,4.1473773308098316e-05,0.06320652365684509,153.22030527631267,0.03987865522503853,2847266.0,2721632.5
3242000,1,0.003409999999999998,0.0035283962885538367,0.4549935758113861,0.0029830818995833395,0.0005626563914120197,4.07337152864784e-05,0.06350377947092056,153.28351178506836,0.03988885134458542,2845495.0,2723369.25
3244000,1,0.003409999999999998,0.0035284558931986676,0.45542603731155396,0.002981525659561157,0.0005624054931104183,4.0229890146292746e-05,0.0634007453918457,153.34701550493463,0.03987860679626465,2843763.0,2725116.75
3246000,1,0.003409999999999998,0.0035284558931986676,0.45585256814956665,0.0029814831912517545,0.0005626312457025051,3.978649037890136e-05,0.06344592571258545,153.41041626522764,0.0399627648293972,2842057.0,2726841.25
3248000,1,0.003409999999999998,0.003528416156768799,0.4562753140926361,0.0029946770519018173,0.0005662958137691021,3.997056337539106e-05,0.06374538689851761,153.47386217603906,0.03996254503726959,2840367.25,2728558.0
3250000,1,0.003409999999999998,0.0035284956296285364,0.4567074179649353,0.002984769642353058,0.0005686752498149872,4.1060251533053815e-05,0.06439964473247528,153.53760757038816,0.039962708950042725,2838677.25,2730331.25
3252000,1,0.003409999999999998,0.003528416156768799,0.4571472704410553,0.00298197939991951,0.0005676839500665665,4.216236702632159e-05,0.06417182832956314,153.6020071853183,0.03996262699365616,2836918.0,2732112.75
3254000,1,0.003409999999999998,0.003528416156768799,0.4575980007648468,0.0029804771766066547,0.0005662707611918449,4.319522122386842e-05,0.06440553069114685,153.66617905835136,0.0399625301361084,2835088.5,2733915.75
3256000,1,0.003409999999999998,0.003528416156768799,0.4580586850643158,0.0029790794476866724,0.0005661803297698498,4.4779229210689667e-05,0.0644431859254837,153.73058461139425,0.03996263071894646,2833195.25,2735737.5
3258000,1,0.003409999999999998,0.0035283764203389856,0.45854103565216064,0.002969790250062942,0.0005671821068972349,4.704038437921553e-05,0.06412122398614883,153.79502781967147,0.03996269032359123,2831174.5,2737617.75
3260000,1,0.003409999999999998,0.003528416156768799,0.45901671051979065,0.0029624301940202715,0.0005621114745736122,4.2793035390786827e-05,0.06361822783946991,153.85914902130588,0.03996245563030243,2829258.25,2739534.5
3262000,1,0.003409999999999998,0.0035284558931986676,0.4594642221927643,0.002958553284406662,0.0005614489782601595,4.1330358362756664e-05,0.06351154297590256,153.92276728639825,0.03996267914772034,2827506.75,2741384.25
3264000,1,0.003409999999999998,0.003528416156768799,0.4599076211452484,0.00296148769557476,0.000563916889950633,4.1621443233452735e-05,0.06334048509597778,153.98627882937416,0.03996271640062332,2825785.5,2743232.75
3266000,1,0.003409999999999998,0.0035284558931986676,0.46034836769104004,0.0029494304209947584,0.0005649546161293984,4.153370100539177e-05,0.06387092173099518,154.0496193293713,0.039962660521268845,2824071.0,2745061.5
3268000,1,0.003409999999999998,0.003528416156768799,0.4607918858528137,0.0029478073120117188,0.0005641825031489134,4.214521613903344e-05,0.06425228714942932,154.1134902883552,0.0399625189602375,2822330.25,2746883.75
3270000,1,0.003409999999999998,0.003528416156768799,0.46123653650283813,0.002943727932870388,0.000563546409830451,4.1316766873933376e-05,0.06428492069244385,154.1777425084494,0.03996257483959198,2820585.75,2748721.75
3272000,1,0.003409999999999998,0.0035284558931986676,0.4616742432117462,0.002942003682255745,0.0005635897628962993,4.0925541543401775e-05,0.06434685736894608,154.24202741424068,0.03996262326836586,2818856.25,2750516.5
3274000,1,0.003409999999999998,0.003528416156768799,0.4621128737926483,0.002949857711791992,0.0005690998863428831,4.281932197045535e-05,0.06430195271968842,154.30637421200498,0.03996261581778526,2817096.75,2752295.5
3276000,1,0.003409999999999998,0.0035283764203389856,0.4625813066959381,0.0029429292306303975,0.0005818349309265614,4.696947289630771e-05,0.06436747312545776,154.3706761870764,0.039913829416036606,2815157.75,2754139.0
3278000,1,0.003409999999999998,0.0035284360249837055,0.46308210492134094,0.00294173751026392,0.0005829150788486003,4.975326592102647e-05,0.0642424002289772,154.4350436825536,0.03976922854781151,2813052.5,2756080.75
3280000,1,0.003409999999999998,0.0035283565521240234,0.4636036157608032,0.0029375772923231126,0.0005798293277621269,5.098000983707607e-05,0.06398407369852066,154.49928617964014,0.03976929932832718,2810886.75,2758124.0
3282000,1,0.003409999999999998,0.0035283962885538367,0.4641348719596863,0.002929418906569481,0.0005755295976996421,5.1307782996445894e-05,0.06379436701536179,154.56327025333866,0.039769235998392105,2808720.25,2760238.25
3284000,1,0.003409999999999998,0.0035284360249837055,0.46467316150665283,0.0029282998293638225,0.0005764171946793795,5.2052951650694014e-05,0.06384862214326859,154.62706462035402,0.03976934403181076,2806542.75,2762397.25
3286000,1,0.003409999999999998,0.0035283962885538367,0.4652233421802521,0.0029214702546596525,0.0005778400227427483,5.310784908942878e-05,0.06361927837133408,154.69091322014555,0.039769288152456284,2804336.25,2764615.5
3288000,1,0.003409999999999998,0.00352837642033893,0.4657832086086273,0.0029182709753513337,0.0005769249983131886,5.399170331656933e-05,0.06373339146375656,154.7545324910663,0.039769187569618225,2802106.75,2766890.5
3290000,1,0.003409999999999998,0.0035283565521240234,0.4663494825363159,0.002922573313117027,0.0005768477451056241,5.4323021322488786e-05,0.06410881131887436,154.81826589743122,0.039769258350133896,2799860.75,2769196.75
3292000,1,0.003409999999999998,0.003528416156768799,0.4669288992881775,0.002929220348596573,0.000580515107139945,5.665367934852838e-05,0.06402641534805298,154.88237472365125,0.03974103182554245,2797531.75,2771528.25
3294000,1,0.003409999999999998,0.00352837642033893,0.4675152599811554,0.0029308365657925604,0.0005806790664792061,5.630715168081223e-05,0.06429093331098557,154.94640105704292,0.039769064635038376,2795179.5,2773898.5
3296000,1,0.003409999999999998,0.003528336683909117,0.46810194849967957,0.002933965064585209,0.0005804742220789194,5.584488390013575e-05,0.06441043317317963,155.01069201270565,0.03976928070187569,2792851.5,2776288.0
3298000,1,0.003409999999999998,0.00352837642033893,0.4686867296695709,0.002935216762125492,0.0005793442018330097,5.567584885284305e-05,0.06443531811237335,155.07510247568115,0.03976929187774658,2790542.5,2778683.25
3300000,1,0.003409999999999998,0.0035283565521240234,0.46926912665367126,0.002935529686510563,0.0005796749610453844,5.556178512051701e-05,0.06462869048118591,155.1395378012441,0.03976934403181076,2788237.25,2781064.0
3302000,1,0.003409999999999998,0.0035283962885538367,0.469849169254303,0.0029610853642225263,0.0005826823879033327,5.594757385551929e-05,0.06459132581949234,155.20416646937355,0.039779532700777054,2785950.75,2783443.5
3304000,1,0.003409999999999998,0.0035283565521240234,0.47044163942337036,0.0029532149434089655,0.0005846078507602215,5.771514843218028e-05,0.06437588483095169,155.2687578100942,0.039779629558324814,2783637.0,2785891.5
3306000,1,0.003409999999999998,0.0035284360249837055,0.47104939818382263,0.0029496140778064728,0.0005850438959896564,5.8843166334554554e-05,0.064328633248806,155.33313372472747,0.03977973759174347,2781233.0,2788380.75
3308000,1,0.003409999999999998,0.0035283962885538367,0.4716576039791107,0.0029463509097695352,0.0005848498083651065,5.864713457413018e-05,0.06455531716346741,155.39746230582222,0.03977971151471138,2778825.5,2790876.25
3310000,1,0.003409999999999998,0.0035283565521240234,0.4722694456577301,0.0029522581025958057,0.0005913065746426582,5.966651951894164e-05,0.06477844715118408,155.46201762298568,0.03982527181506157,2776410.0,2793391.25
3312000,1,0.003409999999999998,0.0035283565521240234,0.47289636731147766,0.003011244162917137,0.0006228226702660321,6.806885357946157e-05,0.06441580504179001,155.52679607013687,0.04190048202872276,2773954.75,2795982.25
3314000,1,0.003409999999999998,0.003528336683909117,0.473589152097702,0.0029620045796036718,0.0006290846969932317,6.918680737726389e-05,0.06429807096719742,155.59121185282692,0.03987865895032883,2771265.0,2798878.5
3316000,1,0.003409999999999998,0.00352837642033893,0.4743240475654602,0.0029663352295756337,0.0006305798422545194,6.97466661222279e-05,0.06354410201311111,155.65550990144237,0.039860811084508896,2768415.75,2801951.5
3318000,1,0.003029999999999998,0.003148297468821226,0.47539636492729187,0.0029526976868510246,0.0006326472386717796,8.753633592277764e-05,0.063193678855896,155.7190539960049,0.03993586078286171,2762176.0,2805242.0
3320000,1,0.003029999999999998,0.003148317337036133,0.47623497247695923,0.00293983556330204,0.0006044594570994377,7.790926028974354e-05,0.06290894001722336,155.78224764505848,0.039956286549568176,2758732.25,2808565.75
3322000,1,0.003029999999999998,0.003148317337036133,0.4770181179046631,0.002929944545030594,0.0005919180810451507,7.456284365616738e-05,0.06231855973601341,155.8451565850757,0.03995634615421295,2755565.5,2811719.25
3324000,1,0.003029999999999998,0.003148317337036133,0.4777779281139374,0.0029236480593681333,0.0005859656259417533,7.226870511658489e-05,0.062387362122535706,155.90747512991055,0.04007627069950104,2752491.5,2814759.25
3326000,1,0.003029999999999998,0.003148317337036133,0.47851240634918213,0.0029197772964835167,0.0005837040953338146,6.939844461157918e-05,0.06217404454946518,155.96986239890083,0.04008351266384125,2749528.0,2817715.0
3328000,1,0.003029999999999998,0.003148317337036133,0.47922441363334656,0.002918397635221481,0.0005817413330078125,6.734919152222573e-05,0.062289707362651825,156.03203647325262,0.04007633775472641,2746654.5,2820574.25
3330000,1,0.003029999999999998,0.003148317337036133,0.4799235463142395,0.0029192753136157985,0.0005820123013108968,6.686495034955441e-05,0.06210944801568985,156.09432615081295,0.0400068536400795,2743797.75,2823348.25
3332000,1,0.003029999999999998,0.003148317337036133,0.4806196987628937,0.0029215216636657715,0.0005827913060784339,6.679863436147571e-05,0.06201237812638283,156.1564356100045,0.03987712040543556,2740921.75,2826074.75
3334000,1,0.003029999999999998,0.003148317337036133,0.48131951689720154,0.0029270311817526816,0.0005868308246135712,6.698609795421361e-05,0.06185748800635338,156.21844799558147,0.040007323026657104,2737989.75,2828785.75
3336000,1,0.003029999999999998,0.003148317337036133,0.4820195436477661,0.002937941439449787,0.0005887763109058142,6.677007186226546e-05,0.06177142262458801,156.2803054947637,0.040007334202528,2735070.75,2831502.25
3338000,1,0.003029999999999998,0.003148317337036133,0.48271462321281433,0.0029450915753841396,0.0005898451898247003,6.721046520397067e-05,0.06196931004524231,156.34207685778364,0.04000726714730263,2732210.5,2834238.5
3340000,1,0.003029999999999998,0.003148277600606264,0.4834023714065552,0.0029456306248903273,0.0005859969649463892,6.452371017076075e-05,0.061912618577480316,156.4040461939059,0.040007349103689194,2729426.75,2836983.75
3342000,1,0.003029999999999998,0.003148277600606264,0.484066903591156,0.0029425028711557387,0.0005804750602692365,6.215244648046791e-05,0.061856627464294434,156.46595884228572,0.04000725597143173,2726754.25,2839664.25
3344000,1,0.003029999999999998,0.003148277600606264,0.4847104847431183,0.002939102239906788,0.000577347818762064,6.013306556269527e-05,0.061847392469644547,156.52781549582704,0.04000726714730263,2724168.5,2842262.75
3346000,1,0.003029999999999998,0.003148277600606264,0.4853370785713196,0.0029422638937830923,0.0005753989797085523,5.8660068316385146e-05,0.06226610019803047,156.58966290692314,0.0400070883333683,2721643.25,2844773.0
3348000,1,0.003029999999999998,0.003148277600606264,0.48595401644706726,0.0029422694817185405,0.0005735566839575767,5.81246567890048e-05,0.06194747984409332,156.65192904437407,0.04000718519091606,2719124.5,2847222.25
3350000,1,0.003029999999999998,0.003148277600606264,0.4865596294403076,0.002936626598238945,0.0005711448844522238,5.7015486527234315e-05,0.06172064319252968,156.71387652421816,0.04000719264149666,2716647.75,2849622.5
3352000,1,0.003029999999999998,0.003148277600606264,0.4871545135974884,0.0029409678652882578,0.0005723535083234309,5.689147510565817e-05,0.06203719601035118,156.77559714878424,0.040007274597883224,2714215.0,2851975.0
3354000,1,0.003029999999999998,0.003148277600606264,0.48781582713127136,0.0029391640797257423,0.0005827846471220255,6.437794072553516e-05,0.06193467229604721,156.83763432244285,0.040007080882787704,2711274.75,2854365.5
3356000,1,0.003029999999999998,0.003148277600606264,0.48845353722572327,0.0029355445876717567,0.0005770806223154068,6.015394465066493e-05,0.06178649142384529,156.89956894631013,0.040007151663303375,2708648.5,2856869.5
3358000,1,0.003029999999999998,0.0031482378641763953,0.4891114830970764,0.0029682889580726624,0.0006011857651174068,7.234785589389503e-05,0.06186738610267639,156.96135545263513,0.04000691697001457,2705846.75,2859363.25
3360000,1,0.003029999999999998,0.0031482179959614887,0.48983126878738403,0.0029394451528787615,0.0005908580496907234,6.993081187829375e-05,0.06220312416553497,157.0232228759907,0.040007203817367554,2702846.0,2862158.0
3362000,1,0.003029999999999998,0.0031482179959614887,0.49054425954818726,0.002931263856589794,0.0005834614858031273,6.786782760173082e-05,0.06316585838794708,157.0854259368263,0.0399969145655632,2700006.5,2865052.5
3364000,1,0.003029999999999998,0.0031482378641763953,0.49124622344970703,0.0029238870367407797,0.0005799869541078806,6.679649231955409e-05,0.06350556015968323,157.14859178776368,0.04000718146562576,2697211.75,2867906.0
3366000,1,0.003029999999999998,0.003148277600606264,0.4919359087944031,0.0029182976111769674,0.0005760555155575275,6.575008737854659e-05,0.06342408061027527,157.21209730321988,0.04000714421272278,2694483.25,2870720.5
3368000,1,0.003029999999999998,0.0031482577323913574,0.4926156997680664,0.0029136955738067625,0.0005732298363000154,6.494041299447416e-05,0.06346902251243591,157.27552139128073,0.040007203817367554,2691785.75,2873491.5
3370000,1,0.003029999999999998,0.0031482179959614887,0.4932900071144104,0.0029233796522021294,0.0005762870889157057,6.449781940318643e-05,0.0636633038520813,157.33899037654027,0.040007106959819794,2689100.75,2876230.0
3372000,1,0.003029999999999998,0.003148277600606264,0.49398013949394226,0.002993405796587467,0.0006270232610404491,7.515051984228193e-05,0.06354231387376785,157.40265367294177,0.041555579751729965,2686279.5,2878964.0
3374000,1,0.003029999999999998,0.003148277600606264,0.4947893023490906,0.002956376038491726,0.0006197498645633458,8.401770610362291e-05,0.06330519914627075,157.46619598681553,0.03977265581488609,2682794.75,2881986.0
3376000,1,0.003029999999999998,0.0031482179959614887,0.4956475496292114,0.002948779612779617,0.0006165420170873404,8.499966352246701e-05,0.06330116093158722,157.52950117851123,0.03977275639772415,2679252.5,2885339.0
3378000,1,0.003029999999999998,0.0031482179959614887,0.49652260541915894,0.0029429959133267405,0.0006154537200927734,8.671593968756497e-05,0.06319944560527802,157.59280232454165,0.03977282717823982,2675687.5,2888802.25
3380000,1,0.003029999999999998,0.003148277600606264,0.49745506048202515,0.002954118885099888,0.0006489439401775597,0.0001022857497446239,0.06281062960624695,157.65600177014693,0.039833683520555496,2671775.75,2892384.5
3382000,1,0.003029999999999998,0.0031481583913167133,0.49851810932159424,0.0029533978551626204,0.0006610020995140075,0.00010902590584009886,0.06267684698104858,157.71881236995085,0.03983074054121971,2667238.75,2896385.5
3384000,1,0.003029999999999998,0.0031481583913167133,0.4996106028556824,0.0029523653909564016,0.0006569721270352602,0.00010892280843108892,0.06250737607479095,157.78148915732726,0.039813216775655746,2662748.5,2900665.25
3386000,1,0.003029999999999998,0.0031481385231018066,0.5006758570671082,0.0029442505910992622,0.0006287184078246355,9.67177504207939e-05,0.06271293759346008,157.8439964737974,0.039879679679870605,2658474.5,2904948.75
3388000,1,0.003029999999999998,0.0031481782595316754,0.5016341805458069,0.002936812490224838,0.0006081742700189352,8.982066065073013e-05,0.06295004487037659,157.9067094411932,0.039907846599817276,2654812.0,2908987.0
3390000,1,0.003029999999999998,0.0031481782595316754,0.502566397190094,0.0029324159026145936,0.0006118991412222385,9.211598662659525e-05,0.06334717571735382,157.96965948606356,0.03991827368736267,2651182.25,2912848.25
3392000,1,0.003029999999999998,0.0031482179959614887,0.5035154223442078,0.0029491886496543886,0.0006300393026322126,9.54897259362042e-05,0.06347350031137466,158.03300666178092,0.039943497627973557,2647428.75,2916711.5
3394000,1,0.003029999999999998,0.0031481782595316754,0.5044987201690674,0.0029601909220218657,0.0006368835456669331,9.770597098395229e-05,0.06464187055826187,158.09648020679577,0.039935868233442307,2643527.25,2920709.5
3396000,1,0.003029999999999998,0.003148098786671938,0.5055035948753357,0.0029908133670687675,0.0006643120665103196,0.0001031119842082262,0.06534583866596222,158.16112208480462,0.03993606194853783,2639562.25,2924798.75
3398000,1,0.002649999999999998,0.002767960230509403,0.5069825649261475,0.002995016984641552,0.0006883316673338413,0.0001394566730596125,0.06581823527812958,158.22646790856942,0.039980869740247726,2631479.0,2929348.75
3400000,1,0.002649999999999998,0.002768079439798954,0.5082915425300598,0.002979118376970291,0.0006579469423741101,0.0001250236062332988,0.06644394993782043,158.29228618855103,0.03998078778386116,2626064.75,2934434.75
3402000,1,0.002649999999999998,0.0027680397033691406,0.5095323324203491,0.0029785621911287306,0.0006225996650755406,0.00011639187578111887,0.06531905382871628,158.3587301608406,0.039980899542570114,2621182.0,2939517.5
3404000,1,0.002649999999999998,0.0027679800987243652,0.5106927156448364,0.0029700018465518953,0.0006126277614384889,0.00011204034090042114,0.06491827964782715,158.4240492966257,0.03998083621263504,2616663.0,2944338.0
3406000,1,0.002649999999999998,0.0027679006258646832,0.5118217468261719,0.002994164451956749,0.0006242464296519755,0.00011418503709137438,0.06479690223932266,158.48896755392178,0.039924509823322296,2612166.75,2948951.25
3408000,1,0.002649999999999998,0.00276792049407959,0.5130008459091187,0.00297984704375267,0.0006400407291948795,0.00012152361450716853,0.06414810568094254,158.55376440400704,0.03986815735697746,2607212.25,2953486.5
3410000,1,0.002649999999999998,0.00276792049407959,0.514203667640686,0.0029779061675071715,0.0006413204595446585,0.00011947202729061246,0.0630502849817276,158.61791244263276,0.0398680604994297,2602129.5,2958073.5
3412000,1,0.002649999999999998,0.00276792049407959,0.5153883099555969,0.0029802473261952398,0.0006411442998796701,0.00011805716203525662,0.06257596611976624,158.68096274996623,0.039850328117609024,2597173.75,2962632.75
3414000,1,0.002649999999999998,0.00276792049407959,0.5165488719940186,0.0029758455231785772,0.0006544364150613545,0.00012042931048199535,0.06152714788913727,158.74353872353657,0.03986809030175209,2592338.25,2967112.0
3416000,1,0.002649999999999998,0.002767880757649721,0.5177616477012634,0.0029916662722826006,0.0006829378195106982,0.0001322624390013516,0.0615423284471035,158.80506581554636,0.039783671498298645,2587218.5,2971713.75
3418000,1,0.002649999999999998,0.002767880757649721,0.5191212296485901,0.0030075592920184137,0.0007225350476801395,0.00014689905801787973,0.06105910986661911,158.86660817379578,0.039826057851314545,2581287.25,2976669.25
3420000,1,0.002649999999999998,0.0027679006258646832,0.5204176902770996,0.002979709021747112,0.0006210282910615205,0.00010195040376856922,0.060640353709459305,158.9276672426842,0.03998083993792534,2576117.5,2981898.5
3422000,1,0.002649999999999998,0.0027679006258646832,0.5214236378669739,0.0029667049646377565,0.0005873415619134903,8.984682499431073e-05,0.06074010953307152,158.98830757776722,0.039980821311473846,2572567.25,2986468.0
3424000,1,0.002649999999999998,0.0027679006258646832,0.5223245024681091,0.0029620090499520297,0.0005767066031694412,8.329605334438382e-05,0.060396768152713776,159.04904767239913,0.04000157117843628,2569254.5,2990425.5
3426000,1,0.002649999999999998,0.0027679006258646832,0.523163378238678,0.0029568221420049664,0.0005723002832382917,7.873742724768817e-05,0.060486335307359695,159.109444455453,0.04004199430346489,2566090.5,2994036.25
3428000,1,0.002649999999999998,0.0027679006258646832,0.5239629745483398,0.002958538196980953,0.0005709090270102023,7.8395230229944e-05,0.06040855869650841,159.16993079821094,0.04004189744591713,2562995.25,2997379.5
3430000,1,0.002649999999999998,0.0027679006258646832,0.5247740149497986,0.0029535528272390363,0.0005709824617952108,7.780349696986378e-05,0.060537148267030716,159.23033927867635,0.03995008394122124,2559715.0,3000617.25
3432000,1,0.002649999999999998,0.0027679006258646832,0.5255571603775024,0.002948296256363392,0.0005666867364197969,7.440656190738082e-05,0.06049518287181854,159.29087640459164,0.03995015099644661,2556601.5,3003804.0
3434000,1,0.002649999999999998,0.0027679006258646832,0.5263069272041321,0.00294740367680788,0.0005637613590806723,7.17613031156361e-05,0.06051827222108841,159.35137159491404,0.04005203768610954,2553631.0,3006874.0
3436000,1,0.002649999999999998,0.0027679006258646832,0.5270307064056396,0.0029441788792610164,0.0005605663172900677,6.934189586900174e-05,0.06053147837519646,159.4118899155639,0.04005202651023865,2550762.0,3009826.25
3438000,1,0.002649999999999998,0.0027679006258646832,0.5277422070503235,0.002941818721592426,0.0005601072683930397,6.871625082567334e-05,0.061274755746126175,159.47242132315858,0.040052060037851334,2547920.25,3012701.5
3440000,1,0.002649999999999998,0.0027679006258646832,0.5284324288368225,0.0029408713802695275,0.0005570361856371164,6.369358161464333e-05,0.06094301864504814,159.53369607517942,0.04005204886198044,2545168.0,3015498.25
3442000,1,0.002649999999999998,0.0027679006258646832,0.52907794713974,0.002933687530457973,0.000554367108270526,6.138684111647307e-05,0.060642339289188385,159.5946390789233,0.040069688111543655,2542624.0,3018151.5
3444000,1,0.002649999999999998,0.0027679403622944965,0.5297093987464905,0.0029297349974513054,0.0005519816186279058,6.0159660642966633e-05,0.06052182614803314,159.65528139213546,0.04006965085864067,2540128.0,3020738.25
3446000,1,0.002649999999999998,0.0027679403622944965,0.5303277373313904,0.0029258217662572862,0.0005501452833414078,5.859434022568166e-05,0.060589950531721115,159.7158031810306,0.04007016867399216,2537680.0,3023262.75
3448000,1,0.002649999999999998,0.002767999966939272,0.5309298038482666,0.002924198657274246,0.0005495313089340925,5.689308745786547e-05,0.060425642877817154,159.7763931390129,0.04006992653012276,2535286.75,3025714.75
3450000,1,0.002649999999999998,0.002767999966939272,0.5315150618553162,0.0029220521450042725,0.0005484556779265404,5.563099402934313e-05,0.06033496931195259,159.83681877444013,0.04006992653012276,2532960.25,3028094.25
3452000,1,0.002649999999999998,0.002767999966939272,0.532084047794342,0.0029199158772826193,0.0005469659343361854,5.4157414706423875e-05,0.060585226863622665,159.89715373257621,0.04012623429298401,2530694.5,3030403.75
3454000,1,0.002649999999999998,0.002768019835154234,0.5326413512229919,0.0029204146936535834,0.0005466040223836899,5.278795724734664e-05,0.06034178286790848,159.9577389333628,0.040136661380529404,2528471.5,3032654.5
3456000,1,0.002649999999999998,0.002768019835154234,0.5331990122795105,0.0029331305995583534,0.0005552857182919979,5.460500833578408e-05,0.06035245954990387,160.01808071250542,0.04006993770599365,2526218.25,3034875.25
3458000,1,0.002649999999999998,0.002768079439798954,0.5337667465209961,0.0029240535572171208,0.000557793490588665,5.428477306850254e-05,0.060104504227638245,160.07843317578062,0.04006996750831604,2523884.0,3037095.0
3460000,1,0.002649999999999998,0.0027680595715840473,0.5343124866485596,0.002929142117500305,0.0005595301743596792,4.877739411313087e-05,0.06001326069235802,160.13853772471174,0.040069837123155594,2521700.0,3039291.25
3462000,1,0.002649999999999998,0.002768079439798954,0.534828782081604,0.0029253071174025536,0.0005558376666158437,4.9860327271744603e-05,0.05997548624873161,160.19855097422823,0.04012615606188774,2519636.0,3041383.25
3464000,1,0.002649999999999998,0.0027680595715840473,0.5353515148162842,0.0029254779219627376,0.0005535325035452843,4.985437262803316e-05,0.05997640639543533,160.25852654615863,0.04014696553349495,2517512.25,3043451.5
3466000,1,0.002649999999999998,0.002768079439798954,0.535868227481842,0.0029350465163588526,0.0005558820907026529,4.8484979197382926e-05,0.059924427419900894,160.31850292275175,0.04013659805059433,2515410.75,3045497.25
3468000,1,0.002649999999999998,0.002768079439798954,0.5363587737083435,0.002941383980214596,0.0005613659974187613,4.5551257790066296e-05,0.05988457053899765,160.37842732036933,0.03993900865316391,2513404.25,3047431.75
3470000,1,0.002649999999999998,0.0027681191762288226,0.5368282198905945,0.0029477126896381377,0.0005646054167300462,4.3619237840175625e-05,0.05993179604411125,160.4383118983589,0.03993910551071167,2511477.25,3049265.25
3472000,1,0.002649999999999998,0.0027681191762288226,0.5372737646102905,0.0029510095715522765,0.0005699624307453632,4.0508806705474854e-05,0.0598798468708992,160.4982436646007,0.039939045906066895,2509624.75,3050982.75
3474000,1,0.002649999999999998,0.0027681191762288226,0.5376885533332825,0.0029522065073251725,0.000572920311242342,3.82522790459916e-05,0.059825487434864044,160.558123504021,0.03993917256593704,2507871.25,3052553.0
3476000,1,0.002649999999999998,0.0027681191762288226,0.5380903482437134,0.002954631298780441,0.0005744786467403173,3.817175747826695e-05,0.0597810223698616,160.61794898773059,0.03995697572827339,2506186.25,3054080.75
3478000,1,0.0022699999999999977,0.002387901147206606,0.5388882160186768,0.002966559678316116,0.0006048595067113637,5.9184967540204525e-05,0.05938417837023735,160.67773001755103,0.040135517716407776,2501043.0,3055942.25
3480000,1,0.0022699999999999977,0.0023880203564961566,0.5394788384437561,0.0029520211741328236,0.0005868375301361084,5.772635922767222e-05,0.05912690609693527,160.73711419219597,0.04000186547636986,2498590.75,3058221.25
3482000,1,0.0022699999999999977,0.0023880203564961566,0.5400682091712952,0.002946213074028492,0.0005788691807538271,5.741618806496263e-05,0.05896905064582825,160.7962411020182,0.0400017574429512,2496219.25,3060589.0
3484000,1,0.0022699999999999977,0.002388079961140932,0.5406654477119446,0.0029349248856306077,0.0005720832385122776,5.8780558174476023e-05,0.05885116383433342,160.855210126587,0.040001820772886276,2493846.0,3063016.25
3486000,1,0.0022699999999999977,0.0023880600929260254,0.5412752032279968,0.0029243936762213705,0.000566682731732726,5.9510651044547555e-05,0.05881965905427933,160.91406129042133,0.03992777317762375,2491434.25,3065509.25
3488000,1,0.0022699999999999977,0.0023881196975708008,0.5418915152549744,0.0029165027663111687,0.0005634163040667771,5.969086196273565e-05,0.05879943445324898,160.97288096810206,0.03992758318781853,2488989.25,3068018.75
3490000,1,0.0022699999999999977,0.0023881196975708008,0.5425130724906921,0.002954350970685482,0.0005730514414608478,6.206551915965974e-05,0.05892173945903778,161.03168039137944,0.039899278432130814,2486504.75,3070530.5
3492000,1,0.0022699999999999977,0.002388079961140932,0.5432212352752686,0.0029261939227581022,0.0006004663649946451,7.151842000894249e-05,0.05888446420431137,161.09060214573964,0.03991078585386276,2483476.0,3073151.75
3494000,1,0.0022699999999999977,0.0023881196975708008,0.5439445972442627,0.0029395831748843192,0.0005984224379062652,6.990230758674443e-05,0.0590977780520916,161.14948658386692,0.03990073874592781,2480467.5,3075914.75
3496000,1,0.0022699999999999977,0.002388079961140932,0.5446613430976868,0.0029544033110141753,0.0006023012101650238,6.973593262955546e-05,0.05890844389796257,161.2085843321167,0.04002312943339348,2477563.0,3078753.25
3498000,1,0.0022699999999999977,0.0023881196975708008,0.5453715324401855,0.0029532890766859055,0.0005966769531369209,6.984690553508699e-05,0.05871538445353508,161.2674927611135,0.040114860981702805,2474743.0,3081640.0
3500000,1,0.0022699999999999977,0.0023881196975708008,0.546096920967102,0.0029456382617354393,0.0005902524106204509,7.310819928534329e-05,0.05872395634651184,161.32620814184173,0.040114760398864746,2471907.0,3084640.5
3502000,1,0.0022699999999999977,0.0023881196975708008,0.5468426942825317,0.002941243350505829,0.0005871438421308995,7.235542288981378e-05,0.058882035315036774,161.3849320795618,0.04011480137705803,2468964.75,3087708.0
3504000,1,0.0022699999999999977,0.0023881196975708008,0.5475746989250183,0.0029394758865237233,0.0005827858112752438,7.041888893581926e-05,0.059206753969192505,161.44381411487683,0.04011465981602669,2466071.5,3090704.0
3506000,1,0.0022699999999999977,0.0023881196975708008,0.548297107219696,0.002942526154220104,0.0005870313849300145,7.176419603638351e-05,0.05952883139252663,161.503020842769,0.04011458903551102,2463238.25,3093685.0
3508000,1,0.0022699999999999977,0.0023881196975708008,0.5490231513977051,0.002947402745485306,0.0005865287035703659,7.070954889059067e-05,0.059953831136226654,161.56254972631558,0.040125079452991486,2460379.25,3096680.0
3510000,1,0.0022699999999999977,0.002388079961140932,0.5497426390647888,0.0029425231739878656,0.00058594043366611,6.922850734554231e-05,0.06031316518783569,161.62250358725413,0.040125105530023575,2457544.75,3099644.25
3512000,1,0.0022699999999999977,0.002388159434000614,0.5504499673843384,0.002945263683795929,0.000587268965318799,7.076511392369866e-05,0.06078978627920151,161.68281674499138,0.040114741772413254,2454746.0,3102538.5
3514000,1,0.0022699999999999977,0.0023881196975708008,0.5511817932128906,0.002943992428481579,0.0005914944224059582,7.152266334742308e-05,0.061064913868904114,161.74360649401768,0.04013540595769882,2451861.25,3105549.0
3516000,1,0.0022699999999999977,0.002388199170430483,0.5519084930419922,0.0029454538598656654,0.0005906002596020698,7.146876887418329e-05,0.06095055863261223,161.80467139671072,0.040124986320734024,2448975.75,3108514.75
3518000,1,0.0022699999999999977,0.002388199170430483,0.5526418685913086,0.0029449865221977236,0.0005916693713515996,7.216115482151508e-05,0.060502830892801285,161.86562203729972,0.040135446935892105,2446063.0,3111499.5
3520000,1,0.0022699999999999977,0.0023881196975708008,0.553380012512207,0.0029362846165895463,0.0005890286527574062,7.161786197684705e-05,0.06046488881111145,161.92612488681897,0.04013540595769882,2443096.75,3114476.25
3522000,1,0.0022699999999999977,0.0023881395657857074,0.5541033744812012,0.0029282061383128165,0.0005830501206219196,6.967195076867938e-05,0.06067885085940361,161.98658971602543,0.04013540595769882,2440206.75,3117403.25
3524000,1,0.0022699999999999977,0.002388159434000614,0.554831862449646,0.002925487421452999,0.0005791751202195882,7.282874430529774e-05,0.06074696034193039,162.04726859296187,0.0401354543864727,2437236.5,3120275.5
3526000,1,0.0022699999999999977,0.002388159434000614,0.555568277835846,0.002916916273534298,0.0005761467386037111,7.113308529369534e-05,0.06072266027331352,162.10801556075438,0.04013536870479584,2434243.0,3123192.75
3528000,1,0.0022699999999999977,0.002388199170430483,0.5562950372695923,0.002922802418470383,0.0005812049377709627,7.158097578212619e-05,0.060735732316970825,162.1687382173024,0.04013554006814957,2431343.25,3126122.0
3530000,1,0.0022699999999999977,0.002388199170430483,0.5570243000984192,0.0029225870966911316,0.0005842580925673246,7.050728891044855e-05,0.060760099440813065,162.22947391609176,0.04013535752892494,2428441.75,3129088.0
3532000,1,0.0022699999999999977,0.002388159434000614,0.5577428936958313,0.0029201727360486985,0.0005845684092491865,6.990645197220146e-05,0.06089022383093834,162.2902340490602,0.0401354543864727,2425568.25,3131992.5
3534000,1,0.0022699999999999977,0.002388199170430483,0.5584624409675598,0.0029205357655882835,0.0005884957499802113,7.15790840331465e-05,0.06099429726600647,162.35112427661642,0.040135521441698074,2422701.5,3134914.75
3536000,1,0.0022699999999999977,0.0023882389068603516,0.559257447719574,0.0029394492506980897,0.0006480026990175246,8.67021386511624e-05,0.060971904546022415,162.41211857388242,0.0400017611682415,2419564.25,3138163.25
3538000,1,0.0022699999999999977,0.0023881395657857074,0.560133159160614,0.0029537390917539594,0.0006620078813284636,8.454220951534807e-05,0.06118830665946007,162.4730904970549,0.04158288985490799,2416133.75,3141801.75
3540000,1,0.0022699999999999977,0.002388258775075258,0.5609294772148132,0.002944175526499748,0.0006112618837505579,7.232814095914364e-05,0.06122759357094765,162.53427883724197,0.03998395428061485,2412977.0,3145038.25
3542000,1,0.0022699999999999977,0.002388258775075258,0.5616786479949951,0.0029243264347314835,0.0005871094763278961,6.859201239421964e-05,0.06113102287054062,162.59550643081292,0.03998391702771187,2409900.25,3147910.5
3544000,1,0.0022699999999999977,0.002388258775075258,0.5623952150344849,0.0029297836124897,0.0005775905679911375,6.838502595201135e-05,0.061006445437669754,162.65663749093636,0.040001869201660156,2406969.25,3150670.0
3546000,1,0.0022699999999999977,0.0023883183797200336,0.5631288290023804,0.0029332915320992472,0.0005940349772572517,7.51156243495643e-05,0.06069323047995567,162.7176439140223,0.04000190645456314,2403985.5,3153530.5
3548000,1,0.0022699999999999977,0.0023883183797200336,0.5639041662216187,0.0029509207233786583,0.0006132528651505708,8.091171039268375e-05,0.06084554269909859,162.778337166854,0.040001824498176575,2400872.25,3156620.25
3550000,1,0.0022699999999999977,0.002388397852579771,0.5647702813148499,0.0029595961794257166,0.0006837380584329367,9.282731916755438e-05,0.06116761639714241,162.83918271327838,0.04000182822346687,2397458.75,3160154.75
3552000,1,0.0022699999999999977,0.002388377984364809,0.5656053423881531,0.002949097007513046,0.0006121053826063872,7.232364150695502e-05,0.06180566921830177,162.9003502998732,0.04000188037753105,2394259.75,3163725.75
3554000,1,0.0022699999999999977,0.0023883382479349957,0.5663341283798218,0.002931605651974678,0.0005689684767276049,5.938512040302157e-05,0.06192874535918236,162.96215599144324,0.040001802146434784,2391380.25,3166710.0
3556000,1,0.0022699999999999977,0.002388298511505127,0.5669668912887573,0.0029272740706801415,0.0005507261026650666,6.038157735019923e-05,0.0615246444940567,163.02408476287945,0.04000178724527359,2388805.75,3169191.0
3558000,1,0.0018899999999999976,0.0020083387692769183,0.5680083632469177,0.0029225846752524375,0.0005638701841235161,8.2297227345407e-05,0.06014907360076904,163.08560942599996,0.04018070176243782,2382765.0,3171943.5
3560000,1,0.0018899999999999976,0.002008457978566469,0.5688231587409973,0.002919931523501873,0.0005591732915490866,7.906737737357616e-05,0.059303682297468185,163.14575849587544,0.04018073529005051,2379365.0,3175035.25
3562000,1,0.0018899999999999976,0.002008457978566469,0.5696101784706116,0.0029180556535720824,0.0005515891127288341,7.416943553835153e-05,0.05874029919505119,163.2050621856235,0.040046803653240204,2376130.5,3178085.0
3564000,1,0.0018899999999999976,0.0020084778467813758,0.5703537464141846,0.002915900386869907,0.0005453384947031736,7.055277819745243e-05,0.058289699256420135,163.26380248854383,0.040046874433755875,2373093.5,3180987.0
3566000,1,0.0018899999999999976,0.0020084778467813758,0.5710861682891846,0.0029190169647336003,0.0005452094599604606,7.065199897624553e-05,0.058104418218135834,163.32209222877844,0.03999064117670059,2370075.0,3183812.25
3568000,1,0.0018899999999999976,0.0020084778467813758,0.5718132853507996,0.002912643365561962,0.0005443051923066378,6.961458129808306e-05,0.05763402208685875,163.38019665817245,0.04004678130149841,2367085.5,3186621.25
3570000,1,0.0018899999999999976,0.0020085573196411133,0.5725210905075073,0.002914307452738285,0.0005447222385555506,6.625356618314982e-05,0.05751604586839676,163.43783063183054,0.04004693403840065,2364198.25,3189382.75
3572000,1,0.0018899999999999976,0.0020085970560709265,0.5732032656669617,0.002909143641591072,0.0005427228286862373,6.394482334144413e-05,0.05796999856829643,163.49534670377597,0.040046826004981995,2361430.25,3192041.25
3574000,1,0.0018899999999999976,0.0020086367925007953,0.5738731026649475,0.00290476493537426,0.0005392799619585275,6.441733567044138e-05,0.05780893936753273,163.55331666509136,0.040046993643045425,2358692.25,3194638.0
3576000,1,0.0018899999999999976,0.002008676528930664,0.574539303779602,0.002901570498943329,0.0005376915447413922,6.42503669951111e-05,0.05739481374621391,163.61112562681063,0.04004662483930588,2355976.75,3197237.75
3578000,1,0.0018899999999999976,0.0020087162653604773,0.5751981139183044,0.0028983820229768753,0.0005356655921787023,6.317074876278639e-05,0.05758265033364296,163.66852043683156,0.040046919137239456,2353299.0,3199820.5
3580000,1,0.0018899999999999976,0.002008756001790346,0.5758459568023682,0.0028956249356269833,0.0005339362658560276,6.218545604497194e-05,0.05765649676322937,163.72610307598933,0.04004695639014244,2350658.5,3202364.75
3582000,1,0.0018899999999999976,0.0020087162653604773,0.5764814615249634,0.0028954511508345604,0.0005326215177774429,6.009186035953462e-05,0.05772137641906738,163.78375953177436,0.040064454078674316,2348072.25,3204866.25
3584000,1,0.0018899999999999976,0.002008756001790346,0.5771023631095886,0.002895488403737545,0.0005334717221558094,5.931459018029273e-05,0.0574306845664978,163.841480915644,0.04006436467170715,2345540.5,3207304.75
3586000,1,0.0018899999999999976,0.002008756001790346,0.5777179002761841,0.0029010789468884466,0.0005386229138821363,5.844990955665708e-05,0.057002630084753036,163.89891157413348,0.03992016240954399,2343016.25,3209699.75
3588000,1,0.0018899999999999976,0.002008835474650028,0.5783177614212036,0.002889824844896793,0.0005363132804632187,5.9720932040363546e-05,0.0567801371216774,163.95591420421823,0.039863456040620804,2340611.75,3212119.5
3590000,1,0.0018899999999999976,0.002008835474650028,0.5789368748664856,0.002883392199873924,0.0005365063436329364,6.078762235119938e-05,0.056772347539663315,164.01269430036172,0.039863359183073044,2338116.75,3214589.5
3592000,1,0.0018899999999999976,0.002008835474650028,0.5795578360557556,0.0028795270249247547,0.0005346565041691064,6.0537847457453604e-05,0.056885894387960434,164.0694666404508,0.03986349329352379,2335593.25,3217046.5
3594000,1,0.0018899999999999976,0.002008756001790346,0.5801780819892883,0.0028777189552783968,0.0005330900195986033,6.043726461939514e-05,0.05666831508278847,164.12635254973992,0.03986353799700737,2333074.0,3219500.0
3596000,1,0.0018899999999999976,0.002008835474650028,0.5807964205741882,0.002877837046980858,0.0005326109472662211,6.04872650001198e-05,0.05643348768353462,164.1830208722733,0.03986356779932976,2330563.75,3221946.25
3598000,1,0.0018899999999999976,0.002008835474650028,0.5814156532287598,0.0028881233185529707,0.0005346952006220817,6.140173645690084e-05,0.05645065754652023,164.23945438603386,0.03986363112926483,2328051.25,3224409.0
3600000,1,0.0018899999999999976,0.002008835474650028,0.5820727348327637,0.0028829919174313545,0.0005435606464743615,6.740121752955019e-05,0.05662913620471954,164.29590502495392,0.039863504469394684,2325442.25,3227077.75
3602000,1,0.0018899999999999976,0.002008835474650028,0.58274245262146,0.002876343764364719,0.0005405725445598364,6.552105187438428e-05,0.05671781674027443,164.3525341760598,0.03987380862236023,2322774.5,3229807.75
3604000,1,0.0018899999999999976,0.002008835474650028,0.5833969712257385,0.002875814400613308,0.00053789047524333,6.43478415440768e-05,0.05684727802872658,164.40925197789892,0.039863426238298416,2320124.0,3232416.25
3606000,1,0.0018899999999999976,0.0020089149475097656,0.5840677618980408,0.002901209332048893,0.000547151081264019,6.888584466651081e-05,0.057049233466386795,164.46609928200468,0.039873842149972916,2317343.25,3234994.0
3608000,1,0.0018899999999999976,0.002008676528930664,0.5848419666290283,0.0028863646090030665,0.0005570566281676292,7.646101876161991e-05,0.05687026306986809,164.52314853037223,0.03988419473171234,2313961.0,3237703.75
3610000,1,0.0018899999999999976,0.002008756001790346,0.5855956077575684,0.0028821805492043498,0.0005520857870578766,7.291188230738043e-05,0.056779008358716965,164.58001884559616,0.039884407073259354,2310856.75,3240612.0
3612000,1,0.0018899999999999976,0.002008756001790346,0.5863307118415833,0.0028803976252675056,0.0005500788800418376,7.147641736082733e-05,0.05655863881111145,164.63679782415255,0.03988422453403473,2307871.0,3243518.0
3614000,1,0.0018899999999999976,0.002008756001790346,0.5870658755302429,0.002881180867552757,0.0005518217105418443,7.262774161063135e-05,0.056158725172281265,164.69335646668895,0.03987381234765053,2304859.5,3246381.5
3616000,1,0.0018899999999999976,0.0020083189010620117,0.587915301322937,0.0029427507892251016,0.000622360548004508,9.937473805621266e-05,0.05589644983410835,164.74951518441065,0.039919883012771606,2301111.0,3249283.25
3618000,1,0.0018899999999999976,0.0020085970560709265,0.5889559984207153,0.0028990326449275018,0.0005834739189594984,9.564666543155908e-05,0.05553513392806053,164.80541162679418,0.03993014991283417,2296416.75,3252697.0
3620000,1,0.0018899999999999976,0.002008875211079897,0.5898159742355347,0.0028905626386404033,0.0005593698937445879,7.944201352074742e-05,0.05556008219718933,164.86094671601876,0.03993036970496178,2293073.0,3256317.0
3622000,1,0.0018899999999999976,0.0020089149475097656,0.5905731916427612,0.00288222748786211,0.0005498129874467849,7.249284535646439e-05,0.05551198497414589,164.91650673116072,0.03988422453403473,2290200.5,3259604.0
3624000,1,0.0018899999999999976,0.0020089149475097656,0.5912826657295227,0.0028802247717976573,0.0005445164162665606,6.894523394294084e-05,0.05573875829577446,164.97201868633255,0.039884284138679504,2287495.25,3262656.75
3626000,1,0.0018899999999999976,0.002008875211079897,0.5919721126556396,0.002879676781594753,0.0005444895476102829,6.769628962501883e-05,0.056250814348459244,165.02775746698006,0.0399201326072216,2284814.25,3265549.25
3628000,1,0.0018899999999999976,0.002008875211079897,0.5926563739776611,0.0028775293380022045,0.0005433741956949234,6.753024063073098e-05,0.05654173344373703,165.08400831858143,0.0398842990398407,2282133.75,3268381.5
3630000,1,0.0018899999999999976,0.002008954683939579,0.5933669805526733,0.0028990050777792926,0.0005552616901695728,7.292466470971703e-05,0.05676491558551788,165.1405500706516,0.03988426923751831,2279277.0,3271205.75
3632000,1,0.0018899999999999976,0.0020089149475097656,0.5941293835639954,0.002880556881427765,0.0005496756173670291,7.46571517083794e-05,0.0565926656126976,165.19731506074294,0.039884526282548904,2276128.75,3274125.75
3634000,1,0.0018899999999999976,0.0020089149475097656,0.5948815941810608,0.0029041141271591185,0.0005564272403717041,7.833184208720923e-05,0.05609189718961716,165.2539077785097,0.03991999477148056,2273106.0,3277137.0
3636000,1,0.0018899999999999976,0.0020089149475097656,0.5957058072090149,0.0029073698446154595,0.0005699289031326771,8.027024450711906e-05,0.0556023046374321,165.30999966824874,0.03991992771625519,2269696.25,3280311.0
3638000,1,0.0015099999999999975,0.0016289154688516883,0.5969312191009521,0.00292019285261631,0.0005952495615929365,9.0798398014158e-05,0.055182844400405884,165.36560197288617,0.04009191691875458,2263057.25,3283838.25
3640000,1,0.0015099999999999975,0.0016289353370666504,0.597896158695221,0.002901087701320648,0.0005811955779790878,9.653370943851768e-05,0.05511683225631714,165.420784809836,0.04010972008109093,2259138.75,3287672.0
3642000,1,0.0015099999999999975,0.0016290148099263324,0.5988848805427551,0.002915896661579609,0.0005973875988274813,9.833062067627907e-05,0.05508454516530037,165.47590158993825,0.04010982811450958,2255111.75,3291573.0
3644000,1,0.0015099999999999975,0.0016290148099263324,0.5999485850334167,0.002915956452488899,0.0006014123558998108,0.00010477707255631686,0.055259838700294495,165.53098616490587,0.04010959342122078,2250658.75,3295545.0
3646000,1,0.0015099999999999975,0.0016290148099263324,0.6009813547134399,0.002913233265280723,0.0006010110955685377,0.00010000023758038878,0.05596161261200905,165.586245988705,0.0401095449924469,2246513.25,3299668.5
3648000,1,0.0015099999999999975,0.0016290148099263324,0.6020009517669678,0.002929291874170303,0.0006121705286204815,0.00010456410236656666,0.056142356246709824,165.64220759386643,0.04010971635580063,2242411.75,3303726.0
3650000,1,0.0015099999999999975,0.0016289750734965192,0.6030371189117432,0.0029045647010207177,0.0006022862624377012,9.714847547002136e-05,0.055618766695261,165.69834998736604,0.04010963439941406,2238254.75,3307863.5
3652000,1,0.0015099999999999975,0.0016289353370666504,0.6040202975273132,0.0029006343334913253,0.0005971229169517755,9.560475591570139e-05,0.05614709109067917,165.75396873916014,0.04010963439941406,2234369.5,3311870.0
3654000,1,0.0015099999999999975,0.0016290148099263324,0.6050145030021667,0.0029108714312314986,0.0006027866154909133,9.971255203709007e-05,0.05628778412938118,165.81011578927263,0.04010973125696182,2230371.25,3315825.75
3656000,1,0.0015099999999999975,0.001628955205281557,0.6061016321182251,0.002930440194904804,0.0006232623010873794,0.00011075126240029931,0.05639095604419708,165.866403573402,0.03996468707919121,2225830.25,3319881.75
3658000,1,0.0015099999999999975,0.001628955205281557,0.607304036617279,0.0029443973675370217,0.0006353938952088355,0.00011920924298465252,0.05560949072241783,165.92279454434737,0.039929136633872986,2220718.0,3324217.25
3660000,1,0.0015099999999999975,0.0016289154688516883,0.6084616184234619,0.0029231732711195945,0.0006030509248375893,9.81961260549724e-05,0.054865218698978424,165.97840403879508,0.03996462747454643,2216060.25,3328814.25
3662000,1,0.0015099999999999975,0.0016289353370666504,0.6093934774398804,0.0029173910617828367,0.0005845371168106794,9.054443798959254e-05,0.054796598851680756,166.0332692761205,0.03992905467748642,2212592.5,3332996.0
3664000,1,0.0015099999999999975,0.0016289353370666504,0.610283613204956,0.0029135592281818385,0.0005757505539804697,8.740373887121678e-05,0.05511849373579025,166.0880658675216,0.03996458277106285,2209185.75,3336840.75
3666000,1,0.0015099999999999975,0.00162909428278607,0.6111348271369934,0.002910108491778374,0.0005722727160900831,8.363704546354711e-05,0.05560389533638954,166.1431843612574,0.03992917016148567,2205914.0,3340489.75
3668000,1,0.0015099999999999975,0.0016291141510009766,0.6119365096092224,0.0029050568118691444,0.0005768838338553905,7.649600738659502e-05,0.056056827306747437,166.19878822306617,0.039928946644067764,2202870.25,3343978.0
3670000,1,0.0015099999999999975,0.0016291936238606586,0.6127216219902039,0.0028979357331991194,0.0005721562542021274,8.021233952604234e-05,0.05652545392513275,166.25484509135111,0.03992905095219612,2199827.25,3347304.5
3672000,1,0.0015099999999999975,0.0016292730967203406,0.6135290861129761,0.0028955547139048574,0.0005662400741130114,8.161097066476941e-05,0.05687869340181351,166.31137057135328,0.03992901369929314,2196637.5,3350631.75
3674000,1,0.0015099999999999975,0.0016291936238606586,0.6143487095832825,0.0028962595388293266,0.0005630485713481904,8.229234372265637e-05,0.05703170597553253,166.36824923122748,0.039928849786520004,2193386.25,3353984.25
3676000,1,0.0015099999999999975,0.0016293525695800781,0.6152109503746033,0.0029276950284838673,0.0005699365865439177,8.701527258381248e-05,0.057048071175813675,166.42528091112598,0.03992905840277672,2189859.25,3357359.75
3678000,1,0.0015099999999999975,0.0016293923060098914,0.6160380840301514,0.0029071953147649767,0.0005623075645416975,8.104386506602167e-05,0.05681561678647995,166.48232898975238,0.039929017424583435,2186602.0,3360773.5
3680000,1,0.0015099999999999975,0.0016293923060098914,0.6168491840362549,0.002897331118583679,0.0005595153197646141,8.01569374743849e-05,0.056656818836927414,166.53914459908827,0.03991866484284401,2183404.0,3364112.75
3682000,1,0.0015099999999999975,0.001629471778869629,0.6176514029502869,0.002907222509384155,0.0005650598090142011,7.925493409857153e-05,0.056610628962516785,166.59580144772752,0.03981612250208855,2180228.5,3367400.25
3684000,1,0.0015099999999999975,0.0016293923060098914,0.6184642314910889,0.002892830781638622,0.0005645581986755133,8.123574079945683e-05,0.05655508115887642,166.6524121288441,0.040027692914009094,2176961.5,3370661.75
3686000,1,0.0015099999999999975,0.001629471778869629,0.6192832589149475,0.002891675569117069,0.0005641466006636619,8.156383992172778e-05,0.05647186189889908,166.70896724725588,0.04003491997718811,2173665.0,3373931.5
3688000,1,0.0015099999999999975,0.0016295115152994422,0.6201139092445374,0.0029026141390204427,0.0005702940747141838,8.248259546235202e-05,0.05627213418483734,166.76543909052833,0.04003510996699333,2170303.25,3377213.0
3690000,1,0.0015099999999999975,0.0016293923060098914,0.6209458112716675,0.002950054779648781,0.0006004266440868377,8.214123081415891e-05,0.056078244000673294,166.82171124333962,0.0401945561170578,2166937.25,3380502.0
3692000,1,0.0015099999999999975,0.001629471778869629,0.6217877864837646,0.002931707166135311,0.0006154316011816262,8.135148091241716e-05,0.055874329060316086,166.8777894798897,0.03993387147784233,2163500.25,3383768.75
3694000,1,0.0015099999999999975,0.0016294320424397601,0.6226481199264526,0.002937502413988113,0.000631639827042818,8.38900392409414e-05,0.05567995086312294,166.93366383502706,0.03987634554505348,2159929.5,3387022.5
3696000,1,0.0015099999999999975,0.001629551251729311,0.6234999895095825,0.002985185384750366,0.0006757006514817477,8.02291848231107e-05,0.05548664927482605,166.98934371883496,0.03998179733753204,2156444.75,3390306.75
3698000,1,0.0015099999999999975,0.0016293923060098914,0.6244385838508606,0.0029947221279144286,0.0007088922429829836,9.528518421575427e-05,0.055500131100416183,167.04483030850514,0.040055882185697556,2152380.5,3393481.5
3700000,1,0.0015099999999999975,0.0016293923060098914,0.625311017036438,0.0029641451314091683,0.0006171443033963442,7.791381212882697e-05,0.05542954057455063,167.10033045078143,0.04020492359995842,2148823.25,3396830.75
3702000,1,0.0015099999999999975,0.0016293128331502094,0.6261389851570129,0.0029496086761355397,0.0005993847735226154,8.465731516480445e-05,0.05539912357926369,167.1557599801801,0.04012388736009598,2145536.0,3400232.75
3704000,1,0.0015099999999999975,0.001629471778869629,0.6269630789756775,0.0029346194118261334,0.0005809139925986529,8.413777686655521e-05,0.05536279082298279,167.21115907768234,0.04024362936615944,2142300.5,3403671.75
3706000,1,0.0015099999999999975,0.0016295115152994422,0.6277702450752258,0.0029239123687148094,0.0005655811168253422,8.187972707673907e-05,0.05536620318889618,167.26652182380184,0.040109772235155106,2139170.5,3407112.25
3708000,1,0.0015099999999999975,0.0016294320424397601,0.6285800337791443,0.002917266078293323,0.0005602563265711069,8.167559280991554e-05,0.05534527078270912,167.32188797856196,0.04010969400405884,2135992.5,3410490.75
3710000,1,0.0015099999999999975,0.001629551251729311,0.6293976902961731,0.002913195639848709,0.0005560795776546002,8.20184766780585e-05,0.055320918560028076,167.3772332381688,0.04010973125696182,2132743.25,3413833.75
3712000,1,0.0015099999999999975,0.001629551251729311,0.6302251815795898,0.0029102850705385206,0.0005547931883484125,8.273979183286429e-05,0.05529626086354256,167.43255412320121,0.040109578520059586,2129432.0,3417169.0
3714000,1,0.0015099999999999975,0.0016295115152994422,0.6310602426528931,0.002910214476287365,0.0005574584007263183,8.400256629101931e-05,0.055229268968105316,167.48785039896592,0.04010956361889839,2126071.75,3420510.25
3716000,1,0.0015099999999999975,0.0016295909881591797,0.6318999528884888,0.0029109191149473187,0.0005564428865909576,8.353149169124663e-05,0.055099595338106155,167.5430796753846,0.04010956734418869,2122697.0,3423869.75
3718000,1,0.0011299999999999973,0.0012495915095011023,0.6331889033317566,0.002913437783718109,0.0005837897770106792,0.0001088785589672625,0.05489116162061691,167.5981792781733,0.04027103632688522,2115879.25,3427575.25
3720000,1,0.0011299999999999973,0.001249710718790653,0.6342461705207825,0.0029117839410901067,0.0005810922477394342,0.00010472035501152277,0.05482276901602745,167.65307047332152,0.04009806364774704,2111555.75,3431686.0
3722000,1,0.0011299999999999973,0.0012497504552205219,0.6352751851081848,0.0029057474806904794,0.0005807560868561268,0.00010211814660578967,0.054930705577135086,167.70789328331574,0.04014734551310539,2107406.75,3435791.5
3724000,1,0.0011299999999999973,0.001249770323435484,0.6362784504890442,0.002907632850110531,0.0005821338854730129,0.0001003225101158023,0.054828744381666183,167.76282398889288,0.04009828343987465,2103395.5,3439848.25
3726000,1,0.0011299999999999973,0.001249770323435484,0.637272834777832,0.0029056783765554427,0.0005840175785124302,9.939628653228281e-05,0.054615385830402374,167.81765269229635,0.040154825896024704,2099402.5,3443835.0
3728000,1,0.0011299999999999973,0.001249770323435484,0.6382859349250793,0.002905278466641903,0.00058834133669734,0.0001021442818455398,0.05437324568629265,167.87226803342327,0.04000968113541603,2095276.125,3447785.75
3730000,1,0.0011299999999999973,0.0012497901916503906,0.6393294930458069,0.0029070019721984864,0.0005901227705180645,0.00010080578504130243,0.054116278886795044,167.92664123813137,0.040002528578042984,2090999.375,3451789.75
3732000,1,0.0011299999999999973,0.0012498100598652973,0.6403142213821411,0.0029035644605755802,0.0005869256798177958,9.872991358861327e-05,0.053870297968387604,167.9807575393699,0.03997413441538811,2087104.5,3455818.5
3734000,1,0.0011299999999999973,0.001249770323435484,0.6412997841835022,0.0029103212058544155,0.0005935669410973786,9.634804446250199e-05,0.05383817479014397,168.03462782243713,0.03998150676488876,2083165.875,3459786.75
3736000,1,0.0011299999999999973,0.0012499690055847168,0.6422578692436218,0.003007018566131592,0.000628727814182639,0.00010049976408481597,0.05411939322948456,168.08846596369966,0.0754828155040741,2079318.25,3463602.25
3738000,1,0.0011299999999999973,0.0012496709823608398,0.6433010101318359,0.00294650737196207,0.0006107260007411241,0.00010480781784281134,0.05425624921917915,168.14258535692915,0.039945755153894424,2074961.25,3467446.5
3740000,1,0.0011299999999999973,0.0012494325637817383,0.6444252133369446,0.0029840568080544473,0.000637483224272728,0.00011313747381791472,0.0538528636097908,168.19684158752187,0.04007263481616974,2070234.875,3471521.0
3742000,1,0.0011299999999999973,0.0012493928273518695,0.6457460522651672,0.0030089128762483593,0.0006809711456298828,0.00013983736280351878,0.053680308163166046,168.25069445485695,0.04015485197305679,2064479.125,3475885.0
3744000,1,0.0011299999999999973,0.0012496113777160645,0.6472612023353577,0.0029782211408019062,0.0006578166969120502,0.00014541499549522994,0.05296217277646065,168.30437471459135,0.04015460982918739,2057898.0,3480954.25
3746000,1,0.0011299999999999973,0.0012498299280802594,0.6486330032348633,0.0029851187020540236,0.0006359472870826722,0.00013338124845176935,0.05233432352542877,168.35733686129078,0.04009838402271271,2052416.0,3486457.75
3748000,1,0.0011299999999999973,0.0012498100598653528,0.6499556303024292,0.002986646629869938,0.0006295933853834866,0.00013190588215366005,0.05293058604001999,168.4096711475633,0.040154870599508286,2047212.75,3491918.25
3750000,1,0.0011299999999999973,0.0012498100598653528,0.6512287259101868,0.0029774060472846026,0.0006113939918577671,0.00012573428684845567,0.05286845192313194,168.46260172242745,0.04009830951690674,2042217.75,3497235.75
3752000,1,0.0011299999999999973,0.0012498895327250348,0.6524233818054199,0.00297658909112215,0.0006023551803082227,0.00011825074907392263,0.05250219255685806,168.51547019297703,0.04015474393963814,2037572.5,3502315.75
3754000,1,0.0011299999999999973,0.0012499888737996234,0.6535526514053345,0.002979166992008686,0.0005972082726657391,0.00011274419957771897,0.052635014057159424,168.56797243023738,0.04015465825796127,2033177.5,3507116.25
3756000,1,0.0011299999999999973,0.0012501080830891742,0.6546713709831238,0.0029755963012576105,0.0005938444752246142,0.00011268358211964369,0.0527881421148777,168.62060739959105,0.04009808599948883,2028768.625,3511720.75
3758000,1,0.0011299999999999973,0.0012502670288085938,0.6557872295379639,0.002971229702234268,0.0005917529575526713,0.00011170024517923593,0.05275529995560646,168.67339559758528,0.040098123252391815,2024342.5,3516250.75
3760000,1,0.0011299999999999973,0.0012503862380981445,0.6569029092788696,0.0029785506427288055,0.0005930279847234487,0.00011326406383886932,0.05276670306921005,168.72615091616734,0.04007266089320183,2019899.25,3520736.75
3762000,1,0.0011299999999999973,0.0012504657109578265,0.6580686569213867,0.002978435531258583,0.0006036206148564815,0.00011681452160701155,0.05264097452163696,168.77891758198365,0.0402710884809494,2015164.375,3525242.5
3764000,1,0.0011299999999999973,0.0012505054473876953,0.659264326095581,0.0029808241873979565,0.0006110798567533492,0.0001205493463203311,0.052322469651699066,168.83155854532941,0.04022522270679474,2010304.125,3529837.25
3766000,1,0.0011299999999999973,0.001250624656677246,0.6604839563369751,0.0029828915372490878,0.0006087057292461395,0.0001221040147356689,0.052392907440662384,168.8838810149811,0.04026075080037117,2005342.0,3534532.5
3768000,1,0.0011299999999999973,0.0012507438659667969,0.6617085933685303,0.002980726398527622,0.0006027211435139179,0.00012220159405842423,0.05208493396639824,168.93627386281713,0.040260788053274155,2000384.625,3539323.0
3770000,1,0.0011299999999999973,0.001250823338826479,0.6629221439361572,0.0029753508046269413,0.0006021668203175067,0.00012122871121391653,0.05218925327062607,168.9883588079594,0.04022494703531265,1995508.625,3544150.0
3772000,1,0.0011299999999999973,0.0012508630752563477,0.6641278862953186,0.0029742361977696417,0.0006038725841790438,0.00012111554387956857,0.052020519971847534,169.0405480724059,0.04025011882185936,1990675.875,3548966.25
3774000,1,0.0011299999999999973,0.0012509425481160297,0.6653298139572144,0.002970653399825096,0.0005960740149021148,0.00011906191939488053,0.05230092629790306,169.092568570026,0.040260788053274155,1985863.375,3553770.25
3776000,1,0.0011299999999999973,0.0012510220209757117,0.6665461659431458,0.002973830699920654,0.0006031752098351717,0.00012202677316963671,0.052526719868183136,169.1448694963239,0.04007398709654808,1980966.75,3558544.25
3778000,1,0.0011299999999999973,0.0012511412302652625,0.6677857637405396,0.0029877759516239166,0.0006083295214921236,0.00012108857044950128,0.05237753689289093,169.19739619011506,0.040271226316690445,1975977.875,3563346.25
3780000,1,0.0011299999999999973,0.001251300175984682,0.669046938419342,0.003009781613945961,0.0006196168716996908,0.00013016575248911975,0.05232826992869377,169.2497737456344,0.04027104750275612,1970884.625,3568149.25
3782000,1,0.0011299999999999973,0.0012512008349100934,0.670407772064209,0.003016473725438118,0.0006239575799554586,0.00013141738018020987,0.05234120041131973,169.30210203046425,0.04014752432703972,1965228.875,3573127.25
3784000,1,0.0011299999999999973,0.0012512008349100934,0.6717113256454468,0.0030005669221282003,0.0006158914882689714,0.00012766275322064757,0.052177686244249344,169.3544432569526,0.04015460982918739,1959986.0,3578269.5
3786000,1,0.0011299999999999973,0.0012511610984802246,0.6730411648750305,0.0030550828203558924,0.0006444653496146202,0.00012479533907026053,0.052155837416648865,169.4066209282957,0.040098004043102264,1954619.0,3583391.5
3788000,1,0.0011299999999999973,0.001251359780629513,0.674314558506012,0.0030052464455366133,0.0006149019114673137,0.00013135367771610618,0.05209750682115555,169.458776825317,0.04015485942363739,1949532.75,3588435.75
3790000,1,0.0011299999999999973,0.0012513200441996442,0.6755294799804688,0.0029819149523973463,0.00058969771489501,0.00011321499478071928,0.0518641397356987,169.51087433958872,0.04015460982918739,1944754.875,3593471.25
3792000,1,0.0011299999999999973,0.0012514591217041016,0.6766228675842285,0.002984645403921604,0.0005839533638209104,0.00011202330933883786,0.05218537524342537,169.56273846442326,0.04009830951690674,1940522.625,3598211.0
3794000,1,0.0011299999999999973,0.0012514988581339148,0.6777006983757019,0.002976289205253124,0.0005731030367314815,0.00010695584351196885,0.052589286118745804,169.6149237912379,0.0400981642305851,1936314.5,3602797.0
3796000,1,0.0011299999999999973,0.0012515385945637836,0.678757905960083,0.0029688134789466855,0.0005714646074920892,0.00010716894175857305,0.052855003625154495,169.6675130624555,0.040098175406455994,1932155.75,3607231.5
3798000,1,0.0007499999999999973,0.0008717179298400879,0.6803516149520874,0.0030057789757847782,0.0006158736534416676,0.00013895840384066103,0.05224259942770004,169.72036806235536,0.04030902311205864,1924209.75,3611924.75
3800000,1,0.0007499999999999973,0.0008719166119893207,0.6817622184753418,0.0030064063146710393,0.0006144517101347446,0.0001335812034085393,0.05172451213002205,169.77261066923364,0.04015389084815979,1918402.125,3617138.0
3802000,1,0.0007499999999999973,0.0008720954259237024,0.683154284954071,0.0030214566737413406,0.0006344992201775312,0.0001451148884370923,0.051402971148490906,169.82433515528663,0.039856843650341034,1912715.25,3622406.25
3804000,1,0.0007499999999999973,0.0008719563484191895,0.6847261786460876,0.003020882420241833,0.0006530732382088899,0.00015434918459504842,0.05085795372724533,169.87573811153396,0.038577500730752945,1906093.625,3627900.75
3806000,1,0.0007499999999999973,0.0008718172709146765,0.6860343217849731,0.0029902026057243344,0.0006119324825704098,0.0001281757140532136,0.05117109417915344,169.9265960317336,0.03864535316824913,1901064.375,3633559.75
3808000,1,0.0007499999999999973,0.0008720556894938336,0.6872919797897339,0.0029764367267489434,0.0006090004462748766,0.00013069919077679515,0.05129869654774666,169.97776716316565,0.03895457461476326,1896104.125,3638854.25
3810000,1,0.0007499999999999973,0.0008719960848490027,0.6885858774185181,0.002976653166115284,0.0006079113576561212,0.00012887364719063043,0.05125468969345093,170.02906587461456,0.0388675257563591,1890918.0,3644075.0
3812000,1,0.0007499999999999973,0.0008719960848490582,0.6897939443588257,0.0029723536223173136,0.0006002018693834543,0.00012027875054627657,0.05124961957335472,170.08032055685743,0.03885052725672722,1886178.75,3649208.5
3814000,1,0.0007499999999999973,0.0008717974026998254,0.6909534931182861,0.0029663851484656332,0.0005990240722894668,0.00011818486964330076,0.05165855586528778,170.1315702062331,0.038332611322402954,1881614.875,3654145.75
3816000,1,0.0007499999999999973,0.0008716185887654437,0.692098081111908,0.0029628474265336988,0.0006000494118779898,0.00011641787132248283,0.05221003666520119,170.1832287993513,0.03822863847017288,1877065.875,3658951.75
3818000,1,0.0007499999999999973,0.000871121883392334,0.6932306289672852,0.0029623964801430702,0.0006029279436916112,0.00011610388755798339,0.052505310624837875,170.23543884719237,0.03851202130317688,1872516.375,3663664.25
3820000,1,0.0007499999999999973,0.0008703072865803851,0.6943531632423401,0.0029645359143614766,0.0006071578245609999,0.0001158748404122889,0.0528026819229126,170.2879441987954,0.03851201385259628,1867956.625,3668323.75
3822000,1,0.0007499999999999973,0.000870048999786377,0.6955010890960693,0.002985573373734951,0.0006250740494579077,0.00012117361184209584,0.05253646895289421,170.34074687326773,0.0384848415851593,1863277.5,3672948.25
3824000,1,0.0007499999999999973,0.0008699297904968262,0.6967214941978455,0.002982961572706699,0.0006386635359376669,0.00012328934390097855,0.052319567650556564,170.39328333849534,0.03849698603153229,1858260.0,3677644.25
3826000,1,0.0007499999999999973,0.0008704463640848981,0.6980605125427246,0.003092104755342007,0.0007292595691978931,0.00014591520885005594,0.052369967103004456,170.4456028651677,0.0384674072265625,1852802.0,3682465.0
3828000,1,0.0007499999999999973,0.0008700688680013391,0.6996914148330688,0.0030635857954621317,0.0007575413677841424,0.00015883356099948286,0.0522434264421463,170.4979728732489,0.038509614765644073,1845687.75,3687717.75
3830000,1,0.0007499999999999973,0.0008702278137207031,0.7013752460479736,0.003099589794874191,0.0007846592925488949,0.00016553536988794804,0.05175129696726799,170.55021633321866,0.038509633392095566,1838691.5,3693558.5
3832000,1,0.0007499999999999973,0.0008699297904968262,0.7027767896652222,0.003072497248649597,0.000670362776145339,0.00011245219502598046,0.0512738972902298,170.60196761528476,0.03821983560919762,1833262.0,3699651.5
3834000,1,0.0007499999999999973,0.0008695324261983606,0.7040194869041443,0.0030914394184947016,0.0006983540952205657,0.00015183290233835577,0.05170667916536331,170.65324152002557,0.038337621837854385,1828419.875,3705128.0
3836000,1,0.0007499999999999973,0.0008696913719177246,0.7054891586303711,0.0030750393867492675,0.0006930988281965255,0.00014552498469129206,0.052018631249666214,170.70494822899326,0.03834718093276024,1822424.875,3710584.5
3838000,1,0.0007499999999999973,0.0008694728215535297,0.7067438960075378,0.003070918098092079,0.0006296284962445497,0.00012413117801770567,0.0521901436150074,170.75696689377054,0.03835998848080635,1817564.875,3716170.25
3840000,1,0.0007499999999999973,0.0008690555890401575,0.7079145908355713,0.0030407099053263663,0.0005983117967844009,0.00011054872302338481,0.05253250151872635,170.80915700758322,0.038585733622312546,1813062.625,3721448.5
3842000,1,0.0007499999999999973,0.0008688171704610559,0.7088600397109985,0.0030186761170625685,0.0005812806542962789,0.00010016338201239705,0.052845653146505356,170.86168946812376,0.038577500730752945,1809577.75,3726255.75
3844000,1,0.0007499999999999973,0.0008687376976013184,0.7097983956336975,0.003019308857619762,0.000580136477947235,0.00010087002301588655,0.053364116698503494,170.9145350691162,0.03854743391275406,1805981.875,3730544.75
3846000,1,0.0007499999999999973,0.0008688569068908691,0.7107537388801575,0.003029709309339523,0.0005813572090119124,0.00010138897923752665,0.053341418504714966,170.96789921189173,0.03855990990996361,1802233.375,3734627.0
3848000,1,0.0007499999999999973,0.0008689165115356445,0.7117724418640137,0.003071833960711956,0.0006063925568014383,0.00010086225811392068,0.053487639874219894,171.0212406080447,0.038562435656785965,1798133.75,3738585.0
3850000,1,0.0007499999999999973,0.0008689761161804199,0.7128202319145203,0.003054360672831535,0.000604925351217389,9.323832928203047e-05,0.05361895635724068,171.07472822929248,0.038577500730752945,1793900.5,3742481.0
3852000,1,0.0007499999999999973,0.0008689363797505512,0.7136775851249695,0.0031177826225757595,0.0006455042399466038,7.085382821969688e-05,0.05442260950803757,171.12834717074855,0.03889713063836098,1790587.5,3746235.5
3854000,1,0.0007499999999999973,0.0008692741394042969,0.7144271731376648,0.0031035184860229493,0.0005926971789449453,8.858028450049458e-05,0.0545479878783226,171.18276978770717,0.038058117032051086,1787718.75,3749428.25
3856000,1,0.0007499999999999973,0.0008694330851236609,0.7152304649353027,0.003075847215950489,0.0005605355370789766,9.297390352003276e-05,0.054657671600580215,171.23731776440962,0.03830378130078316,1784578.125,3752874.25
3858000,1,0.0007499999999999973,0.0008694330851236609,0.7160676121711731,0.0030943013727664946,0.0005568329244852066,8.889089804142712e-05,0.05452990531921387,171.29197548443898,0.03830375522375107,1781305.125,3756519.75
3860000,1,0.0007499999999999973,0.0008692741394042969,0.7169917821884155,0.0031537972390651703,0.0006257857196033,9.86901461146772e-05,0.05508435517549515,171.3465053897582,0.03850947692990303,1777532.625,3759840.5
3862000,1,0.0007499999999999973,0.000869294007619259,0.7179844379425049,0.0030875615775585175,0.0005703133065253496,0.00010509022977203132,0.055295683443546295,171.40158975238427,0.03836286813020706,1773446.125,3763397.5
3864000,1,0.0007499999999999973,0.0008694728215535297,0.7189095616340637,0.0030861791223287583,0.0005493065807968378,9.80449840426445e-05,0.054992031306028366,171.45688541347607,0.038271233439445496,1769804.5,3767399.75
3866000,1,0.0007499999999999973,0.0008695522944132117,0.7197656631469727,0.003094642609357834,0.0005431323312222957,9.310377063229679e-05,0.055016715079545975,171.51187741870507,0.038100652396678925,1766490.625,3771289.75
3868000,1,0.0007499999999999973,0.0008695920308430805,0.7205721139907837,0.0030981475487351414,0.000537943933159113,8.627342758700251e-05,0.055401451885700226,171.5668941747628,0.03819935396313667,1763373.875,3774995.0
3870000,1,0.0007499999999999973,0.0008697112401326312,0.7213113307952881,0.0031038826331496235,0.0005345777608454227,8.065032889135181e-05,0.054987214505672455,171.62229565272554,0.03824390098452568,1760541.875,3778438.25
3872000,1,0.0007499999999999973,0.000869830449422182,0.7219984531402588,0.0031112071126699445,0.00052921655587852,7.727026240900158e-05,0.05565866455435753,171.67728286350592,0.038103338330984116,1757905.625,3781654.75
3874000,1,0.0007499999999999973,0.0008700291315714148,0.722655177116394,0.0031188635155558584,0.0005211109295487404,7.583672995679081e-05,0.05613890290260315,171.73294153178557,0.038066864013671875,1755385.375,3784725.25
3876000,1,0.0007499999999999973,0.0008701483408609656,0.7232881784439087,0.0031280044466257093,0.0005193453747779131,7.279361598193644e-05,0.056401774287223816,171.7890804682158,0.03807932510972023,1752953.25,3787699.5
3878000,1,0.0003699999999999973,0.0004903078079223633,0.7243708968162537,0.0031557973474264146,0.0005329663399606943,9.57852986175567e-05,0.055998820811510086,171.8454822797559,0.038378529250621796,1747272.375,3790864.75
3880000,1,0.0003699999999999973,0.0004904667536417273,0.7252972722053528,0.0031539328396320344,0.0005373361986130476,9.844764135777951e-05,0.055473215878009796,171.90148112291917,0.038289207965135574,1743458.375,3794422.75
3882000,1,0.0003699999999999973,0.0004907449086506976,0.726151168346405,0.0031517751514911654,0.0005333729553967714,9.317202493548393e-05,0.054940856993198395,171.95695439095124,0.038229554891586304,1740067.875,3798016.75
3884000,1,0.0003699999999999973,0.0004908641179402484,0.7270013689994812,0.0031782425940036774,0.000543697690591216,9.926476050168275e-05,0.05478718876838684,172.01189523676857,0.03810909390449524,1736649.875,3801483.0
3886000,1,0.0003699999999999973,0.000491023063659668,0.7279818654060364,0.0031749457120895386,0.0005475439131259918,0.00010227541206404566,0.054667674005031586,172.06668242926224,0.03916788473725319,1732611.25,3805048.0
3888000,1,0.0003699999999999973,0.0004913012186685828,0.7288643717765808,0.003167513757944107,0.0005359433125704527,9.296025964431465e-05,0.05445728823542595,172.1213501293443,0.03918525204062462,1729126.0,3808684.25
3890000,1,0.0003699999999999973,0.0004914005597432269,0.7296513915061951,0.0031651861965656283,0.0005263949278742075,8.600403671152889e-05,0.05439860373735428,172.17580745483264,0.03989214822649956,1726065.75,3812130.75
3892000,1,0.0003699999999999973,0.0004915396372476843,0.7303711175918579,0.003166243061423302,0.0005215606186538934,8.128570625558494e-05,0.05480620637536049,172.2302060958229,0.04013246297836304,1723276.5,3815359.25
3894000,1,0.0003699999999999973,0.000491718451182066,0.7310498952865601,0.0031715020537376403,0.0005180006381124258,7.788111106492579e-05,0.055564384907484055,172.28501230219825,0.040369726717472076,1720635.625,3818394.75
3896000,1,0.0003699999999999973,0.0004918575286865234,0.7316918969154358,0.0031834032386541364,0.0005150464363396168,7.502880180254579e-05,0.05622725188732147,172.34057665730342,0.040478263050317764,1718139.5,3821285.25
3898000,1,0.0003699999999999973,0.0004919767379760742,0.7323027849197388,0.003187916427850723,0.0005127053242176771,7.271623471751809e-05,0.05603484809398651,172.39680393526777,0.040464285761117935,1715761.375,3824047.5
3900000,1,0.0003699999999999973,0.000492095947265625,0.7328941226005554,0.003194047883152962,0.0005122505128383637,7.129073492251337e-05,0.05598975345492363,172.45283885786756,0.04043184593319893,1713448.0,3826700.0
3902000,1,0.0003699999999999973,0.0004921356836954383,0.7334761619567871,0.003201446309685707,0.0005115267820656299,7.08889274392277e-05,0.056389469653367996,172.50882858152016,0.04038897901773453,1711160.5,3829281.0
3904000,1,0.0003699999999999973,0.0004922151565551758,0.7340549230575562,0.0032023701816797255,0.0005072352942079306,7.024533115327357e-05,0.05669303610920906,172.56521803999766,0.040241263806819916,1708871.75,3831815.0
3906000,1,0.0003699999999999973,0.0004924535751342773,0.7346309423446655,0.003202224895358086,0.0005077365785837173,7.021817145869136e-05,0.0571361780166626,172.62191113198622,0.04007454589009285,1706597.875,3834317.0
3908000,1,0.0003699999999999973,0.0004925926526387348,0.7351796627044678,0.0032041698694229123,0.0005004978273063898,6.791843334212898e-05,0.05723679065704346,172.67904736588224,0.040034376084804535,1704437.0,3836783.0
3910000,1,0.0003699999999999973,0.0004927714665730609,0.7356988787651062,0.003204638510942459,0.0005001487210392952,6.64064718876034e-05,0.05729068070650101,172.73628408575877,0.039894960820674896,1702392.75,3839191.5
3912000,1,0.0003699999999999973,0.0004929304122924805,0.7362018823623657,0.003205358237028122,0.00049620415084064,6.500401068478822e-05,0.05758540332317352,172.7935747552894,0.039867762476205826,1700418.375,3841526.0
3914000,1,0.0003699999999999973,0.0004930893580118445,0.7366896271705627,0.003205057606101036,0.0004927900154143572,6.316539947874844e-05,0.05776381492614746,172.85116019586548,0.03976836055517197,1698496.5,3843796.5
3916000,1,0.0003699999999999973,0.000493248303731264,0.7371668219566345,0.0032120827585458756,0.0004894332494586706,6.217624759301542e-05,0.05778433755040169,172.9089240145169,0.03971095755696297,1696617.0,3846003.75
3918000,1,0.0003699999999999973,0.0004933277765909461,0.7376543283462524,0.0032196044921875,0.00048987059853971,6.275172927416861e-05,0.05815766006708145,172.96670838559493,0.040081363171339035,1694675.75,3848157.25
3920000,1,0.0003699999999999973,0.0004935264587402344,0.7381365299224854,0.0032087128609418866,0.0004861857276409864,6.198156042955816e-05,0.058084145188331604,173.0248660158597,0.03982778266072273,1692748.5,3850290.0
3922000,1,0.0003699999999999973,0.0004936854044595984,0.7386032342910767,0.003210148587822914,0.00048623783513903615,6.092792609706521e-05,0.058310214430093765,173.08295014242157,0.03983139991760254,1690894.0,3852394.0
3924000,1,0.0003699999999999973,0.0004938046137491492,0.7390605807304382,0.003211168199777603,0.0004839725326746702,6.004673778079451e-05,0.0581941083073616,173.14126039410456,0.03965512663125992,1689076.125,3854453.25
3926000,1,0.0003699999999999973,0.0004940430323282508,0.7395077347755432,0.0032126545906066895,0.00048387469723820686,5.9191114269196986e-05,0.057806596159935,173.1994545471154,0.039823196828365326,1687293.875,3856458.25
3928000,1,0.0003699999999999973,0.0004942019780476703,0.7399424910545349,0.003211930766701698,0.0004822562914341688,5.767266848124563e-05,0.05780148133635521,173.25726113955005,0.039766885340213776,1685556.0,3858387.75
3930000,1,0.0003699999999999973,0.0004944403966267719,0.7403608560562134,0.0032109670341014863,0.0004792808555066585,5.642679170705378e-05,0.05772978067398071,173.3150626208864,0.039844024926424026,1683879.75,3860225.25
3932000,1,0.0003699999999999973,0.0004945993423461914,0.7407693266868591,0.0032098110765218734,0.00047583677805960176,5.5954261915758253e-05,0.05747947841882706,173.37279239038452,0.03981172665953636,1682249.5,3862044.25
3934000,1,0.0003699999999999973,0.0004947980244954242,0.7411720156669617,0.003209074214100838,0.0004738081246614456,5.571701331064105e-05,0.05763117969036102,173.43027190605625,0.03945879265666008,1680642.25,3863860.5
3936000,1,0.0003699999999999973,0.0004949569702148438,0.741572380065918,0.0032131422311067583,0.00047249924391508104,5.5768742458894846e-05,0.0577603280544281,173.4879030484937,0.039755187928676605,1679041.5,3865656.25
3938000,1,0.0003699999999999973,0.0004951556523640765,0.7419887185096741,0.0032394446432590486,0.0004762057680636644,5.824595573358238e-05,0.057941459119319916,173.54566345105394,0.03972345590591431,1677352.25,3867445.5
3940000,1,0.0003699999999999973,0.0004955530166625977,0.7425863146781921,0.0032980889081954956,0.0005040598101913929,7.498073973692954e-05,0.0580238401889801,173.60360491017326,0.03960892930626869,1674777.375,3869329.25
3942000,1,0.0003699999999999973,0.0004950364430745258,0.7433086037635803,0.003387598693370819,0.000527644669637084,8.33894417155534e-05,0.05757487192749977,173.66162871310934,0.05414317920804024,1671760.625,3871554.0
3944000,1,0.0003699999999999973,0.0004947582880655554,0.7441931366920471,0.003367150202393532,0.0005473838653415441,9.182081557810306e-05,0.056807927787303925,173.71920361856445,0.03991568088531494,1668020.625,3874125.25
3946000,1,0.0003699999999999973,0.0004951556523640765,0.7450030446052551,0.003344934061169624,0.0005245539359748363,8.861369569785893e-05,0.05638013035058975,173.7760115277253,0.04006180167198181,1664661.875,3877014.0
3948000,1,0.0003699999999999973,0.0004954735438028601,0.7456997632980347,0.003332899138331413,0.0005070758983492851,7.770623778924345e-05,0.05647069215774536,173.8323916580759,0.04010692611336708,1661910.125,3879935.25
3950000,1,0.0003699999999999973,0.0004957119623819617,0.746286153793335,0.003333692997694015,0.0005006203893572091,7.177890511229634e-05,0.056415706872940063,173.88886233533248,0.04012431204319,1659635.625,3882669.75
3952000,1,0.0003699999999999973,0.0004961490631103516,0.7468212842941284,0.0033475089818239207,0.0004979915451258421,6.80141500197351e-05,0.05670572817325592,173.94527799377664,0.04009443521499634,1657544.5,3885199.0
3954000,1,0.0003699999999999973,0.0004963080088297156,0.7473426461219788,0.0033948536962270736,0.0005002982914447784,6.645479588769376e-05,0.05724266171455383,174.00198369214758,0.04007920250296593,1655486.75,3887566.25
3956000,1,0.0003699999999999973,0.0004967848459879187,0.7478779554367065,0.003379348665475845,0.0004988827742636204,6.615110905840992e-05,0.057685043662786484,174.05922634641155,0.040061671286821365,1653322.5,3889858.5
3958000,1,-1.0000000000002737e-05,0.00011817614237463747,0.7488389611244202,0.003453308716416359,0.0005287969019263983,8.863916737027465e-05,0.05735880881547928,174.1169113677226,0.04006463661789894,1648049.75,3892362.25
3960000,1,-1.0000000000002737e-05,0.00011748075485229492,0.7499784231185913,0.0034858383238315577,0.0005671168677508831,0.00010746000334620476,0.05625556409358978,174.17427015791162,0.04009782895445824,1643127.0,3895414.25
3962000,1,-1.0000000000002737e-05,0.00011843442916870117,0.750785768032074,0.003467449173331261,0.0005360576324164867,8.834589389152824e-05,0.056132007390260696,174.23052573318108,0.04020807147026062,1639883.0,3898778.0
3964000,1,-1.0000000000002737e-05,0.00011883179346722228,0.7514462471008301,0.003483597934246063,0.0005341044627130031,8.200242300517857e-05,0.05604901537299156,174.28665780390128,0.040240928530693054,1637276.75,3901864.25
3966000,1,-1.0000000000002737e-05,0.0001191099484761371,0.7521090507507324,0.003464176878333092,0.0005281801801174879,8.187231142073869e-05,0.056149888783693314,174.34270681554898,0.04019511491060257,1634629.375,3904735.25
3968000,1,-1.0000000000002737e-05,0.00011976559956866639,0.75273197889328,0.003468646109104156,0.0005264691077172756,7.835692958906292e-05,0.0563456192612648,174.39885671178325,0.04019465669989586,1632127.5,3907506.5
3970000,1,-1.0000000000002737e-05,0.00011996428171789919,0.7533308863639832,0.0034739676862955093,0.0005259032361209392,7.620318210683763e-05,0.05671696737408638,174.45520231986865,0.04013971611857414,1629732.5,3910171.25
3972000,1,-1.0000000000002737e-05,0.00011986494064331055,0.75400310754776,0.0035198427736759185,0.00053910156711936,7.881210185587405e-05,0.05716443434357643,174.5119193021439,0.04006459563970566,1627133.625,3912744.25
3974000,1,-1.0000000000002737e-05,0.00012008349100744997,0.7547361850738525,0.003493204340338707,0.0005368856713175773,8.158282726071775e-05,0.057368770241737366,174.56908371413573,0.04006459563970566,1624242.125,3915353.75
3976000,1,-1.0000000000002737e-05,0.00012032190958655153,0.7554439306259155,0.0034878719598054886,0.0005371321458369493,8.046526927500962e-05,0.05742077901959419,174.62645248065218,0.039918363094329834,1621438.875,3918044.0
3978000,1,-1.0000000000002737e-05,0.00012032190958655153,0.7561508417129517,0.0034941859543323513,0.0005385973025113344,8.085331064648925e-05,0.05744180455803871,174.68387327084764,0.03997500240802765,1618630.75,3920739.75
3980000,1,-1.0000000000002737e-05,0.00012044111887610232,0.7568793296813965,0.0035147413611412047,0.0005424959119409322,8.21030349470675e-05,0.05740620195865631,174.74131504187807,0.03984271362423897,1615719.0,3923447.25
3982000,1,-1.0000000000002737e-05,0.00012032190958655153,0.757677435874939,0.003533439338207245,0.0005503565073013305,8.44153226353228e-05,0.05725801736116409,174.79872124383672,0.039887990802526474,1612499.125,3926204.5
3984000,1,-1.0000000000002737e-05,0.00012067953745520388,0.7583189010620117,0.0035410590469837186,0.0005385109223425388,7.942779338918625e-05,0.056934986263513565,174.8559792611979,0.039750270545482635,1609916.875,3929023.5
3986000,1,-1.0000000000002737e-05,0.00012091795603430544,0.7588577270507812,0.0035446129739284513,0.0005232080817222595,7.474372978322208e-05,0.05685089901089668,174.91291422883495,0.03975047916173935,1607732.125,3931755.25
3988000,1,-1.0000000000002737e-05,0.00012159347534179688,0.7593338489532471,0.003546340018510818,0.0005122257862240076,7.100233342498541e-05,0.057143788784742355,174.96976507569178,0.03964557498693466,1605787.125,3934351.25
3990000,1,-1.0000000000002737e-05,0.00012230873107910156,0.7597703337669373,0.003546323254704475,0.0005023429170250892,6.81840640027076e-05,0.05758820101618767,175.02690884957536,0.03986010327935219,1603991.0,3936787.25
3992000,1,-1.0000000000002737e-05,0.00012298425038653749,0.7601853013038635,0.0035454444587230682,0.0004956754390150308,6.626071408390998e-05,0.05806821212172508,175.08449709902033,0.03996075317263603,1602262.625,3939080.75
3994000,1,-1.0000000000002737e-05,0.00012373924255371094,0.7605870366096497,0.0035444755107164384,0.0004896741360425949,6.413160590454937e-05,0.05828293412923813,175.14256534839495,0.040095627307891846,1600591.75,3941261.5
3996000,1,-1.0000000000002737e-05,0.00012449423472082888,0.7609841823577881,0.0035465013235807417,0.0004849419929087162,6.267591379582882e-05,0.05765780806541443,175.20084826017245,0.03994719311594963,1598937.875,3943360.25
3998000,1,-1.0000000000002737e-05,0.00012524922688800233,0.7613866329193115,0.0035490691661834717,0.0004823522176593542,6.28229754511267e-05,0.05819685757160187,175.25850608313903,0.04008176177740097,1597252.0,3945388.25
4000000,1,-1.0000000000002737e-05,0.00012564659118652344,0.7617993950843811,0.0035508085042238236,0.0004835268016904592,6.326945731416345e-05,0.05818459019064903,175.31670296678766,0.03992398828268051,1595505.125,3947376.5
4002000,1,-1.0000000000002737e-05,0.00012624263763427734,0.7621753811836243,0.00354776531457901,0.00047838077880442144,5.839087534695864e-05,0.05802382528781891,175.37488753090128,0.03981754928827286,1593914.375,3949325.75
4004000,1,-1.0000000000002737e-05,0.00012664000193274294,0.7625044584274292,0.00354711227118969,0.0004740397911518812,5.4221297614276405e-05,0.05825880169868469,175.43291134501322,0.03979934751987457,1592522.25,3951138.0
4006000,1,-1.0000000000002737e-05,0.00012691815694171327,0.7628049850463867,0.003548358380794525,0.000471637025475502,5.185400368645787e-05,0.05839134752750397,175.49117013553604,0.039787907153367996,1591251.0,3952788.0
4008000,1,-1.0000000000002737e-05,0.0001270771026611328,0.7630795240402222,0.0035459395498037335,0.0004718843847513199,5.000552046112716e-05,0.05842997878789902,175.5495614644371,0.03979245573282242,1590078.375,3954311.75
4010000,1,-1.0000000000002737e-05,0.0001271963119506836,0.7633580565452576,0.0035400789231061934,0.00047171814367175097,5.2679167129099366e-05,0.05877521634101868,175.6079914767526,0.04027711972594261,1588846.25,3955768.0
4012000,1,-1.0000000000002737e-05,0.0001273949940999164,0.763655960559845,0.0035381730645895003,0.00046587297692894935,5.3640321129933e-05,0.058742742985486984,175.66676664093956,0.04027657210826874,1587525.125,3957248.25
4014000,1,-1.0000000000002737e-05,0.00012735525767004763,0.7640047073364258,0.0035443045198917385,0.00046793879009783264,5.717896274290979e-05,0.058893173933029175,175.72550941745266,0.04033489152789116,1586036.125,3958733.5
4016000,1,-1.0000000000002737e-05,0.00012771288553869997,0.764334499835968,0.003538446500897407,0.0004638152662664652,5.419718218035996e-05,0.059078145772218704,175.784402621188,0.0403519943356514,1584592.875,3960258.75
4018000,1,-1.0000000000002737e-05,0.00012809038162231445,0.7645926475524902,0.0035220149904489515,0.0004649753682315349,4.564823175314814e-05,0.05874874070286751,175.84348076323494,0.040247272700071335,1583432.625,3961620.25
4020000,1,-1.0000000000002737e-05,0.00012832880020141602,0.7648007869720459,0.0035162672400474546,0.00046293721534311776,4.5500637497752905e-05,0.05876459926366806,175.90222948903664,0.03963572159409523,1582499.875,3962796.25
4022000,1,-1.0000000000002737e-05,0.00012870629628497499,0.7650044560432434,0.0035106346011161806,0.00045578866265714166,4.5619692537002264e-05,0.05931724235415459,175.96099401006921,0.04018838703632355,1581595.0,3964012.75
4024000,1,-1.0000000000002737e-05,0.00012916326522827148,0.7652048468589783,0.0035050928592681883,0.00045215291902422905,4.564949485938996e-05,0.059704314917325974,176.02031123007163,0.0401226244866848,1580702.0,3965217.5
4026000,1,-1.0000000000002737e-05,0.00012954076131183045,0.7653976082801819,0.003500121459364891,0.000450587272644043,4.550897574517875e-05,0.06043983995914459,176.08001554126366,0.03988896682858467,1579838.25,3966385.5
4028000,1,-1.0000000000002737e-05,0.0001299579938253137,0.765577495098114,0.0034930694848299025,0.00045191221870481967,4.5111714280210434e-05,0.06072530150413513,176.1404554259263,0.03925548121333122,1579026.0,3967476.25
4030000,1,-1.0000000000002737e-05,0.00013027588526409728,0.7657418251037598,0.0034863702952861787,0.0004508318845182657,4.345854977145791e-05,0.0598178468644619,176.2011807386063,0.04050169140100479,1578269.75,3968497.0
4032000,1,-1.0000000000002737e-05,0.0001304149627685547,0.7658941745758057,0.003479964658617973,0.00044513554312288763,4.239166155457497e-05,0.059827499091625214,176.26099858547076,0.03812075033783913,1577560.625,3969446.25
4034000,1,-1.0000000000002737e-05,0.00013051430384319884,0.7660346627235413,0.003474636375904083,0.00044255517423152924,4.1723815957084295e-05,0.059696171432733536,176.32082609201296,0.03811538964509964,1576891.375,3970338.25
4036000,1,-1.0000000000002737e-05,0.00013063351313274962,0.7661638855934143,0.0034699883311986924,0.0004409273620694876,4.116833151783794e-05,0.059889696538448334,176.38052225226983,0.038103263825178146,1576264.5,3971171.75
4038000,1,-0.00039000000000000276,-0.00024811426798504455,0.7666236758232117,0.0034487076103687287,0.000456453301012516,5.959697882644832e-05,0.05958772450685501,176.44041191528066,0.03813822567462921,1572582.375,3972291.5
4040000,1,-0.00039000000000000276,-0.0002476771672567102,0.7668402791023254,0.0034352194517850874,0.00045262956991791724,5.385387339629233e-05,0.05898521840572357,176.49999965468868,0.03813811019062996,1571482.25,3973647.0
4042000,1,-0.00039000000000000276,-0.00024733940760290896,0.7670190334320068,0.0034237761050462724,0.0004512258805334568,5.163042224012315e-05,0.05892247334122658,176.55898486191853,0.03799517825245857,1570571.875,3974849.75
4044000,1,-0.00039000000000000276,-0.00024708112080890077,0.7671671509742737,0.0034148633480072022,0.00045524882152676583,5.0214206567034125e-05,0.059087712317705154,176.61790732780918,0.03799792379140854,1569793.625,3975878.25
4046000,1,-0.00039000000000000276,-0.00024686257044470583,0.7672940492630005,0.003408051282167435,0.00045315874740481377,4.843342176172882e-05,0.059435974806547165,176.6769949991487,0.03803686425089836,1569122.125,3976775.5
4048000,1,-0.00039000000000000276,-0.00024662415186560427,0.767405092716217,0.0034019209444522856,0.0004492863081395626,4.66510362457484e-05,0.0597933754324913,176.73643100003227,0.038037728518247604,1568525.25,3977576.5
4050000,1,-0.00039000000000000276,-0.0002463658650715961,0.767504870891571,0.003395017981529236,0.00044640158303081983,4.550535522866994e-05,0.06026463955640793,176.7962243605636,0.03774111717939377,1567990.75,3978296.75
4052000,1,-0.00039000000000000276,-0.00024614731470740114,0.7675929069519043,0.003388909623026848,0.00044445479288697244,4.475953755900264e-05,0.06041107699275017,176.85648901502117,0.037903301417827606,1567508.625,3978949.5
4054000,1,-0.00039000000000000276,-0.00024600823720294374,0.7676740288734436,0.0033834286034107207,0.00044280975125730036,4.406129010021686e-05,0.06039239093661308,176.91690015161856,0.03800666704773903,1567071.875,3979540.75
4056000,1,-0.00039000000000000276,-0.0002457896868387488,0.7677460312843323,0.0033778566867113113,0.00044192047789692873,4.3714654748328026e-05,0.06055067479610443,176.97729255000576,0.03792921453714371,1566673.25,3980080.25
4058000,1,-0.00039000000000000276,-0.00024561087290442263,0.7678112387657166,0.0033720020204782487,0.00044166012667119504,4.35397756518796e-05,0.06061306223273277,177.03784319127425,0.03788449242711067,1566310.0,3980574.5
4060000,1,-0.00039000000000000276,-0.0002453923225402832,0.7678712010383606,0.003367830067873001,0.00044271419756114483,4.3443497270345687e-05,0.06012415885925293,177.09845622742995,0.03792671114206314,1565978.125,3981024.5
4062000,1,-0.00039000000000000276,-0.00024521350860595703,0.7679262757301331,0.003363588824868202,0.0004442958626896143,4.343492619227617e-05,0.060234639793634415,177.15858037511333,0.03789687529206276,1565674.125,3981440.75
4064000,1,-0.00039000000000000276,-0.0002450744311014441,0.767975926399231,0.003359997645020485,0.00044737388379871844,4.3273137998767196e-05,0.06029050424695015,177.21881497392877,0.037896741181612015,1565396.375,3981822.75
4066000,1,-0.00039000000000000276,-0.0002448558807373047,0.7680205702781677,0.0033564101904630657,0.0004488425329327583,4.2872899211943146e-05,0.06028170883655548,177.2791054520987,0.0378643274307251,1565143.375,3982169.75
4068000,1,-0.00039000000000000276,-0.0002447962760925293,0.7680618166923523,0.0033535849303007125,0.0004473927430808544,4.2672047857195136e-05,0.060253553092479706,177.3393871013306,0.03803563490509987,1564916.75,3982481.75
4070000,1,-0.00039000000000000276,-0.0002445975939432965,0.7680971026420593,0.0033511154353618624,0.00044547645375132556,4.217259993311018e-05,0.06027538701891899,177.39964063207134,0.03773767501115799,1564711.875,3982765.75
4072000,1,-0.00039000000000000276,-0.0002444187800089703,0.7681300640106201,0.003349443152546883,0.0004439406562596559,4.1613585199229417e-05,0.060235388576984406,177.45991605261787,0.037740010768175125,1564525.875,3983019.5
4074000,1,-0.00039000000000000276,-0.00024435917536419494,0.7681583762168884,0.003347953781485557,0.00044270339421927926,4.101971862837672e-05,0.060269128531217575,177.52015143746956,0.037704676389694214,1564360.5,3983253.0
4076000,1,-0.00039000000000000276,-0.00024431943893432617,0.7681828141212463,0.003346938267350197,0.00044177197851240634,4.037489416077733e-05,0.06011052802205086,177.5804205548249,0.03772217407822609,1564220.25,3983458.75
4078000,1,-0.00039000000000000276,-0.00024431943893432617,0.7682010531425476,0.0033494088798761363,0.00044089476577937605,3.909299266524613e-05,0.06004456803202629,177.640531108924,0.03797397017478943,1564112.375,3983616.5
4080000,1,-0.00039000000000000276,-0.00024431943893432617,0.7681981921195984,0.003352569416165352,0.0004465196747332811,3.380264388397336e-05,0.06017669290304184,177.7005756471537,0.037693046033382416,1564151.25,3983703.5
4082000,1,-0.00039000000000000276,-0.00024435917536419494,0.768186628818512,0.00335247702896595,0.00044551929458975793,3.57286655344069e-05,0.06042220816016197,177.7607523139797,0.03772605210542679,1564233.375,3983679.0
4084000,1,-0.00039000000000000276,-0.00024435917536419494,0.7681854963302612,0.003353013843297958,0.00044504962861537936,3.7128294934518635e-05,0.06051500141620636,177.82117449978813,0.0379890538752079,1564229.75,3983663.25
4086000,1,-0.00039000000000000276,-0.00024435917536419494,0.7681908011436462,0.003351279720664024,0.00044307424686849115,3.793571086134761e-05,0.0604909248650074,177.88168948630317,0.03797363117337227,1564192.375,3983682.25
4088000,1,-0.00039000000000000276,-0.00024435917536419494,0.768200159072876,0.0033503852784633635,0.0004416509065777063,3.862314624711871e-05,0.06055568903684616,177.94218042234405,0.037973709404468536,1564131.875,3983733.75
4090000,1,-0.00039000000000000276,-0.00024431943893432617,0.7682132720947266,0.00334894061088562,0.0004406479187309742,3.907971549779177e-05,0.060678571462631226,178.00273614118322,0.037973735481500626,1564056.625,3983815.0
4092000,1,-0.00039000000000000276,-0.00024423996607464415,0.7682273983955383,0.0033470254391431806,0.00043967519886791703,3.941261966247112e-05,0.06071875989437103,178.0634147312723,0.03797384351491928,1563970.5,3983912.0
4094000,1,-0.00039000000000000276,-0.00024422009785973753,0.768243134021759,0.003345550969243049,0.0004389205016195774,3.9598415605723857e-05,0.06082607060670853,178.12413349116667,0.03797384351491928,1563882.0,3984018.75
4096000,1,-0.00039000000000000276,-0.00024410088857018675,0.7682592868804932,0.0033441819250583644,0.0004380399826914072,3.976099542342126e-05,0.060693152248859406,178.18495954687222,0.03797391802072525,1563788.875,3984132.25
4098000,1,-0.00039000000000000276,-0.0002440015474955426,0.7682743072509766,0.003343120217323303,0.0004370061680674553,3.972207778133451e-05,0.060741622000932693,178.24565270657166,0.037969786673784256,1563697.75,3984247.0
4100000,1,-0.00039000000000000276,-0.00024396181106567383,0.7682885527610779,0.0033418089151382446,0.0004363489337265491,3.971218538936227e-05,0.06080924719572067,178.30639430622085,0.037969816476106644,1563608.5,3984365.0
4102000,1,-0.00039000000000000276,-0.00024396181106567383,0.768304169178009,0.0033409185707569122,0.00043571460992097855,3.9631329127587374e-05,0.0607946403324604,178.36720359066948,0.03796982392668724,1563521.875,3984469.75
4104000,1,-0.00039000000000000276,-0.00024384260177612305,0.7683176398277283,0.0033398721367120738,0.0004351356998085976,3.966681833844631e-05,0.06070598214864731,178.4279982086502,0.037656646221876144,1563439.0,3984575.25
4106000,1,-0.00039000000000000276,-0.00024382273356121642,0.7683305740356445,0.003338871151208877,0.00043456577695906163,3.9669615216553214e-05,0.06072158366441727,178.48870417962297,0.03762912005186081,1563362.375,3984676.5
4108000,1,-0.00039000000000000276,-0.0002437432607015344,0.7683436274528503,0.0033377356827259063,0.00043400428257882594,3.967196971643716e-05,0.06075691431760788,178.54942573721036,0.037641387432813644,1563287.0,3984776.0
4110000,1,-0.00039000000000000276,-0.00024366378784179688,0.7683555483818054,0.003337118402123451,0.0004335199948400259,3.967827651649713e-05,0.0607861652970314,178.61018264407738,0.03762921318411827,1563214.25,3984872.25
4112000,1,-0.00039000000000000276,-0.00024364391962689025,0.7683677673339844,0.003335969150066376,0.0004331833217293024,3.9680942427366967e-05,0.060764167457818985,178.67096886897906,0.0376238152384758,1563145.25,3984969.0
4114000,1,-0.00039000000000000276,-0.00024360418319702148,0.7683785557746887,0.0033347237855196,0.00043291947804391384,3.9641224429942663e-05,0.060782093554735184,178.73173303643688,0.03756948560476303,1563079.25,3985054.25
4116000,1,-0.00039000000000000276,-0.00024356444676720823,0.7683891654014587,0.003333635628223419,0.00043267016299068927,3.9624216151423744e-05,0.060696493834257126,178.7925150927387,0.0376291461288929,1563017.125,3985136.25
4118000,1,-0.0007700000000000028,-0.0006220340728759766,0.7686256170272827,0.0033104598522186277,0.0004553086124360561,5.941598792560398e-05,0.05991772189736366,178.85321154186948,0.03756094351410866,1559911.625,3985481.0
4120000,1,-0.0007700000000000028,-0.0006216367085774555,0.7686978578567505,0.003303907811641693,0.00045078047551214693,5.399119108915329e-05,0.059159595519304276,178.913129278668,0.037451352924108505,1559402.875,3986052.75
4122000,1,-0.0007700000000000028,-0.0006213784217834473,0.7687479853630066,0.0033002100884914395,0.0004483022727072239,5.172918317839503e-05,0.059016771614551544,178.97228883320912,0.03755347430706024,1559062.75,3986497.0
4124000,1,-0.0007700000000000028,-0.0006212393442789899,0.7687860131263733,0.003297574818134308,0.0004463990218937397,5.03507733810693e-05,0.05884675309062004,179.0313056681536,0.03779790922999382,1558801.5,3986844.75
4126000,1,-0.0007700000000000028,-0.0006211002667745325,0.7688165307044983,0.0032957002520561216,0.0004456236958503723,4.9401132855564356e-05,0.05879879742860794,179.09015241379365,0.03775298222899437,1558592.25,3987126.0
4128000,1,-0.0007700000000000028,-0.0006210605303446637,0.7688406705856323,0.0032939478754997254,0.0004447953775525093,4.8723854706622664e-05,0.05877980217337608,179.14895124102458,0.03760413080453873,1558419.125,3987359.0
4130000,1,-0.0007700000000000028,-0.0006209810574849817,0.768860399723053,0.003292253240942955,0.0004443629644811153,4.8246432561427356e-05,0.05875534564256668,179.20773104692324,0.03772822022438049,1558275.0,3987551.5
4132000,1,-0.0007700000000000028,-0.0006208419799804688,0.7688772082328796,0.003291560336947441,0.00044412924908101555,4.7931505832821124e-05,0.05879855901002884,179.26648642236813,0.0378037691116333,1558155.25,3987715.25
4134000,1,-0.0007700000000000028,-0.0006207625071207867,0.7688915133476257,0.0032906264066696164,0.0004439258016645908,4.770817176904529e-05,0.05880424752831459,179.3252849627517,0.03780367970466614,1558054.25,3987857.5
4136000,1,-0.0007700000000000028,-0.0006207029024760113,0.7689028978347778,0.0032894641160964968,0.00044373776763677596,4.7493542660959064e-05,0.05886029452085495,179.38408921028002,0.03780369088053703,1557968.125,3987987.75
4138000,1,-0.0007700000000000028,-0.0006206234296163293,0.7689146399497986,0.003288497403264046,0.00044359094463288786,4.735728725790977e-05,0.05889235436916351,179.44294955322965,0.03774332255125046,1557893.375,3988098.25
4140000,1,-0.0007700000000000028,-0.0006205836931864606,0.7689230442047119,0.003287677466869354,0.0004435459151864051,4.7269169590435924e-05,0.058964285999536514,179.50184190014824,0.037758611142635345,1557825.25,3988195.25
4142000,1,-0.0007700000000000028,-0.0006205439567565918,0.7689310312271118,0.003286836296319961,0.0004436789080500603,4.7154154162853954e-05,0.05896738916635513,179.56080618614777,0.03773117810487747,1557765.875,3988277.5
4144000,1,-0.0007700000000000028,-0.0006204843521118164,0.7689372897148132,0.003286454081535339,0.0004439594689756632,4.711862711701542e-05,0.05900305509567261,179.6197735455118,0.037442728877067566,1557712.25,3988357.5
4146000,1,-0.0007700000000000028,-0.0006204048792521344,0.7689427137374878,0.0032860919833183288,0.0004438456147909164,4.6991338604129854e-05,0.059038516134023666,179.6787765894316,0.03744310885667801,1557669.0,3988421.5
4148000,1,-0.0007700000000000028,-0.0006203651428222656,0.768948495388031,0.0032854799181222917,0.0004438596777617931,4.695105308201164e-05,0.05909676477313042,179.73781508693918,0.03744317963719368,1557627.75,3988476.25
4150000,1,-0.0007700000000000028,-0.0006203651428222656,0.768952488899231,0.00328499898314476,0.0004439311102032661,4.694221715908498e-05,0.059143103659152985,179.79691188151463,0.037768010050058365,1557595.375,3988532.0
4152000,1,-0.0007700000000000028,-0.000620345274607359,0.7689560651779175,0.00328466035425663,0.00044397497549653053,4.688135522883386e-05,0.05919294431805611,179.85605500007495,0.03775361180305481,1557564.0,3988576.0
4154000,1,-0.0007700000000000028,-0.000620345274607359,0.7689586877822876,0.0032842401415109634,0.00044403974898159503,4.684222512878477e-05,0.0592428594827652,179.91524795556887,0.03770595043897629,1557536.875,3988613.5
4156000,1,-0.0007700000000000028,-0.0006203055381774902,0.7689616680145264,0.0032840143889188763,0.00044406913220882414,4.678873810917139e-05,0.05926455929875374,179.97449085975512,0.03770602494478226,1557515.25,3988646.5
4158000,1,-0.0007700000000000028,-0.0006202260653178082,0.7689634561538696,0.003283681347966194,0.0004441341385245323,4.68305399408564e-05,0.059290964156389236,180.03375532219633,0.03770587593317032,1557494.375,3988681.25
4160000,1,-0.0007700000000000028,-0.0006201863288879395,0.7689658999443054,0.0032835301011800763,0.00044424710795283313,4.680306592490524e-05,0.059320367872714996,180.09304627145156,0.03770589828491211,1557474.875,3988708.25
4162000,1,-0.0007700000000000028,-0.0006201863288879395,0.7689666152000427,0.0032832294702529905,0.00044448943808674814,4.6742826816625894e-05,0.05935145914554596,180.1523666318737,0.0377059169113636,1557459.875,3988733.75
4164000,1,-0.0007700000000000028,-0.0006201863288879395,0.7689673900604248,0.0032831158488988875,0.00044452319853007796,4.674204683396965e-05,0.05939333513379097,180.21171816179975,0.0377059206366539,1557447.25,3988750.5
4166000,1,-0.0007700000000000028,-0.0006201863288879395,0.7689681649208069,0.0032829541712999346,0.00044456212781369687,4.673410148825496e-05,0.05942612886428833,180.27111145968064,0.03770575672388077,1557435.75,3988770.25
4168000,1,-0.0007700000000000028,-0.0006201664606730328,0.7689691781997681,0.0032828204333782197,0.00044462680816650393,4.669584450311959e-05,0.05944672226905823,180.33053753266557,0.037705764174461365,1557427.625,3988786.5
4170000,1,-0.0007700000000000028,-0.0006201664606730328,0.7689695954322815,0.0032826963812112807,0.00044483207166194915,4.673869407270103e-05,0.059478502720594406,180.38998424748405,0.03770575672388077,1557421.375,3988797.75
4172000,1,-0.0007700000000000028,-0.0006201664606730328,0.7689689993858337,0.0032825589179992674,0.00044499635696411134,4.673915100283921e-05,0.05949777364730835,180.4494627688311,0.03770574554800987,1557416.125,3988810.25
4174000,1,-0.0007700000000000028,-0.0006201267242431641,0.7689689993858337,0.003282506391406059,0.0004450571723282337,4.6729770838282994e-05,0.059508174657821655,180.50896062816008,0.037705834954977036,1557412.875,3988815.5
4176000,1,-0.0007700000000000028,-0.0006200869878133508,0.7689684629440308,0.003282363340258598,0.0004451103042811155,4.672399372793734e-05,0.05957105755805969,180.56846879164203,0.03770579397678375,1557410.25,3988826.0
4178000,1,-0.0007700000000000028,-0.0006200869878133508,0.768968403339386,0.0032823290675878525,0.0004451744258403778,4.6724374988116325e-05,0.05953555554151535,180.6280398454748,0.037705790251493454,1557408.75,3988831.0
4180000,1,-0.0007700000000000028,-0.0006200869878133508,0.7689681649208069,0.003282249718904495,0.0004452201072126627,4.672194190789014e-05,0.059537772089242935,180.6875753674887,0.03770573064684868,1557405.0,3988838.25
4182000,1,-0.0007700000000000028,-0.0006200869878133508,0.7689679265022278,0.0032821912318468094,0.00044528995640575887,4.671463684644549e-05,0.05955037847161293,180.74711314330324,0.037705693393945694,1557404.375,3988842.25
4184000,1,-0.0007700000000000028,-0.0006200869878133508,0.7689664959907532,0.0032821226865053176,0.0004453510046005249,4.6716749784536654e-05,0.059543803334236145,180.8066635441266,0.03770586475729942,1557405.125,3988840.25
4186000,1,-0.0007700000000000028,-0.0006200869878133508,0.7689653635025024,0.003282056748867035,0.0004452960100024938,4.672588547691703e-05,0.05955919250845909,180.86620734746083,0.03770570456981659,1557406.375,3988840.5
4188000,1,-0.0007700000000000028,-0.0006200869878133508,0.7689639925956726,0.0032819822430610658,0.0004452461376786232,4.672314971685409e-05,0.059557490050792694,180.92576654369458,0.037705764174461365,1557410.25,3988835.5
4190000,1,-0.0007700000000000028,-0.0006200869878133508,0.7689628601074219,0.0032819006592035294,0.00044532180763781073,4.6723333070985966e-05,0.05956036597490311,180.98532399276718,0.037705834954977036,1557414.125,3988835.0
4192000,1,-0.0007700000000000028,-0.0006200869878133508,0.7689613103866577,0.0032817717641592022,0.00044532828032970426,4.6712308540008954e-05,0.05957425385713577,181.0448843885444,0.03770589455962181,1557419.375,3988831.75
4194000,1,-0.0007700000000000028,-0.0006200869878133508,0.768960177898407,0.00328177623450756,0.00044534560292959214,4.671929345931857e-05,0.059578146785497665,181.10445867592915,0.03769366815686226,1557423.625,3988829.0
4196000,1,-0.0007700000000000028,-0.0006200869878133508,0.768958330154419,0.0032817550003528596,0.0004453449510037899,4.6717177610844374e-05,0.059639569371938705,181.16403689722046,0.037693556398153305,1557429.125,3988826.25
4198000,1,-0.0011500000000000028,-0.0009981195131937293,0.7691211700439453,0.0032668776810169217,0.0004656379111111164,6.584158982150256e-05,0.05893190950155258,181.22367649639472,0.037749044597148895,1554385.75,3989095.5
4200000,1,-0.0011500000000000028,-0.000997761885325077,0.7691707611083984,0.0032613348215818406,0.0004616560880094766,6.0759700136259195e-05,0.05827431380748749,181.28260841707214,0.03754127770662308,1553932.375,3989594.5
4202000,1,-0.0011500000000000028,-0.0009975433349609375,0.7692047953605652,0.0032587110996246337,0.0004612324759364128,5.8967381482943894e-05,0.05799083039164543,181.3408827048026,0.03760002925992012,1553644.5,3989982.5
4204000,1,-0.0011500000000000028,-0.0009973645210266113,0.7692287564277649,0.0032562054693698883,0.00046149357222020627,5.781106883659959e-05,0.05792642757296562,181.39887348304018,0.03747856989502907,1553431.875,3990271.0
4206000,1,-0.0011500000000000028,-0.0009972651799519672,0.7692474126815796,0.0032544102519750594,0.00046163015067577365,5.712139536626637e-05,0.057840101420879364,181.45679987708553,0.03747604414820671,1553268.75,3990492.75
4208000,1,-0.0011500000000000028,-0.0009971062342325476,0.769259512424469,0.003253555670380592,0.0004613482393324375,5.663140327669679e-05,0.05791546404361725,181.51464000830873,0.037476055324077606,1553145.375,3990664.0
4210000,1,-0.0011500000000000028,-0.0009970466295877722,0.7692696452140808,0.0032526947557926177,0.00046158721670508385,5.625238991342485e-05,0.057909660041332245,181.57255544627532,0.037320882081985474,1553046.75,3990798.0
4212000,1,-0.0011500000000000028,-0.000997006893157959,0.769277036190033,0.003251644596457481,0.0004615861922502518,5.6018325267359614e-05,0.05790578946471214,181.63046502808555,0.037272825837135315,1552972.625,3990902.25
4214000,1,-0.0011500000000000028,-0.0009969075520833148,0.7692822217941284,0.003251129016280174,0.0004617372993379831,5.5876915575936435e-05,0.05782697722315788,181.68837078774794,0.03727274015545845,1552914.75,3990985.75
4216000,1,-0.0011500000000000028,-0.0009968280792236328,0.7692856192588806,0.0032505523413419724,0.00046173720620572566,5.573641392402351e-05,0.05782145634293556,181.74619778732284,0.03727265074849129,1552871.875,3991048.75
4218000,1,-0.0011500000000000028,-0.0009968280792236328,0.7692875266075134,0.003250254690647125,0.00046178940683603285,5.565467872656881e-05,0.057859357446432114,181.80401926601752,0.03727283701300621,1552838.5,3991096.0
4220000,1,-0.0011500000000000028,-0.0009968280792236328,0.769288182258606,0.0032502070069313047,0.00046188291162252426,5.556803662329912e-05,0.05785487964749336,181.8618786383651,0.037311237305402756,1552816.0,3991133.25
4222000,1,-0.0011500000000000028,-0.000996788342793764,0.7692885398864746,0.0032502058893442154,0.0004620523191988468,5.5544835049659014e-05,0.057831283658742905,181.91973351056203,0.03729359805583954,1552798.0,3991162.75
4224000,1,-0.0011500000000000028,-0.000996788342793764,0.7692888975143433,0.003250126913189888,0.00046213548630475994,5.540339043363929e-05,0.05781454220414162,181.97756479049548,0.037293773144483566,1552786.5,3991187.0
4226000,1,-0.0011500000000000028,-0.000996788342793764,0.7692881226539612,0.003249887004494667,0.0004624472465366125,5.5335508659482005e-05,0.05778563395142555,182.0353793401502,0.03731127828359604,1552775.625,3991206.75
4228000,1,-0.0011500000000000028,-0.0009967486063638953,0.7692872881889343,0.003249650076031685,0.00046255234628915786,5.522891879081726e-05,0.05777541548013687,182.09316497782692,0.03731134533882141,1552770.75,3991222.0
4230000,1,-0.0011500000000000028,-0.0009967287381489887,0.7692856788635254,0.0032498151063919067,0.0004625495057553053,5.511879571713507e-05,0.05775435268878937,182.15094040448292,0.037311211228370667,1552769.125,3991229.0
4232000,1,-0.0011500000000000028,-0.00099668900171912,0.769283652305603,0.0032497283071279523,0.00046268971636891364,5.50422933883965e-05,0.05775360018014908,182.2086947273694,0.03745318204164505,1552769.25,3991233.75
4234000,1,-0.0011500000000000028,-0.0009966492652893066,0.7692819237709045,0.003249705582857132,0.0004627702757716179,5.5016559781506654e-05,0.05775891989469528,182.26644831637367,0.03745325654745102,1552770.75,3991237.0
4236000,1,-0.0011500000000000028,-0.0009966492652893066,0.7692796587944031,0.0032496195286512374,0.0004628046415746212,5.499191465787589e-05,0.05781575292348862,182.32420722881778,0.03745333477854729,1552776.0,3991236.75
4238000,1,-0.0011500000000000028,-0.00099668900171912,0.7692771553993225,0.003249528259038925,0.00046283467672765256,5.498485988937318e-05,0.05785614624619484,182.3820229668401,0.0374533049762249,1552780.0,3991235.5
4240000,1,-0.0011500000000000028,-0.00099668900171912,0.7692745923995972,0.003249574452638626,0.00046282424591481686,5.4972694488242266e-05,0.057831794023513794,182.4398791503392,0.037430260330438614,1552786.125,3991230.0
4242000,1,-0.0011500000000000028,-0.00099668900171912,0.7692716717720032,0.00324951745569706,0.00046285251155495647,5.494024371728301e-05,0.05789400637149811,182.49771092946156,0.037453364580869675,1552795.5,3991226.0
4244000,1,-0.0011500000000000028,-0.00099668900171912,0.7692685127258301,0.003249628096818924,0.00046283300034701826,5.491974879987538e-05,0.05789315328001976,182.55560497681125,0.03745332360267639,1552806.0,3991216.25
4246000,1,-0.0011500000000000028,-0.00099668900171912,0.769265353679657,0.003249777853488922,0.00046284440904855725,5.490147741511464e-05,0.05786469206213951,182.6134981561683,0.03745336830615997,1552817.625,3991207.25
4248000,1,-0.0011500000000000028,-0.0009966492652893066,0.7692623734474182,0.0032497741281986236,0.00046285437420010565,5.488232127390802e-05,0.0578700415790081,182.67136287430748,0.0374533012509346,1552830.25,3991197.25
4250000,1,-0.0011500000000000028,-0.00099668900171912,0.7692592144012451,0.003249870613217354,0.0004628495778888464,5.4880097741261126e-05,0.05794591084122658,182.7292329121612,0.03743018954992294,1552841.0,3991186.5
4252000,1,-0.0011500000000000028,-0.0009966492652893066,0.7692565321922302,0.0032498512417078016,0.00046287309378385545,5.486679146997631e-05,0.057854585349559784,182.7871788639806,0.03745337948203087,1552852.625,3991176.75
4254000,1,-0.0011500000000000028,-0.00099668900171912,0.769253134727478,0.0032498799264431,0.00046294070780277257,5.4845988051965834e-05,0.05782384052872658,182.84503346423134,0.03743022307753563,1552864.125,3991165.0
4256000,1,-0.0011500000000000028,-0.00099668900171912,0.7692497968673706,0.0032497931271791456,0.0004629416391253471,5.482783308252692e-05,0.05786594748497009,182.90285731593593,0.037430278956890106,1552876.0,3991153.75
4258000,1,-0.0011500000000000028,-0.0009966492652893066,0.7692466378211975,0.003249809518456459,0.0004628443159162998,5.481593543663621e-05,0.05789133906364441,182.96072327832206,0.037430066615343094,1552889.75,3991142.5
4260000,1,-0.0011500000000000028,-0.00099668900171912,0.7692433595657349,0.003249889984726906,0.0004628000780940056,5.4792786249890925e-05,0.05790502205491066,183.0186145875834,0.03745327144861221,1552902.125,3991130.25
4262000,1,-0.0011500000000000028,-0.0009966492652893066,0.7692399621009827,0.0032498955726623533,0.0004628586117178202,5.476638907566667e-05,0.057992152869701385,183.07651966551765,0.03745323792099953,1552916.75,3991117.0
4264000,1,-0.0011500000000000028,-0.00099668900171912,0.7692368626594543,0.003249869123101234,0.00046293456107378007,5.4752774303779006e-05,0.05813322588801384,183.13451187054142,0.037430185824632645,1552930.375,3991102.5
4266000,1,-0.0011500000000000028,-0.00099668900171912,0.7692334651947021,0.0032499127089977266,0.0004630643408745527,5.4742104839533565e-05,0.05822973698377609,183.1926450666271,0.037430282682180405,1552944.0,3991089.5
4268000,1,-0.0011500000000000028,-0.0009966492652893066,0.7692294716835022,0.003249923139810562,0.00046322750858962536,5.472491029649973e-05,0.058226604014635086,183.25087478125914,0.03743020445108414,1552956.5,3991078.0
4270000,1,-0.0011500000000000028,-0.00099668900171912,0.7692263126373291,0.003249961137771606,0.0004634108860045671,5.470760515891015e-05,0.058241162449121475,183.30910132194384,0.037430234253406525,1552970.625,3991064.5
4272000,1,-0.0011500000000000028,-0.00099668900171912,0.7692225575447083,0.0032500047236680984,0.0004634810611605644,5.468770978040993e-05,0.058222606778144836,183.3673424657665,0.03741791099309921,1552984.0,3991049.75
4274000,1,-0.0011500000000000028,-0.00099668900171912,0.7692193984985352,0.0032500356435775754,0.00046354555524885654,5.4674712009727956e-05,0.058212485164403915,183.42556507999524,0.037430260330438614,1552997.375,3991035.0
4276000,1,-0.0011500000000000028,-0.00099668900171912,0.7692155838012695,0.0032500311732292174,0.00046359188854694366,5.466030561365187e-05,0.05821359530091286,183.48377756143435,0.03743022680282593,1553011.5,3991023.5
4278000,1,-0.0015300000000000027,-0.0013741254806518555,0.7693127989768982,0.003231874108314514,0.00047801951877772807,7.368692313320935e-05,0.057810187339782715,183.54199112320765,0.0375756174325943,1550041.125,3991181.0
4280000,1,-0.0015300000000000027,-0.0013736685117086145,0.7693405747413635,0.0032262999564409253,0.00047489418648183346,6.883327150717377e-05,0.05751538276672363,183.59980131427272,0.03767905756831169,1549671.25,3991574.5
4282000,1,-0.0015300000000000027,-0.0013734896977742883,0.769359827041626,0.0032238326966762543,0.0004744035191833973,6.707835709676146e-05,0.057386066764593124,183.65731670821532,0.03788892552256584,1549458.5,3991854.0
4284000,1,-0.0015300000000000027,-0.0013732711474100934,0.7693715691566467,0.003222071751952171,0.00047423322685062884,6.602624198421836e-05,0.057339224964380264,183.71470274890288,0.037888817489147186,1549314.5,3992053.5
4286000,1,-0.0015300000000000027,-0.0013731916745504114,0.7693778872489929,0.0032205749303102493,0.0004741291981190443,6.532700499519705e-05,0.05717775225639343,183.77204198876842,0.037924326956272125,1549212.125,3992196.0
4288000,1,-0.0015300000000000027,-0.001373132069905636,0.7693835496902466,0.003219739720225334,0.0004740728065371513,6.477602873928845e-05,0.05712002143263817,183.8292197857283,0.03795497491955757,1549139.125,3992296.75
4290000,1,-0.0015300000000000027,-0.0013730923334757672,0.7693864107131958,0.0032191786915063856,0.0004740656819194555,6.439146236516535e-05,0.05710199847817421,183.88633977735861,0.037985630333423615,1549088.75,3992376.75
4292000,1,-0.0015300000000000027,-0.0013730128606160852,0.7693873643875122,0.003218935802578926,0.00047419997863471506,6.411705981008708e-05,0.057079315185546875,183.9434417721115,0.038046956062316895,1549052.625,3992434.0
4294000,1,-0.0015300000000000027,-0.001372992992401123,0.769386887550354,0.0032185692340135573,0.0004742407239973545,6.391079514287411e-05,0.05703316256403923,184.00052107239588,0.03806229680776596,1549029.0,3992473.5
4296000,1,-0.0015300000000000027,-0.0013729532559713098,0.7693856358528137,0.0032183822244405747,0.00047430843114852904,6.375403027050197e-05,0.057093165814876556,184.05755425731166,0.03807763010263443,1549014.625,3992500.5
4298000,1,-0.0015300000000000027,-0.001372913519541441,0.7693840861320496,0.003218075633049011,0.0004743944387882948,6.360550760291517e-05,0.057105571031570435,184.11464750135764,0.03810827434062958,1549007.0,3992514.75
4300000,1,-0.0015300000000000027,-0.001372913519541441,0.7693809866905212,0.003218042850494385,0.00047448826953768727,6.350179901346565e-05,0.05710206553339958,184.17175308356508,0.03807763755321503,1549007.0,3992522.0
4302000,1,-0.0015300000000000027,-0.001372913519541441,0.7693772315979004,0.0032180674374103543,0.00047451462596654893,6.342714186757803e-05,0.05709420144557953,184.2288551006697,0.03807763010263443,1549011.75,3992520.0
4304000,1,-0.0015300000000000027,-0.001372913519541441,0.7693740725517273,0.0032180111855268476,0.0004745834972709417,6.334976642392575e-05,0.057103026658296585,184.2859492611371,0.03806229308247566,1549020.625,3992515.75
4306000,1,-0.0015300000000000027,-0.001372913519541441,0.7693712115287781,0.0032179575413465496,0.0004747257567942142,6.328030722215771e-05,0.05708831176161766,184.34305226544365,0.03807763010263443,1549030.75,3992509.5
4308000,1,-0.0015300000000000027,-0.001372913519541441,0.7693673968315125,0.0032175429165363307,0.00047482792288064954,6.327792652882636e-05,0.05707209184765816,184.40014058093055,0.03807763755321503,1549040.375,3992505.25
4310000,1,-0.0015300000000000027,-0.001372913519541441,0.7693635821342468,0.003217338770627975,0.00047497963532805443,6.321101100184023e-05,0.05707205832004547,184.45721269140466,0.03807763010263443,1549051.875,3992495.5
4312000,1,-0.0015300000000000027,-0.001372913519541441,0.7693591713905334,0.0032172124832868573,0.00047512832097709176,6.319450912997126e-05,0.05704125016927719,184.51428473109826,0.03807763010263443,1549064.875,3992484.25
4314000,1,-0.0015300000000000027,-0.0013728737831115723,0.7693552374839783,0.003217247501015663,0.0004752570297569036,6.316481158137321e-05,0.057022590190172195,184.57132592911347,0.03807763010263443,1549079.0,3992470.25
4316000,1,-0.0015300000000000027,-0.0013728737831115723,0.7693511843681335,0.0032169997692108156,0.0004754837602376938,6.314767524600029e-05,0.057005006819963455,184.6283484559737,0.03807763010263443,1549095.375,3992455.75
4318000,1,-0.0015300000000000027,-0.001372913519541441,0.7693468928337097,0.0032169885933399202,0.0004756589420139789,6.313807098194957e-05,0.056979380548000336,184.68535350004657,0.03807763755321503,1549111.125,3992442.0
4320000,1,-0.0015300000000000027,-0.001372913519541441,0.7693427801132202,0.0032169833779335023,0.00047585112042725086,6.312812329269945e-05,0.056999754160642624,184.74233285824283,0.03807763010263443,1549128.375,3992425.25
4322000,1,-0.0015300000000000027,-0.001372913519541441,0.7693381905555725,0.003216927126049995,0.00047589899040758607,6.30998401902616e-05,0.05698438361287117,184.7993326012276,0.03807763755321503,1549146.0,3992406.0
4324000,1,-0.0015300000000000027,-0.001372893651326479,0.7693339586257935,0.0032167475670576095,0.000475872540846467,6.308902520686388e-05,0.056955594569444656,184.8563170146428,0.03807763010263443,1549165.0,3992386.25
4326000,1,-0.0015300000000000027,-0.001372913519541441,0.7693297863006592,0.003216782212257385,0.00047591333277523517,6.30516151431948e-05,0.056953780353069305,184.91327264273986,0.03807763010263443,1549184.25,3992366.0
4328000,1,-0.0015300000000000027,-0.001372913519541441,0.7693252563476562,0.0032167706638574598,0.00047581358812749387,6.304940907284617e-05,0.05693492293357849,184.97022649387344,0.03807763010263443,1549206.0,3992346.25
4330000,1,-0.0015300000000000027,-0.001372913519541441,0.7693207263946533,0.003216862678527832,0.00047586313448846337,6.303079426288605e-05,0.05692030116915703,185.0271613832794,0.03807763755321503,1549225.625,3992325.25
4332000,1,-0.0015300000000000027,-0.001372913519541441,0.7693160772323608,0.003216905891895294,0.0004760200623422861,6.301866378635168e-05,0.056900277733802795,185.08408168072327,0.03807763010263443,1549244.75,3992304.0
4334000,1,-0.0015300000000000027,-0.001372913519541441,0.7693114280700684,0.0032170623540878295,0.00047628358006477354,6.301494431681931e-05,0.056871335953474045,185.1409819919847,0.03807763010263443,1549264.625,3992283.25
4336000,1,-0.0015300000000000027,-0.001372913519541441,0.7693062424659729,0.003217378258705139,0.00047638402320444585,6.299538072198629e-05,0.05684732645750046,185.19785334283932,0.03807763755321503,1549284.625,3992263.25
4338000,1,-0.0015300000000000027,-0.001372913519541441,0.7693023681640625,0.0032174769788980485,0.00047650448977947234,6.296360515989363e-05,0.05683682858943939,185.25470070282444,0.03807763010263443,1549306.5,3992242.5
4340000,1,-0.0015300000000000027,-0.001372913519541441,0.7692972421646118,0.003217577561736107,0.0004765838384628296,6.294779595918953e-05,0.05682409927248955,185.31153751651271,0.03807763755321503,1549327.25,3992222.0
4342000,1,-0.0015300000000000027,-0.001372913519541441,0.7692930698394775,0.003217584639787674,0.00047667669132351876,6.292614853009582e-05,0.05680875480175018,185.36836163441166,0.03807763010263443,1549346.125,3992201.75
4344000,1,-0.0015300000000000027,-0.001372913519541441,0.7692884802818298,0.0032177038490772245,0.0004769581835716963,6.291210884228349e-05,0.05678723379969597,185.42517037803754,0.03807763010263443,1549366.5,3992182.25
4346000,1,-0.0015300000000000027,-0.001372913519541441,0.7692837119102478,0.0032178491353988645,0.0004771284759044647,6.291131721809506e-05,0.05675869807600975,185.48195760066136,0.03807763010263443,1549388.125,3992159.5
4348000,1,-0.0015300000000000027,-0.001372913519541441,0.7692784070968628,0.0032179396599531173,0.00047720265574753286,6.290111923590302e-05,0.05674223601818085,185.53871622795685,0.03806229680776596,1549410.875,3992135.5
4350000,1,-0.0015300000000000027,-0.001372913519541441,0.769273579120636,0.0032178901135921476,0.0004774268716573715,6.289418670348823e-05,0.0567285493016243,185.59545848632678,0.038046956062316895,1549433.0,3992115.25
4352000,1,-0.0015300000000000027,-0.001372913519541441,0.7692687511444092,0.0032179974019527434,0.00047753225080668924,6.289491429924964e-05,0.056714996695518494,185.65218699092492,0.03804695978760719,1549453.5,3992094.0
4354000,1,-0.0015300000000000027,-0.0013729532559713098,0.769264280796051,0.0032179642468690875,0.00047765844501554964,6.28988491371274e-05,0.056710485368967056,185.70890196899398,0.038000963628292084,1549475.375,3992074.5
4356000,1,-0.0015300000000000027,-0.0013729532559713098,0.7692602276802063,0.003218061104416847,0.00047779143787920477,6.287795258685946e-05,0.056700337678194046,185.76561248789056,0.03804695978760719,1549494.125,3992054.75
4358000,1,-0.0019100000000000028,-0.001749793688456236,0.7693094611167908,0.003197219222784042,0.000496446480974555,8.250878890976308e-05,0.05652683973312378,185.8223128441952,0.039379704743623734,1546549.125,3992157.0
4360000,1,-0.0019100000000000028,-0.0017493764559427527,0.7693272233009338,0.0031924597918987275,0.0004934401717036962,7.755033439025282e-05,0.05640994384884834,185.87883967275246,0.03948712721467018,1546215.25,3992505.5
4362000,1,-0.0019100000000000028,-0.0017491380373637067,0.7693368792533875,0.00319051556289196,0.0004931034985929727,7.579150842502713e-05,0.056369349360466,185.93524959797486,0.03960989788174629,1546038.375,3992742.25
4364000,1,-0.0019100000000000028,-0.001748959223429325,0.7693418860435486,0.003188385814428329,0.0004931482486426829,7.474662852473556e-05,0.0565529428422451,185.99161896968707,0.039655935019254684,1545928.5,3992897.5
4366000,1,-0.0019100000000000028,-0.001748879750569643,0.7693445086479187,0.003187049925327301,0.00049303132109344,7.398277521133422e-05,0.056521352380514145,186.0481719199799,0.0397326797246933,1545859.5,3993000.75
4368000,1,-0.0019100000000000028,-0.001748800277709961,0.7693434953689575,0.003185971081256866,0.0004930307157337665,7.344053010456264e-05,0.05674266815185547,186.10469332078918,0.03976336866617203,1545816.25,3993066.25
4370000,1,-0.0019100000000000028,-0.0017487406730651855,0.7693421244621277,0.003185267373919487,0.0004929841496050357,7.305758190341294e-05,0.05669444799423218,186.16143597031459,0.03976336121559143,1545795.375,3993103.75
4372000,1,-0.0019100000000000028,-0.0017487406730651855,0.7693392634391785,0.0031849633902311324,0.0004930836614221334,7.277651457116008e-05,0.05665178224444389,186.218130459287,0.03976336866617203,1545786.125,3993125.0
4374000,1,-0.0019100000000000028,-0.0017486810684204102,0.7693353891372681,0.0031849049031734463,0.0004931238014250993,7.256088429130614e-05,0.05661580711603165,186.27478225643262,0.03985544666647911,1545788.875,3993131.25
4376000,1,-0.0019100000000000028,-0.0017487009366353168,0.7693307995796204,0.0031848788261413575,0.0004932215437293052,7.241134298965334e-05,0.056594815105199814,186.33139809335097,0.03977871313691139,1545797.25,3993128.75
4378000,1,-0.0019100000000000028,-0.0017487009366353168,0.769325852394104,0.003184845671057701,0.000493280915543437,7.228220347315073e-05,0.056564413011074066,186.38799291963204,0.039794065058231354,1545811.25,3993121.0
4380000,1,-0.0019100000000000028,-0.0017486810684204102,0.7693209648132324,0.003184716776013374,0.0004932339768856763,7.217584643512963e-05,0.0565851666033268,186.44455736244544,0.03979405388236046,1545830.375,3993105.5
4382000,1,-0.0019100000000000028,-0.0017487009366353168,0.7693153619766235,0.0031847432255744934,0.0004932460375130176,7.211188203655183e-05,0.056564170867204666,186.50114249179586,0.039794065058231354,1545852.75,3993086.5
4384000,1,-0.0019100000000000028,-0.0017487009366353168,0.7693094611167908,0.0031849794089794155,0.0004932030569761992,7.20512354746461e-05,0.056570038199424744,186.5577066514872,0.03976336866617203,1545876.625,3993064.0
4386000,1,-0.0019100000000000028,-0.0017487009366353168,0.7693030834197998,0.0031849533319473267,0.0004932158160954713,7.200352265499531e-05,0.05653688311576843,186.61427668968662,0.03977872058749199,1545902.375,3993037.25
4388000,1,-0.0019100000000000028,-0.001748720804850279,0.76929771900177,0.0031851325184106827,0.0004933972842991353,7.197799859568477e-05,0.05651480332016945,186.67081358025297,0.03976337984204292,1545928.625,3993011.75
4390000,1,-0.0019100000000000028,-0.001748720804850279,0.7692920565605164,0.0031853202730417252,0.0004934895783662796,7.195432553999125e-05,0.05649343878030777,186.72732837239727,0.03977872058749199,1545956.125,3992987.5
4392000,1,-0.0019100000000000028,-0.001748720804850279,0.7692861557006836,0.003185433149337769,0.0004935774486511946,7.193659548647702e-05,0.0564764104783535,186.7838217962764,0.039794061332941055,1545983.25,3992958.5
4394000,1,-0.0019100000000000028,-0.0017487406730651855,0.7692802548408508,0.003185601159930229,0.0004935959819704294,7.19118572305888e-05,0.05646928772330284,186.84029821793064,0.03976336866617203,1546009.25,3992935.0
4396000,1,-0.0019100000000000028,-0.0017487605412800922,0.7692747116088867,0.0031856581568717956,0.0004936213605105877,7.188937161117792e-05,0.05647345259785652,186.89676749820336,0.03976338356733322,1546035.5,3992906.75
4398000,1,-0.0019100000000000028,-0.0017487406730651855,0.769268274307251,0.0031858865171670915,0.0004936084151268005,7.185859140008688e-05,0.05646636709570885,186.9532409545265,0.03976336866617203,1546065.875,3992875.0
4400000,1,-0.0019100000000000028,-0.0017487406730651855,0.7692623138427734,0.0031860657036304474,0.0004936031531542539,7.185027934610843e-05,0.05651111155748367,187.00970733652338,0.039794061332941055,1546095.75,3992845.25
4402000,1,-0.0019100000000000028,-0.0017487605412800922,0.769256591796875,0.003186319023370743,0.0004936726298183202,7.184575661085546e-05,0.05651672184467316,187.0662184667073,0.03979405388236046,1546124.375,3992815.75
4404000,1,-0.0019100000000000028,-0.0017487406730651855,0.7692505121231079,0.0031865362077951433,0.0004936849232763051,7.184766582213342e-05,0.056530456990003586,187.1227351475738,0.03977871313691139,1546153.375,3992786.0
4406000,1,-0.0019100000000000028,-0.0017487406730651855,0.7692437171936035,0.003186812624335289,0.0004936532583087682,7.182710687629877e-05,0.05655085667967796,187.17926558221205,0.03976336866617203,1546183.625,3992754.0
4408000,1,-0.0019100000000000028,-0.0017487605412800922,0.7692378163337708,0.003187038004398346,0.0004935432691127061,7.183197303675115e-05,0.056531261652708054,187.23581647986992,0.03979405388236046,1546212.5,3992722.0
4410000,1,-0.0019100000000000028,-0.001748800277709961,0.7692316174507141,0.0031871601939201357,0.000493454048410058,7.183881243690848e-05,0.05653073266148567,187.29234774152263,0.039763372391462326,1546241.75,3992692.0
4412000,1,-0.0019100000000000028,-0.0017487804094950543,0.7692252993583679,0.0031872723251581193,0.0004933907184749842,7.184648420661688e-05,0.0565669983625412,187.3488785151623,0.03977872058749199,1546270.5,3992660.5
4414000,1,-0.0019100000000000028,-0.001748800277709961,0.7692189812660217,0.0031875934451818465,0.0004934176336973906,7.181694963946939e-05,0.05656511336565018,187.40544552470072,0.039763372391462326,1546300.0,3992629.0
4416000,1,-0.0019100000000000028,-0.001748800277709961,0.769213080406189,0.0031878601759672163,0.0004934476688504219,7.182997651398182e-05,0.056558605283498764,187.46201069022044,0.039748016744852066,1546329.625,3992598.25
4418000,1,-0.0019100000000000028,-0.001748800277709961,0.7692070007324219,0.003188101202249527,0.000494129117578268,7.184830028563737e-05,0.05658403038978577,187.51856924707516,0.03970199078321457,1546361.0,3992570.75
4420000,1,-0.0019100000000000028,-0.001748800277709961,0.7692002058029175,0.0031880494207143784,0.0004947181325405835,7.183675188571215e-05,0.05657847970724106,187.57515331471785,0.03976336866617203,1546390.0,3992539.0
4422000,1,-0.0019100000000000028,-0.0017488598823547363,0.7691947817802429,0.0031881202012300487,0.0004947324749082326,7.18365772627294e-05,0.05658622458577156,187.6317317906998,0.039748020470142365,1546418.25,3992509.75
4424000,1,-0.0019100000000000028,-0.0017488598823547363,0.7691885828971863,0.003188272938132286,0.0004948410205543041,7.188594317995011e-05,0.05655214935541153,187.68831801528557,0.03976336866617203,1546447.0,3992479.5
4426000,1,-0.0019100000000000028,-0.001748879750569643,0.7691823840141296,0.003188337385654449,0.0004948897752910852,7.185505819506943e-05,0.05652817338705063,187.7448701571904,0.03976336866617203,1546476.0,3992448.5
4428000,1,-0.0019100000000000028,-0.001748879750569643,0.7691766023635864,0.003188512101769447,0.000494882883504033,7.184029673226177e-05,0.05651796981692314,187.80139826724752,0.03977872058749199,1546505.625,3992420.25
4430000,1,-0.0019100000000000028,-0.001748879750569643,0.7691705822944641,0.0031885515898466108,0.0004948877263814211,7.183522102423012e-05,0.05651836842298508,187.85791628176793,0.03971732780337334,1546533.0,3992391.0
4432000,1,-0.0019100000000000028,-0.0017489194869995117,0.7691645622253418,0.003188728168606758,0.0004949868191033601,7.182907429523765e-05,0.05651579797267914,187.91443463528975,0.039701979607343674,1546561.5,3992362.25
4434000,1,-0.0019100000000000028,-0.0017489194869995117,0.7691590189933777,0.003188866749405861,0.0004949647933244705,7.181951659731566e-05,0.05650238320231438,187.97095043698772,0.039701979607343674,1546586.375,3992336.0
4436000,1,-0.0019100000000000028,-0.0017489194869995117,0.7691530585289001,0.0031889133155345918,0.0004949333146214485,7.179741514846682e-05,0.05647743493318558,188.02745286489352,0.03968662768602371,1546611.875,3992318.0
4438000,1,-0.002290000000000003,-0.0021254022916157855,0.7691667675971985,0.0031701646745204925,0.0005170544143766164,9.10877191927284e-05,0.056556761264801025,188.083930303552,0.04094596952199936,1543662.0,3992411.5
4440000,1,-0.002290000000000003,-0.002124786376953125,0.769178032875061,0.0031674657016992564,0.0005145338363945484,8.61701904796064e-05,0.056250814348459244,188.14048704991563,0.04111497104167938,1543332.375,3992752.0
4442000,1,-0.002290000000000003,-0.002124488353729248,0.7691850066184998,0.0031656142324209212,0.0005141993518918752,8.452616748400033e-05,0.056212812662124634,188.1967378642641,0.04119180142879486,1543160.0,3992986.5
4444000,1,-0.002290000000000003,-0.00212423006693524,0.7691880464553833,0.003164268657565117,0.0005144072230905294,8.345586829818785e-05,0.056042637676000595,188.2529507179044,0.04123789444565773,1543054.75,3993137.0
4446000,1,-0.002290000000000003,-0.0021241505940755023,0.7691877484321594,0.003163538500666618,0.0005142753478139638,8.27023817691952e-05,0.05593956634402275,188.3089933965586,0.0412839874625206,1542991.875,3993229.25
4448000,1,-0.002290000000000003,-0.0021240512530009137,0.7691848874092102,0.003162822127342224,0.0005140637978911399,8.219271549023688e-05,0.05586472898721695,188.36493294427618,0.04133007675409317,1542957.75,3993291.75
4450000,1,-0.002290000000000003,-0.002124011516571045,0.7691811919212341,0.0031630028039216994,0.0005139011424034834,8.18285858258605e-05,0.055866509675979614,188.42079765091165,0.041345447301864624,1542942.875,3993316.5
4452000,1,-0.002290000000000003,-0.002124011516571045,0.7691769003868103,0.0031628768891096113,0.0005138130392879248,8.158115670084954e-05,0.05586204305291176,188.47666416431292,0.04133008420467377,1542944.375,3993326.25
4454000,1,-0.002290000000000003,-0.002124011516571045,0.7691721320152283,0.003162818029522896,0.0005135375075042247,8.139071869663894e-05,0.05587341636419296,188.53252621109112,0.04136081039905548,1542954.625,3993323.75
4456000,1,-0.002290000000000003,-0.002123971780141176,0.7691667079925537,0.0031628131866455076,0.0005134887527674436,8.127828477881848e-05,0.05587282404303551,188.58839956785067,0.041345447301864624,1542972.25,3993315.25
4458000,1,-0.002290000000000003,-0.002123971780141176,0.7691599130630493,0.0031629104167222974,0.0005133327562361955,8.117053657770157e-05,0.055954769253730774,188.64427234719022,0.04134543985128403,1542995.125,3993296.75
4460000,1,-0.002290000000000003,-0.002123971780141176,0.7691544890403748,0.0031630124896764754,0.0005130940116941929,8.108381880447268e-05,0.0559503436088562,188.7002271350704,0.04134543985128403,1543020.0,3993279.0
4462000,1,-0.002290000000000003,-0.002123971780141176,0.769148051738739,0.003163109347224236,0.000512919807806611,8.098045946098864e-05,0.05594427138566971,188.75617744515165,0.041345447301864624,1543046.5,3993255.0
4464000,1,-0.002290000000000003,-0.002124011516571045,0.7691416144371033,0.0031633786857128143,0.0005126384552568197,8.090825285762548e-05,0.05596253275871277,188.8121217202626,0.04137616977095604,1543074.5,3993229.75
4466000,1,-0.002290000000000003,-0.002124011516571045,0.7691348791122437,0.0031635016202926636,0.0005124974530190229,8.08614306151867e-05,0.05594813823699951,188.86808425302132,0.041345447301864624,1543104.625,3993203.0
4468000,1,-0.002290000000000003,-0.002124011516571045,0.7691283226013184,0.0031637404114007945,0.0005123932380229234,8.081444539129733e-05,0.0562862791121006,188.9240323949836,0.04133007675409317,1543133.25,3993175.75
4470000,1,-0.002290000000000003,-0.002124011516571045,0.7691216468811035,0.003163841739296913,0.0005122438073158264,8.076959638856352e-05,0.05627046898007393,188.98031867037042,0.04133008420467377,1543165.5,3993143.25
4472000,1,-0.002290000000000003,-0.002124011516571045,0.7691149711608887,0.003164031356573105,0.0005122363567352295,8.072914206422866e-05,0.056240927428007126,189.03658911327346,0.04133007675409317,1543195.75,3993116.75
4474000,1,-0.002290000000000003,-0.0021240512530009137,0.7691081166267395,0.00316418781876564,0.0005122397560626268,8.07051605079323e-05,0.05622510984539986,189.09283005932792,0.041345447301864624,1543230.25,3993079.0
4476000,1,-0.002290000000000003,-0.0021240512530009137,0.7691012620925903,0.003164263814687729,0.0005121972877532243,8.069547475315629e-05,0.05622202157974243,189.1490551430963,0.04136081039905548,1543263.0,3993047.75
4478000,1,-0.002290000000000003,-0.0021240512530009137,0.7690946459770203,0.003164327144622802,0.0005120988003909588,8.067206945270299e-05,0.056271929293870926,189.20527715722545,0.04133007675409317,1543294.375,3993013.0
4480000,1,-0.002290000000000003,-0.0021240512530009137,0.7690880298614502,0.0031644899398088457,0.0005120275542140007,8.065806468948722e-05,0.056276556104421616,189.26154912377223,0.04136081039905548,1543326.625,3992980.25
4482000,1,-0.002290000000000003,-0.002124090989430727,0.7690812945365906,0.0031646814197301863,0.0005119738169014453,8.063477580435574e-05,0.05626750737428665,189.31782565007433,0.04133007302880287,1543358.125,3992946.25
4484000,1,-0.002290000000000003,-0.002124090989430727,0.7690744996070862,0.0031649377197027206,0.0005118550732731819,8.060915279202163e-05,0.056252822279930115,189.3740932021521,0.04133007675409317,1543390.5,3992910.25
4486000,1,-0.002290000000000003,-0.002124090989430727,0.7690681219100952,0.0031650546938180924,0.0005117620341479778,8.060477557592094e-05,0.05624878406524658,189.43034602815732,0.04133007675409317,1543423.75,3992877.0
4488000,1,-0.002290000000000003,-0.002124090989430727,0.7690613865852356,0.0031651370227336884,0.0005116316955536604,8.05970630608499e-05,0.05623576417565346,189.48659484947547,0.04133007675409317,1543453.375,3992847.0
4490000,1,-0.002290000000000003,-0.002124090989430727,0.7690550088882446,0.0031653694808483125,0.0005115548614412546,8.058067760430275e-05,0.05622206628322601,189.54283061365112,0.041345447301864624,1543484.875,3992815.25
4492000,1,-0.002290000000000003,-0.0021241307258605957,0.7690481543540955,0.0031654153019189833,0.0005113699939101934,8.056936203502119e-05,0.0562148317694664,189.5990526985608,0.041345447301864624,1543514.25,3992785.25
4494000,1,-0.002290000000000003,-0.0021241307258605957,0.7690410614013672,0.0031655643135309218,0.0005112495739012957,8.055380894802512e-05,0.05623631179332733,189.65526753778084,0.041345447301864624,1543546.25,3992755.75
4496000,1,-0.002290000000000003,-0.0021241505940755023,0.7690341472625732,0.0031656898558139798,0.0005111221689730883,8.054211502894758e-05,0.05623302608728409,189.7115039129041,0.04133007302880287,1543576.125,3992720.5
4498000,1,-0.002290000000000003,-0.0021241505940755023,0.769027590751648,0.0031655348837375643,0.000510980049148202,8.053205674514173e-05,0.056238576769828796,189.76773690546378,0.041268620640039444,1543606.25,3992690.0
4500000,1,-0.002290000000000003,-0.0021241505940755023,0.7690213322639465,0.0031656377017498017,0.0005108753684908152,8.053172496147454e-05,0.05631835758686066,189.8239754859589,0.041253261268138885,1543636.75,3992659.75
4502000,1,-0.002290000000000003,-0.0021241505940755023,0.7690147757530212,0.003165651112794876,0.000510827824473381,8.052437915466726e-05,0.056324005126953125,189.8802938286446,0.04133008420467377,1543665.625,3992631.5
4504000,1,-0.002290000000000003,-0.0021241505940755023,0.7690081596374512,0.0031657472252845766,0.0005107932258397341,8.052850025705992e-05,0.05632193014025688,189.93661788220032,0.04133008420467377,1543695.375,3992602.75
4506000,1,-0.002290000000000003,-0.0021241505940755023,0.7690022587776184,0.0031657446175813674,0.0005108762998133898,8.05184943601489e-05,0.05632060021162033,189.9929398421429,0.04133008420467377,1543724.75,3992571.0
4508000,1,-0.002290000000000003,-0.0021241505940755023,0.7689954042434692,0.0031658589839935304,0.0005108439829200506,8.050792966969311e-05,0.05631512403488159,190.04926047588214,0.04133007675409317,1543753.625,3992541.75
4510000,1,-0.002290000000000003,-0.0021241505940755023,0.7689892649650574,0.0031659193336963654,0.000510782841593027,8.04913172032684e-05,0.05633840337395668,190.10557554031237,0.04133007302880287,1543784.125,3992512.0
4512000,1,-0.002290000000000003,-0.0021241505940755023,0.7689820528030396,0.003166120126843452,0.000510731665417552,8.04839248303324e-05,0.05633281171321869,190.16191393996104,0.04133007675409317,1543812.5,3992483.5
4514000,1,-0.002290000000000003,-0.0021241505940755023,0.7689753770828247,0.0031661529093980787,0.0005107021424919367,8.048082818277181e-05,0.056346647441387177,190.218246774026,0.04137617349624634,1543842.75,3992454.5
4516000,1,-0.002290000000000003,-0.0021241505940755023,0.7689689993858337,0.0031660903245210644,0.0005106738302856684,8.047655574046075e-05,0.056357935070991516,190.2745933804892,0.041345447301864624,1543871.625,3992423.75
4518000,1,-0.002670000000000003,-0.002500275770823124,0.7689545154571533,0.003149276226758957,0.0005305174272507429,0.00010038312757387756,0.05583539605140686,190.3309513826154,0.04253122955560684,1540917.125,3992509.25
4520000,1,-0.002670000000000003,-0.0024994214375813617,0.7689597606658936,0.0031460549682378767,0.0005266744177788496,9.512251708656549e-05,0.05569738149642944,190.3867868233703,0.04262351989746094,1540586.25,3992836.75
4522000,1,-0.002670000000000003,-0.002499103546142578,0.7689639329910278,0.0031443141400814057,0.0005258091259747744,9.328271844424307e-05,0.0554841049015522,190.44248416761383,0.042731184512376785,1540423.875,3993051.75
4524000,1,-0.002670000000000003,-0.002498884995778383,0.7689639329910278,0.003143203631043434,0.0005255169700831174,9.215510799549518e-05,0.055360354483127594,190.49796823898777,0.04273119568824768,1540328.875,3993183.5
4526000,1,-0.002670000000000003,-0.0024987459182739258,0.7689620852470398,0.003142349421977997,0.0005253653042018413,9.144784417003393e-05,0.055411648005247116,190.5533285897456,0.04276195541024208,1540277.125,3993261.75
4528000,1,-0.002670000000000003,-0.002498626708984375,0.7689588069915771,0.00314188152551651,0.0005253165494650602,9.095554123632609e-05,0.0554368793964386,190.60874016697034,0.04276195913553238,1540254.125,3993304.5
4530000,1,-0.002670000000000003,-0.002498626708984375,0.7689542770385742,0.003141491487622261,0.0005253811366856098,9.058925206772982e-05,0.055391546338796616,190.66417708361968,0.04283887520432472,1540248.125,3993323.25
4532000,1,-0.002670000000000003,-0.0024986068407694684,0.7689492702484131,0.0031409975141286845,0.0005253866780549288,9.036976261995733e-05,0.05538766831159592,190.71956863740905,0.042869631201028824,1540255.375,3993321.5
4534000,1,-0.002670000000000003,-0.0024985869725545062,0.7689436078071594,0.0031410656869411465,0.0005253943149000406,9.017462725751102e-05,0.05534455552697182,190.77495630199536,0.04282348230481148,1540272.0,3993312.0
4536000,1,-0.002670000000000003,-0.0024985671043395996,0.7689382433891296,0.0031410854309797285,0.000525441812351346,9.003104059956966e-05,0.055305689573287964,190.83030087614878,0.042823489755392075,1540293.875,3993297.0
4538000,1,-0.002670000000000003,-0.0024985671043395996,0.7689318656921387,0.0031409393996000286,0.0005254611372947693,8.990312344394625e-05,0.05528274178504944,190.88560660297497,0.04280810430645943,1540319.75,3993271.25
4540000,1,-0.002670000000000003,-0.0024986068407694684,0.7689253091812134,0.0031409643590450285,0.0005253961775451898,8.98175814654678e-05,0.055219169706106186,190.94088935966118,0.04282348230481148,1540350.75,3993241.75
4542000,1,-0.002670000000000003,-0.0024986068407694684,0.7689191102981567,0.0031411048024892804,0.0005254180170595645,8.976472890935838e-05,0.05518534034490585,190.99610851074084,0.042823486030101776,1540381.375,3993208.0
4544000,1,-0.002670000000000003,-0.002498626708984375,0.7689123153686523,0.003141341730952263,0.0005254554096609354,8.971101487986743e-05,0.055150073021650314,191.0512938324593,0.04285425320267677,1540414.5,3993175.5
4546000,1,-0.002670000000000003,-0.0024986068407694684,0.7689065337181091,0.003141862154006958,0.0005249068140983582,8.970377384684979e-05,0.05511415749788284,191.1064438868545,0.042869631201028824,1540449.0,3993139.0
4548000,1,-0.002670000000000003,-0.002498626708984375,0.7689000964164734,0.0031420871615409846,0.0005247759632766246,8.963410509750247e-05,0.05507561191916466,191.16155806297883,0.042869631201028824,1540482.75,3993105.75
4550000,1,-0.002670000000000003,-0.0024986664454142438,0.7688935399055481,0.0031424615532159804,0.0005245759151875973,8.958933176472783e-05,0.05506991595029831,191.21663364137038,0.042869631201028824,1540515.875,3993075.5
4552000,1,-0.002670000000000003,-0.002498706181844057,0.7688874006271362,0.0031424902379512784,0.000524438451975584,8.955076336860656e-05,0.05506158620119095,191.2717035126172,0.042869627475738525,1540548.125,3993041.25
4554000,1,-0.002670000000000003,-0.002498706181844057,0.7688806653022766,0.0031426329165697097,0.0005243510007858276,8.950408082455396e-05,0.05506862699985504,191.32676509881838,0.04286963865160942,1540578.75,3993008.75
4556000,1,-0.002670000000000003,-0.0024987459182739258,0.7688745856285095,0.003142837062478065,0.0005243186373263597,8.94620083272457e-05,0.05505878105759621,191.38183376307114,0.04282350093126297,1540610.625,3992972.25
4558000,1,-0.002670000000000003,-0.0024987459182739258,0.7688682079315186,0.003143009170889854,0.000524126086384058,8.94628814421594e-05,0.05506732687354088,191.43689252922758,0.04283887520432472,1540642.625,3992938.75
4560000,1,-0.002670000000000003,-0.002498805522918701,0.7688611745834351,0.003143051639199257,0.0005241597536951303,8.943183929659426e-05,0.0550641305744648,191.49195985610112,0.042823489755392075,1540674.125,3992906.75
4562000,1,-0.002670000000000003,-0.002498805522918701,0.7688555717468262,0.0031432956457138057,0.0005241760052740573,8.942698477767409e-05,0.05503471940755844,191.5470239829503,0.04277734085917473,1540706.25,3992874.5
4564000,1,-0.002670000000000003,-0.00249884525934857,0.7688490152359009,0.0031435068696737288,0.0005243455059826374,8.942824206314981e-05,0.05505167692899704,191.6020586837314,0.04280810430645943,1540736.25,3992838.0
4566000,1,-0.002670000000000003,-0.00249884525934857,0.7688429355621338,0.0031435247510671616,0.0005244141444563866,8.942146087065338e-05,0.05512870475649834,191.65711031223162,0.042808111757040024,1540765.875,3992810.25
4568000,1,-0.002670000000000003,-0.00249884525934857,0.768836498260498,0.003143647685647011,0.0005244655068963765,8.942444110289214e-05,0.05511412024497986,191.7122390207134,0.04276195541024208,1540798.625,3992776.5
4570000,1,-0.002670000000000003,-0.00249884525934857,0.7688299417495728,0.0031436648219823836,0.0005245801992714405,8.9427107013762e-05,0.05510885640978813,191.76735308507904,0.04276195541024208,1540827.25,3992745.5
4572000,1,-0.002670000000000003,-0.00249884525934857,0.7688239216804504,0.0031437680125236513,0.0005246247630566358,8.939448161982e-05,0.05509544909000397,191.82246196384057,0.04276195541024208,1540860.625,3992714.75
4574000,1,-0.002670000000000003,-0.00249884525934857,0.7688180804252625,0.0031438205391168595,0.0005248786881566047,8.938261307775973e-05,0.055088844150304794,191.87755745018347,0.04276195541024208,1540889.625,3992682.0
4576000,1,-0.002670000000000003,-0.002498884995778383,0.7688117623329163,0.0031437981873750688,0.0005249664187431336,8.937603561207653e-05,0.055065903812646866,191.93264629805907,0.04276195913553238,1540919.625,3992651.25
4578000,1,-0.002670000000000003,-0.002498884995778383,0.7688052654266357,0.0031439200043678283,0.0005249991547316313,8.935516234487295e-05,0.055062610656023026,191.98771214971765,0.04276195541024208,1540949.75,3992625.25
4580000,1,-0.002670000000000003,-0.002498924732208252,0.768799364566803,0.003144081309437752,0.0005249966401606798,8.935685618780553e-05,0.05505845695734024,192.0427747156702,0.04276195541024208,1540979.25,3992592.75
4582000,1,-0.002670000000000003,-0.002498924732208252,0.7687932848930359,0.003144383057951927,0.0005250430665910244,8.935630321502685e-05,0.05506132170557976,192.09783313909992,0.04280810430645943,1541006.75,3992565.0
4584000,1,-0.002670000000000003,-0.002498924732208252,0.7687873840332031,0.0031447213143110274,0.0005251694470643996,8.935524383559824e-05,0.05507584661245346,192.15289449060782,0.04282348230481148,1541034.75,3992537.5
4586000,1,-0.002670000000000003,-0.002498924732208252,0.7687810659408569,0.003144751116633415,0.0005252891685813665,8.935490623116492e-05,0.05505560711026192,192.2079703297697,0.04285425692796707,1541063.0,3992507.75
4588000,1,-0.002670000000000003,-0.0024989446004231586,0.7687748670578003,0.0031446799635887145,0.0005253113340586424,8.936786907725036e-05,0.0550377294421196,192.2630259555064,0.04286963865160942,1541091.125,3992482.25
4590000,1,-0.002670000000000003,-0.002498924732208252,0.7687689065933228,0.00314476378262043,0.0005253005307167769,8.937984821386634e-05,0.05504784733057022,192.31806364024504,0.042838867753744125,1541117.0,3992455.0
4592000,1,-0.002670000000000003,-0.002498924732208252,0.768762469291687,0.0031449180096387863,0.0005254076793789863,8.93640099093318e-05,0.05503680557012558,192.37311146149858,0.04285425320267677,1541143.625,3992428.0
4594000,1,-0.002670000000000003,-0.0024989446004231586,0.7687568068504333,0.0031450260430574417,0.0005255366675555706,8.936641970649361e-05,0.05529344081878662,192.42814826334342,0.04283887520432472,1541171.75,3992398.75
4596000,1,-0.002670000000000003,-0.002498924732208252,0.7687504291534424,0.0031450416892766955,0.0005256036762148141,8.936136146076022e-05,0.055289771407842636,192.4834417004369,0.042869631201028824,1541197.75,3992374.75
4598000,1,-0.0030500000000000032,-0.0028742949167887555,0.7687134146690369,0.0031316239386796948,0.0005430691409856081,0.00011007572757080197,0.05485798045992851,192.53873148302063,0.0439661405980587,1538232.25,3992451.25
4600000,1,-0.0030500000000000032,-0.002873539924621582,0.7687170505523682,0.003128698095679283,0.0005406741984188557,0.00010493359295651316,0.05441448837518692,192.59358951190933,0.044073931872844696,1537886.75,3992782.25
4602000,1,-0.0030500000000000032,-0.0028731226921081543,0.7687198519706726,0.0031270340085029604,0.000539845647290349,0.00010306648910045624,0.05419997125864029,192.64800401518568,0.04413553699851036,1537705.75,3993015.5
4604000,1,-0.0030500000000000032,-0.002872765064239502,0.7687187790870667,0.003126121684908867,0.0005394387058913708,0.0001020442578010261,0.05396287143230438,192.70220397526845,0.04416634142398834,1537592.0,3993161.0
4606000,1,-0.0030500000000000032,-0.0028725266456604004,0.7687169909477234,0.0031248748302459715,0.0005392158869653939,0.00010143445106223225,0.05400416627526283,192.75616683552488,0.044243328273296356,1537518.25,3993260.0
4608000,1,-0.0030500000000000032,-0.002872327963511112,0.7687131762504578,0.003124728240072727,0.0005393822211772203,0.00010119184153154493,0.05405869334936142,192.81017103905305,0.044243331998586655,1537465.875,3993324.25
4610000,1,-0.0030500000000000032,-0.002872169017791748,0.7687109708786011,0.0031257729977369306,0.0005399989429861307,0.00010180136887356639,0.054085101932287216,192.8642297324024,0.044335730373859406,1537410.0,3993380.5
4612000,1,-0.0030500000000000032,-0.0028716325759887695,0.7687053680419922,0.003123035095632076,0.0005443360656499862,0.00010661445558071136,0.05391526594758034,192.91831481570824,0.04438193142414093,1537223.25,3993469.0
4614000,1,-0.0030500000000000032,-0.0028710365295410156,0.7687072157859802,0.003122443147003651,0.0005430116783827543,0.00010425401851534843,0.053838636726140976,192.9722300891064,0.04435114935040474,1537036.0,3993669.25
4616000,1,-0.0030500000000000032,-0.0028708179791768207,0.768708348274231,0.0031241679564118384,0.0005422867834568024,0.0001026673475280404,0.05376691371202469,193.0260687072061,0.04439734295010567,1536945.375,3993820.75
4618000,1,-0.0030500000000000032,-0.0028706391652424945,0.7687066793441772,0.00312688872218132,0.0005418303422629833,0.0001014489564113319,0.053648196160793304,193.07983564326986,0.04445894435048103,1536918.375,3993894.5
4620000,1,-0.0030500000000000032,-0.0028707583745320453,0.768702507019043,0.003128822520375252,0.0005416363477706909,0.00010051395511254667,0.05357751622796059,193.13348388040885,0.04448973760008812,1536938.375,3993912.5
4622000,1,-0.0030500000000000032,-0.002870917320251465,0.768696665763855,0.003130019456148148,0.0005413126666098834,9.9782005418092e-05,0.05356854572892189,193.18706142271384,0.044489726424217224,1536988.125,3993888.0
4624000,1,-0.0030500000000000032,-0.002870917320251465,0.7686901092529297,0.003131879866123199,0.0005407327786087989,9.93268797174096e-05,0.05356703698635101,193.24062994609102,0.04450513422489166,1537057.125,3993835.75
4626000,1,-0.0030500000000000032,-0.0028711160024006976,0.7686837315559387,0.003131947666406631,0.0005399743095040321,9.941037278622389e-05,0.05374559015035629,193.29419701660498,0.044489726424217224,1537129.5,3993770.25
4628000,1,-0.0030500000000000032,-0.0028712352116902484,0.7686764597892761,0.0031322062015533446,0.0005396462045609951,9.931630920618772e-05,0.05391959846019745,193.3479426253818,0.04456672444939613,1537204.5,3993705.75
4630000,1,-0.0030500000000000032,-0.0028713146845499304,0.7686695456504822,0.0031327445060014723,0.0005388910882174968,9.925299091264605e-05,0.05395062640309334,193.40186224991902,0.044505130499601364,1537275.375,3993642.25
4632000,1,-0.0030500000000000032,-0.0028714537620544434,0.76866215467453,0.003133536502718925,0.0005386448465287685,9.92092303931713e-05,0.05399627238512039,193.4558128800474,0.044489726424217224,1537344.625,3993575.75
4634000,1,-0.0030500000000000032,-0.0028715133666992188,0.7686543464660645,0.003134363517165184,0.0005385133437812328,9.920774027705193e-05,0.05404551699757576,193.50980910027846,0.04455132037401199,1537411.25,3993511.25
4636000,1,-0.0030500000000000032,-0.002871572971343994,0.7686476707458496,0.0031347483396530146,0.000538368709385395,9.919084841385484e-05,0.05412101745605469,193.56385460982546,0.04445892572402954,1537474.5,3993449.5
4638000,1,-0.0030500000000000032,-0.0028716325759887695,0.7686395049095154,0.0031354226171970367,0.0005382760893553495,9.921748423948883e-05,0.05418341979384422,193.61797567571028,0.04444354772567749,1537534.5,3993387.25
4640000,1,-0.0030500000000000032,-0.0028718312581380023,0.7686315178871155,0.0031378131359815595,0.000538135739043355,9.925301419571042e-05,0.05428098514676094,193.67215908432826,0.04439733549952507,1537591.125,3993328.75
4642000,1,-0.0030500000000000032,-0.0028718312581380023,0.7686244249343872,0.0031398713588714597,0.0005383014213293791,9.947812650352716e-05,0.05448358133435249,193.72644009555205,0.044443529099226,1537640.25,3993271.5
4644000,1,-0.0030500000000000032,-0.002871771653493227,0.768618643283844,0.003137999027967453,0.0005384263582527638,9.967255173251034e-05,0.05465005710721016,193.78092361355647,0.04439734295010567,1537684.75,3993236.75
4646000,1,-0.0030500000000000032,-0.0028718113899230957,0.7686133980751038,0.0031374495476484297,0.0005386260338127612,9.98614472337067e-05,0.05470362678170204,193.83557373026832,0.04438193514943123,1537721.5,3993219.0
4648000,1,-0.0030500000000000032,-0.002871870994567871,0.7686085104942322,0.003137419000267982,0.0005380745977163314,9.983822237700224e-05,0.054808612912893295,193.89027733469828,0.04439734295010567,1537755.125,3993204.5
4650000,1,-0.0030500000000000032,-0.0028719107309976843,0.7686033248901367,0.003137953206896782,0.0005376124288886785,9.992606937885283e-05,0.05482810363173485,193.94508588428124,0.04445892944931984,1537785.625,3993189.25
4652000,1,-0.0030500000000000032,-0.002871870994567871,0.7685979604721069,0.003138503804802895,0.0005372787360101937,9.993219282478094e-05,0.054843366146087646,193.99991401026472,0.044443529099226,1537815.875,3993170.5
4654000,1,-0.0030500000000000032,-0.0028719107309976843,0.7685920000076294,0.0031390331685543058,0.0005371884908527136,9.994213469326495e-05,0.05484861880540848,194.05475736523493,0.04445893317461014,1537844.875,3993155.75
4656000,1,-0.0030500000000000032,-0.002871870994567871,0.7685858607292175,0.0031393777579069135,0.0005370851140469313,0.00010000799084082246,0.05486582592129707,194.10960598031505,0.044428128749132156,1537871.25,3993132.25
4658000,1,-0.0030500000000000032,-0.002871870994567871,0.7685796022415161,0.0031403470784425735,0.0005370246246457099,0.00010025567607954144,0.05483677238225937,194.1644717876099,0.04445892572402954,1537888.875,3993114.0
4660000,1,-0.0030500000000000032,-0.0028718312581380023,0.7685738801956177,0.0031387794762849806,0.0005371417850255966,0.00010110156144946813,0.05476617068052292,194.219308545091,0.04441273212432861,1537876.75,3993101.0
4662000,1,-0.0030500000000000032,-0.0028718312581380023,0.7685678005218506,0.0031364385038614275,0.0005365314427763224,0.00010024165967479349,0.05462486296892166,194.27407470832094,0.044474322348833084,1537877.375,3993104.5
4664000,1,-0.0030500000000000032,-0.0028718312581380023,0.7685624957084656,0.0031369127333164214,0.000536325853317976,0.00010002716444432736,0.054529353976249695,194.32869951168522,0.04448973387479782,1537910.625,3993092.0
4666000,1,-0.0030500000000000032,-0.0028718312581380023,0.7685559988021851,0.0031374737620353697,0.0005362189374864101,9.994525462388993e-05,0.05446946993470192,194.38322886938676,0.04444354400038719,1537944.875,3993070.25
4668000,1,-0.0030500000000000032,-0.0028718312581380023,0.7685502767562866,0.0031377404928207395,0.0005361981224268675,9.986752411350608e-05,0.05442746728658676,194.43769833932146,0.044443536549806595,1537982.375,3993037.5
4670000,1,-0.0030500000000000032,-0.002871870994567871,0.7685434222221375,0.0031379561871290205,0.0005361421965062618,9.982358897104859e-05,0.054378557950258255,194.49212577308043,0.04445892944931984,1538022.375,3993003.0
4672000,1,-0.0030500000000000032,-0.0028719107309976843,0.7685372233390808,0.0031382735818624493,0.0005361787974834442,9.979007299989461e-05,0.054452478885650635,194.54650434965714,0.04439734295010567,1538061.875,3992966.5
4674000,1,-0.0030500000000000032,-0.0028719107309976843,0.7685304284095764,0.0031384870409965513,0.0005361434072256088,9.979543974623085e-05,0.05445360764861107,194.60095683226808,0.04439734295010567,1538101.125,3992930.0
4676000,1,-0.0030500000000000032,-0.002871990203857422,0.7685229778289795,0.0031387511640787124,0.000536089576780796,9.979053866118192e-05,0.05444440618157387,194.65541046599373,0.044443529099226,1538138.875,3992892.75
