step,leg,pc,pc_meas,sw,ca_iface,ca_bulk,plate_leak,scrubbed,u_max,m_red,m_blue
0,0,0.00561,0.005609830220540346,1.0,0.0,0.0,0.0,0.0,0.0,161431.875,646050.0625
2000,0,0.00561,0.005861540635426876,0.9855329394340515,0.005633674934506416,0.0005633590277284384,1.6221082255185593e-09,0.0,0.036955609917640686,167888.375,642961.0625
4000,0,0.00561,0.005861004193623842,0.9820818305015564,0.005425661057233811,0.00045215971767902373,2.3480849904444767e-06,1.6221080034739543e-09,0.03789421543478966,170091.375,639997.3125
6000,0,0.00561,0.005861481030782045,0.9792661070823669,0.005235650017857551,0.00039069391787052157,2.7960826628259383e-05,2.3497068710742752e-06,0.03760050982236862,171831.3125,637724.5625
8000,0,0.00561,0.005861083666483524,0.9769428372383118,0.005087262764573097,0.0003440993838012218,9.776916704140604e-05,3.0310522585397237e-05,0.03693177551031113,173218.640625,635950.6875
10000,0,0.00561,0.00586064656575519,0.9750118851661682,0.004958465695381164,0.000311604025773704,0.00020804416271857917,0.0001280796969027609,0.036986321210861206,174344.578125,634538.4375
12000,0,0.00561,0.005859851837158203,0.9733877182006836,0.004856397211551666,0.00029031450394541026,0.00034488123492337763,0.0003361238159655944,0.036324940621852875,175275.734375,633394.625
14000,0,0.00561,0.0058594544728597375,0.9720070362091064,0.004766423255205154,0.0002645560307428241,0.000494899635668844,0.0006810051964081243,0.036309100687503815,176059.34375,632452.375
16000,0,0.00561,0.005859216054280636,0.9708095192909241,0.0046871621161699295,0.0002568817464634776,0.0006483699544332922,0.00117590494849229,0.036355797201395035,176734.375,631661.625
18000,0,0.00561,0.005858937899271666,0.9697479605674744,0.004633893445134163,0.0002447063336148858,0.0007987676654011011,0.0018242746700949386,0.03594797104597092,177327.828125,630982.6875
20000,0,0.00561,0.005858739217122433,0.9687807559967041,0.004586749151349067,0.00023248400539159774,0.0009423919836990535,0.0026230424519113615,0.03594803437590599,177865.453125,630384.125
22000,0,0.00561,0.005858580271403013,0.9678448438644409,0.004557474702596664,0.00023445417173206806,0.0010777156567201018,0.0035654343191950932,0.03595832735300064,178379.96875,629841.625
24000,0,0.00561,0.005858421325683594,0.9668335318565369,0.0045418418943881985,0.0002451522974297404,0.001205085776746273,0.004643149510253908,0.03596062958240509,178928.890625,629315.3125
26000,0,0.00561,0.005858302116394043,0.9657201170921326,0.0045163601636886595,0.0002527004573494196,0.0013254645746201277,0.005848234704923572,0.03596045449376106,179531.078125,628757.4375
28000,0,0.00561,0.005858143170674679,0.9645756483078003,0.004473011940717697,0.0002557873725891113,0.001438737497664988,0.007173699279543699,0.035948023200035095,180150.359375,628168.125
30000,0,0.00561,0.005857944488525391,0.9633869528770447,0.004483363032341003,0.00026369334664195777,0.0015447617042809725,0.00861243689362401,0.03594803810119629,180792.71875,627560.125
32000,0,0.00561,0.005857706069946289,0.9621756076812744,0.004389776289463043,0.00025868203956633804,0.0016436300938948989,0.01015719789941305,0.0359480157494545,181446.828125,626926.625
34000,0,0.00561,0.005857666333516476,0.9611347317695618,0.004312316700816154,0.00024212356656789778,0.0017324454383924603,0.011800828342553915,0.035948049277067184,182014.453125,626317.3125
36000,0,0.00561,0.005857586860656738,0.9602262377738953,0.004261939600110054,0.00023353039287030697,0.0018115107668563724,0.013533275177930237,0.03594592958688736,182512.609375,625762.9375
38000,0,0.00561,0.005857586860656738,0.9594354033470154,0.00421859249472618,0.00024038546252995728,0.0018823804566636682,0.015344786526863219,0.03596053272485733,182947.65625,625274.9375
40000,0,0.00561,0.0058576265970865515,0.958740234375,0.004192213714122772,0.0002296732971444726,0.0019466625526547432,0.017227166867111565,0.03653287887573242,183330.5625,624844.3125
42000,0,0.00561,0.00585766633351642,0.9581221342086792,0.004159722849726677,0.00022554772440344092,0.0020057866349816322,0.019173829186935665,0.036579426378011703,183671.03125,624463.1875
44000,0,0.00561,0.00585766633351642,0.957573413848877,0.004140922799706459,0.00021528343204408882,0.0020605784375220537,0.02117961721890116,0.03657941892743111,183973.296875,624125.5
46000,0,0.00561,0.0058575471242268695,0.9570890069007874,0.004120469838380813,0.0002091292291879654,0.00211158930324018,0.02324019542359257,0.036579329520463943,184239.453125,623826.9375
48000,0,0.007010000000000001,0.007257143656412723,0.9521514177322388,0.003960707411170006,0.0003619561903178692,0.0022336416877806187,0.02535178472683275,0.039991963654756546,187705.078125,622434.1875
50000,0,0.007010000000000001,0.007256507873535156,0.9496168494224548,0.0039023905992507935,0.0003500337246805429,0.0023179128766059875,0.02758542525046015,0.04065951704978943,189093.1875,620943.3125
52000,0,0.007010000000000001,0.007256428400675474,0.9471162557601929,0.0038670029491186145,0.00034835897386074064,0.0023899187799543142,0.02990333905838871,0.04414587467908859,190457.1875,619555.0
54000,0,0.007010000000000001,0.007256428400675474,0.9442862272262573,0.0038384899497032167,0.00037074722349643706,0.0024580643512308598,0.03229325807117367,0.04352520778775215,191996.296875,618156.4375
56000,0,0.007010000000000001,0.007256189982096373,0.9418480396270752,0.003803243860602379,0.0003399982582777739,0.0025149094872176647,0.03475132312089646,0.04313133284449577,193318.8125,616731.4375
58000,0,0.007010000000000001,0.007255951563517271,0.9396712779998779,0.003744884952902794,0.000322162383235991,0.0025573987513780594,0.03726623284094477,0.042082611471414566,194500.796875,615445.75
60000,0,0.007010000000000001,0.007255593935648619,0.9375885128974915,0.0037358954548835756,0.00032563868444412947,0.0025922227650880814,0.039823632057984115,0.04047543555498123,195632.890625,614273.5625
62000,0,0.007010000000000001,0.00725555419921875,0.9356761574745178,0.0036786094307899473,0.0003059899434447288,0.002622926374897361,0.04241585459024155,0.04275161027908325,196671.703125,613157.9375
64000,0,0.007010000000000001,0.007255196571350098,0.9340489506721497,0.003640439361333847,0.0002902402309700846,0.0026452166493982077,0.04503878189646149,0.04007590934634209,197555.90625,612167.4375
66000,0,0.007010000000000001,0.007255037625630734,0.9325604438781738,0.0036100607365369794,0.00027143019251525403,0.0026643583551049232,0.04768399947718227,0.04016797989606857,198364.234375,611281.4375
68000,0,0.007010000000000001,0.007254838943481445,0.9312029480934143,0.0035928796976804735,0.00025990086141973733,0.0026808709371834993,0.050348356668133976,0.0388103723526001,199101.390625,610480.1875
70000,0,0.007010000000000001,0.007254759470621763,0.9299350380897522,0.003600365296006203,0.0002660441910848021,0.00269570155069232,0.053029227605317475,0.03861400485038757,199789.65625,609750.5
72000,0,0.007010000000000001,0.007254322369893429,0.9286147356033325,0.0036565940827131267,0.0002797258086502552,0.002710540546104312,0.0557249307858243,0.03879931569099426,200504.78125,609057.0
74000,0,0.007010000000000001,0.007254362106323242,0.927108108997345,0.0036022238433361053,0.00028839337173849346,0.002730689011514187,0.058435470167775394,0.037762146443128586,201324.28125,608290.0625
76000,0,0.007010000000000001,0.007254322369893429,0.9258351922035217,0.0035741586238145825,0.0002625891007483005,0.00274733011610806,0.061166158713628294,0.03757641091942787,202017.375,607553.0
78000,0,0.007010000000000001,0.00725428263346356,0.9246883392333984,0.0035569474101066587,0.0002468097489327192,0.0027591960970312357,0.063913489062567,0.03800910338759422,202640.03125,606877.625
80000,0,0.007010000000000001,0.007254123687744141,0.9236472249031067,0.0035586796700954435,0.00024068823549896478,0.0027650524862110615,0.06667268492676759,0.03797994181513786,203204.203125,606274.1875
82000,0,0.007010000000000001,0.007254083951314327,0.9226612448692322,0.003544576093554497,0.00023522051051259041,0.0027686916291713715,0.0694377376458093,0.03792261332273483,203737.453125,605711.25
84000,0,0.007010000000000001,0.007253925005594908,0.9218021631240845,0.003526877984404564,0.00023623136803507805,0.0027703915257006884,0.07220642950781131,0.03798012435436249,204201.40625,605203.625
86000,0,0.007010000000000001,0.007253925005594852,0.9210360646247864,0.0035077840089797973,0.00024152889382094144,0.0027718008495867252,0.07497682033502007,0.038009148091077805,204615.21875,604752.9375
88000,0,0.007010000000000001,0.0072537263234456195,0.9203385710716248,0.003499449789524078,0.00024085778277367355,0.0027735920157283545,0.07774862048611486,0.0380091592669487,204992.1875,604345.625
90000,0,0.007010000000000001,0.007253527641296387,0.9196901321411133,0.003487691283226013,0.0002313859760761261,0.002775996457785368,0.08052221413165772,0.038009073585271835,205342.5,603972.4375
92000,0,0.007010000000000001,0.007253448168436649,0.9190757870674133,0.003474607691168785,0.00022493384312838316,0.0027795634232461452,0.08329821058944309,0.03800923749804497,205674.84375,603625.1875
94000,0,0.007010000000000001,0.007253368695576967,0.9184863567352295,0.0034682389348745343,0.00022125474642962218,0.0027836549561470747,0.08607777354702795,0.038009271025657654,205994.046875,603297.0625
96000,0,0.007010000000000001,0.007253130276997866,0.9178848266601562,0.0034577228128910066,0.00022217563819140195,0.0027876223903149366,0.08886142850317502,0.03800913691520691,206319.890625,602974.0625
98000,0,0.007010000000000001,0.007253090540567997,0.917245090007782,0.0034529052674770353,0.00023211603984236716,0.002793010789901018,0.09164905298896575,0.038009125739336014,206667.453125,602649.5625
100000,0,0.007010000000000001,0.007253090540567997,0.9164982438087463,0.0034619782119989393,0.00023482197429984807,0.0028016550932079554,0.09444206401169741,0.038009002804756165,207073.3125,602284.3125
102000,0,0.007010000000000001,0.007253130276997866,0.9156769514083862,0.003462565317749977,0.00023411214351654053,0.0028116675093770027,0.0972437198033973,0.037979982793331146,207519.15625,601879.0
104000,0,0.007010000000000001,0.007253170013427734,0.9148321747779846,0.003467915207147598,0.0002339941682294011,0.0028205665294080973,0.10005538591579044,0.038009051233530045,207977.0,601446.4375
106000,0,0.007010000000000001,0.007253170013427734,0.913978636264801,0.0034674290567636486,0.00023363258223980666,0.0028273535426706076,0.1028759522123679,0.03800918906927109,208439.234375,600996.0
108000,0,0.007010000000000001,0.007253050804138184,0.9131585955619812,0.0034641005098819734,0.00023348391987383364,0.0028324222657829523,0.1057033057550385,0.03800899535417557,208883.140625,600558.8125
110000,0,0.007010000000000001,0.007253090540567997,0.9123535752296448,0.003455526754260063,0.0002341134240850806,0.0028359678108245134,0.10853572848648274,0.03800899535417557,209318.921875,600128.5
112000,0,0.007010000000000001,0.007253011067708315,0.9115460515022278,0.0034417878836393357,0.00023539974354207515,0.0028389072977006435,0.11137169629730725,0.03800900653004646,209756.328125,599700.6875
114000,0,0.007010000000000001,0.007252931594848633,0.9107125997543335,0.0034302398562431335,0.0002376059303060174,0.0028432775288820267,0.11421060266368532,0.03800911828875542,210207.9375,599266.6875
116000,0,0.007010000000000001,0.007252772649129213,0.9098195433616638,0.0034042466431856155,0.00024206938687711956,0.0028480838518589735,0.117053880425398,0.037980202585458755,210692.65625,598811.375
118000,0,0.007010000000000001,0.007252693176269531,0.9088341593742371,0.003378203883767128,0.00025622658431529994,0.002854293445125222,0.11990196544141019,0.0379800982773304,211227.828125,598320.6875
120000,0,0.007010000000000001,0.0072525739669799805,0.9077301025390625,0.0033564660698175426,0.0002794045954942703,0.002865149639546871,0.12275625958502734,0.03797999024391174,211828.140625,597780.1875
122000,0,0.007010000000000001,0.007252534230550167,0.9064511060714722,0.0033469170331954954,0.0002779983216896653,0.0028825360350310802,0.12562140829325164,0.0379224456846714,212524.453125,597170.0
124000,0,0.007010000000000001,0.0072525739669799805,0.9048936367034912,0.003331887349486351,0.0003011238295584917,0.002906424691900611,0.12850394432828272,0.037922412157058716,213373.3125,596448.625
126000,0,0.007010000000000001,0.0072524150212606164,0.902948796749115,0.003439411893486976,0.0003572773654013872,0.002936325501650572,0.1314103683216914,0.03792257234454155,214434.890625,595569.875
128000,0,0.007010000000000001,0.007252673308054569,0.9001501798629761,0.0035476252436637875,0.00046519953757524486,0.0029825305100530386,0.13434669265918875,0.03791087865829468,215967.703125,594402.375
130000,0,0.007010000000000001,0.007253170013427734,0.8968843817710876,0.0034104965627193454,0.0004001298453658819,0.0030421707779169083,0.1373292231692418,0.03753652423620224,217736.921875,592794.0
132000,0,0.007010000000000001,0.007253050804138184,0.8943555951118469,0.0033572036772966385,0.00033772632014006376,0.003070680657401681,0.1403713934814974,0.0375036895275116,219101.78125,591324.1875
134000,0,0.007010000000000001,0.007253011067708315,0.8920084238052368,0.0033366117626428605,0.0003246722975745797,0.003091311315074563,0.14344207390606845,0.03744520992040634,220371.625,590004.3125
136000,0,0.007010000000000001,0.00725301106770837,0.8898884057998657,0.0033473901450634005,0.0003097214037552476,0.0031067710369825363,0.14653338638529623,0.03753652796149254,221515.578125,588787.625
138000,0,0.007010000000000001,0.007252852121988895,0.8880923986434937,0.0033734861761331556,0.00029040900990366935,0.003116013715043664,0.14964015718944812,0.03753659129142761,222481.515625,587715.5625
140000,0,0.007010000000000001,0.007252772649129269,0.8866273760795593,0.0033962357789278025,0.0002616278827190399,0.00312105193734169,0.15275616974033857,0.037503160536289215,223268.140625,586814.875
142000,0,0.007010000000000001,0.007252812385559082,0.8852871060371399,0.0034413240849971768,0.00026862723752856253,0.003128837328404188,0.15587722284183347,0.03753671050071716,223992.625,586042.0625
144000,0,0.007010000000000001,0.007252613703409849,0.8842210173606873,0.003449135273694992,0.0002454410307109356,0.0031351037323474884,0.15900606063589895,0.0375647209584713,224561.234375,585363.8125
146000,0,0.007010000000000001,0.0072525739669799805,0.8833867311477661,0.003450917825102806,0.0002372392453253269,0.003138019470497966,0.162141165299569,0.0375649519264698,225007.28125,584827.25
148000,0,0.007010000000000001,0.007252534230550167,0.8827137351036072,0.0034501168876886366,0.00025545815005898473,0.003141481429338455,0.1652791843044057,0.0375647209584713,225367.84375,584395.4375
150000,0,0.007010000000000001,0.007252415021260561,0.8821622729301453,0.0034502767026424407,0.00023354683071374893,0.0031474705319851637,0.16842066619940543,0.03756483644247055,225663.125,584044.1875
152000,0,0.007010000000000001,0.007252256075541141,0.8817062973976135,0.003446376323699951,0.0002180737443268299,0.00315205124206841,0.17156813719705188,0.03756551072001457,225907.453125,583755.625
154000,0,0.00841,0.008651494979858398,0.8768894672393799,0.003475319966673851,0.000358099676668644,0.00326597411185503,0.17472018587798321,0.037465035915374756,229378.34375,582382.75
156000,0,0.00841,0.008650938669840513,0.8743656277656555,0.0034674931317567824,0.0003510368289425969,0.003323209937661886,0.17798616115399146,0.037465181201696396,230744.984375,580941.5
158000,0,0.00841,0.008650779724121094,0.8718882203102112,0.0034689072519540785,0.00034910594113171103,0.003372550243511796,0.18130936992750013,0.03746502473950386,232089.25,579574.4375
160000,0,0.00841,0.00865062077840173,0.8696130514144897,0.003482326865196228,0.00033959690481424334,0.00341220130212605,0.1846819190068587,0.03743243217468262,233319.234375,578288.375
162000,0,0.00841,0.00865062077840173,0.8672268390655518,0.0035138089209794995,0.0003556199837476015,0.0034530593547970057,0.18809412077464605,0.03743244707584381,234623.578125,577048.1875
164000,0,0.00841,0.008650501569112179,0.8651549220085144,0.0034859832376241684,0.0003309843130409717,0.0034839408472180367,0.1915471803622737,0.03746526688337326,235736.59375,575839.6875
166000,0,0.00841,0.00865030288696289,0.8632345199584961,0.0034536533057689667,0.0003316856455057859,0.0035060658119618893,0.19503112283930624,0.037465184926986694,236776.875,574764.0
168000,0,0.00841,0.00865018367767334,0.8613303303718567,0.003410762548446655,0.0003304104786366224,0.003530532354488969,0.19853718702145362,0.03746499866247177,237812.6875,573734.4375
170000,0,0.00841,0.008649984995524107,0.8595061898231506,0.0033536933362483977,0.00033377441577613347,0.0035538061056286097,0.20206771797895873,0.037499312311410904,238804.578125,572743.5625
172000,0,0.00841,0.008649984995524107,0.857567548751831,0.003308453410863876,0.0003419516608119011,0.003586785402148962,0.2056215238517567,0.03746515139937401,239867.296875,571748.875
174000,0,0.00841,0.008649945259094238,0.8555508255958557,0.0032408073544502253,0.0003495704848319292,0.0036268432158976793,0.20920831065088952,0.03746506944298744,240970.796875,570707.1875
176000,0,0.00841,0.008649905522664425,0.8535153269767761,0.003192721679806709,0.0003648373996838927,0.003674284787848592,0.21283515246980333,0.03746515139937401,242085.296875,569653.5
178000,0,0.00841,0.008649865786234556,0.8513929843902588,0.003150678053498268,0.0003827848471701145,0.00372538180090487,0.21650943749048257,0.037499312311410904,243250.21875,568571.75
180000,0,0.00841,0.008649726708730043,0.8490217328071594,0.003199981525540352,0.0004252132959663868,0.0037870416417717934,0.22023481882572615,0.03746521845459938,244561.375,567427.25
182000,0,0.00841,0.008649845918019594,0.8464316129684448,0.0032337848097085953,0.0004514159634709358,0.003871255787089467,0.22402186000183666,0.03746499866247177,245984.734375,566139.125
184000,0,0.00841,0.008649865786234556,0.8441929817199707,0.0032528478652238844,0.0004151124972850084,0.0039262352511286736,0.22789311532326484,0.03746509924530983,247183.921875,564853.5
186000,0,0.00841,0.008649865786234556,0.8420276641845703,0.003297529742121696,0.00040013445541262624,0.003939810208976269,0.2318193505743935,0.037465132772922516,248352.234375,563647.625
188000,0,0.00841,0.008649865786234556,0.8401162624359131,0.0032837186008691788,0.00037182674277573823,0.003933138679713011,0.23575916124903107,0.037465259432792664,249372.9375,562523.75
190000,0,0.00841,0.008649826049804688,0.8383244872093201,0.0032536908984184265,0.00034826025366783145,0.003939974587410688,0.2396922989974215,0.03746527060866356,250336.4375,561501.375
192000,0,0.00841,0.008649706840515137,0.8365854024887085,0.0032249871641397473,0.0003431420074775815,0.00396985188126564,0.2436322735848322,0.0374651700258255,251277.578125,560542.125
194000,0,0.00841,0.008649667104085323,0.8348304033279419,0.0032115884125232695,0.00034804521128535266,0.0039926134049892426,0.24760212732874298,0.03746969252824783,252234.03125,559609.4375
196000,0,0.00841,0.008649667104085323,0.8330180048942566,0.003195401281118393,0.00035849104169756175,0.004009956493973732,0.25159474026807094,0.03749927505850792,253225.5625,558669.3125
198000,0,0.00841,0.008649667104085323,0.8311071991920471,0.003193945065140724,0.00038174816872924564,0.004042696673423052,0.2556046958307221,0.03746511787176132,254274.171875,557695.1875
200000,0,0.00841,0.008649667104085323,0.829072117805481,0.003233882412314415,0.00041233105584979055,0.0040995157323777676,0.2596473915728226,0.03749925270676613,255392.546875,556668.3125
202000,0,0.00841,0.008649706840515137,0.8268576860427856,0.003240612894296646,0.0004380224738270044,0.004166809841990471,0.2637469059082165,0.03746506944298744,256610.890625,555558.0625
204000,0,0.00841,0.008649667104085323,0.8246780633926392,0.0031890589743852615,0.00044218352995812894,0.004202750977128744,0.26791371528454566,0.03746508061885834,257798.5625,554409.375
206000,0,0.00841,0.008649667104085323,0.822401762008667,0.003142954781651497,0.0004552061203867197,0.0041991532780230045,0.27211646439902926,0.037465330213308334,259043.078125,553228.25
208000,0,0.00841,0.008649766445159912,0.8199732899665833,0.003101310133934021,0.00047882702201604846,0.004172483924776316,0.27631561767705226,0.03746508061885834,260377.125,551994.3125
210000,0,0.00841,0.008649845918019594,0.8172414302825928,0.0030428193509578704,0.0005235725548118353,0.004146400839090347,0.28048810206748986,0.037432458251714706,261887.3125,550649.75
212000,0,0.00841,0.008649845918019594,0.8143430948257446,0.0030184647068381308,0.0005476250778883695,0.004130929242819548,0.2846345029065802,0.037432607263326645,263480.28125,549180.5
214000,0,0.00841,0.008649865786234556,0.8113013505935669,0.002985677868127823,0.000563728529959917,0.004126445855945349,0.2887654335463836,0.03743259608745575,265147.875,547617.25
216000,0,0.00841,0.008649945259094238,0.8081197738647461,0.0029383495450019835,0.0005714970175176859,0.0041134972125291824,0.29289187940232897,0.037432435899972916,266890.9375,545971.3125
218000,0,0.00841,0.008649945259094238,0.8048111796379089,0.002886228449642658,0.0005802992265671491,0.004106342326849699,0.29700537708051944,0.03743240237236023,268702.5,544252.5
220000,0,0.00841,0.008650024731953976,0.8013628721237183,0.0029485814273357393,0.000613193679600954,0.004095239099115133,0.30111171894170785,0.03743251413106918,270592.9375,542463.875
222000,0,0.00841,0.008650223414103209,0.7974621653556824,0.002989767305552959,0.0006687893997877835,0.004105649422854185,0.305206958040823,0.03743251413106918,272749.375,540512.9375
224000,0,0.00841,0.008650481700897217,0.7933498620986938,0.0030273664742708206,0.0007510160095989703,0.004117616452276707,0.30931260839499974,0.037375036627054214,275022.09375,538441.9375
226000,0,0.00841,0.008650541305541992,0.7896712422370911,0.003068000078201294,0.0006506030447781086,0.0041071572341024876,0.31343022531293774,0.037432458251714706,276990.03125,536337.4375
228000,0,0.00841,0.00865062077840173,0.7861023545265198,0.003140564262866974,0.0005955846980214119,0.0040842886082828045,0.31753738115005636,0.03746509179472923,278918.3125,534367.9375
230000,0,0.00841,0.008650700251261412,0.7826271057128906,0.0031892724335193636,0.0005497515667229891,0.004065391141921282,0.3216216692926779,0.037432607263326645,280797.0625,532452.0
232000,0,0.00841,0.008650720119476318,0.7795480489730835,0.003254865854978561,0.0004934397526085377,0.0040334793739020824,0.3256870627629056,0.03746505081653595,282443.125,530681.0
234000,0,0.00841,0.00865062077840173,0.7767602801322937,0.0033194087445735927,0.00047358768060803416,0.0039979517459869385,0.32972054306813026,0.037432633340358734,283939.375,529094.9375
236000,0,0.00841,0.008650581041971861,0.7742030620574951,0.003226783499121666,0.0004414193797856569,0.0039758686907589436,0.3337184943484559,0.03743257746100426,285313.65625,527649.4375
238000,0,0.00841,0.008650660514831543,0.7718622088432312,0.003183571994304657,0.0004208141006529331,0.003973814193159342,0.33769436257355356,0.03743273764848709,286571.125,526324.4375
240000,0,0.00841,0.008650700251261412,0.7697064876556396,0.003156851977109909,0.0004042837768793106,0.003977232612669468,0.34166817816369677,0.037432603538036346,287729.96875,525110.75
242000,0,0.00841,0.008650541305541992,0.767703652381897,0.0031278900802135467,0.00038770833052694794,0.003974342718720436,0.34564541031070495,0.037465136498212814,288809.28125,523989.34375
244000,0,0.00841,0.00865046183268231,0.765780508518219,0.0031035754829645155,0.0003795960219576955,0.003981452435255051,0.3496197530294254,0.0374651700258255,289851.75,522932.5
246000,0,0.00841,0.00865046183268231,0.7639833688735962,0.0030883299186825752,0.00037582970689982177,0.003984434995800257,0.3536012059303417,0.03746521472930908,290821.375,521929.84375
248000,0,0.00841,0.00865046183268231,0.7622663974761963,0.0030857514590024943,0.00036943370942026376,0.003994158003479242,0.357585640926142,0.03746512532234192,291753.09375,520988.59375
250000,0,0.00841,0.008650501569112179,0.7605400681495667,0.0030904054641723634,0.0003634745487943292,0.004010850563645363,0.36157979799829865,0.037499263882637024,292695.78125,520064.6875
252000,0,0.00841,0.008650422096252441,0.758919358253479,0.003083569929003715,0.00034990711137652394,0.0040309070609509945,0.36559064716496015,0.03749930113554001,293570.875,519165.84375
254000,0,0.00841,0.008650382359822628,0.7574344873428345,0.003074108622968197,0.00034112397115677596,0.004057363606989384,0.369621555622895,0.03748524561524391,294371.5,518336.46875
256000,0,0.00841,0.00865034262339276,0.7560557126998901,0.003072530776262283,0.0003392986487597227,0.0040942346677184105,0.37367892109252954,0.03752809390425682,295116.5,517569.46875
258000,0,0.00841,0.00865034262339276,0.7547622919082642,0.003070627897977829,0.00034300261177122593,0.004132360219955444,0.3777731566915705,0.037494074553251266,295815.875,516852.25
260000,0,0.00841,0.00865034262339276,0.753550112247467,0.0030756512656807894,0.0003438143758103251,0.004174813162535429,0.3819055164458647,0.037509486079216,296471.8125,516181.5625
262000,0,0.00841,0.00865034262339276,0.752410352230072,0.003083478659391403,0.00033547009807080027,0.004206889308989048,0.3860803296084001,0.03752824664115906,297088.6875,515551.21875
264000,0,0.00841,0.008650223414103209,0.7513352036476135,0.003092418797314167,0.0003307146951556206,0.004246060736477375,0.3902872179860666,0.037528228014707565,297670.59375,514955.46875
266000,0,0.00841,0.00865018367767334,0.7503150701522827,0.003099756315350532,0.0003294408554211258,0.004275881685316563,0.39453327825688267,0.037528228014707565,298223.78125,514393.71875
268000,0,0.00841,0.008650104204813658,0.7493336796760559,0.0031049953773617744,0.0003282159566879272,0.004283740185201168,0.3988091604078605,0.03756327927112579,298757.75,513858.875
270000,0,0.00841,0.008650143941243527,0.7483885884284973,0.003109396621584892,0.00032849416602402924,0.004291050136089325,0.4030929001274004,0.037563223391771317,299271.71875,513342.46875
272000,0,0.00841,0.008650143941243527,0.7474862337112427,0.0031081497669219965,0.00033161016181111337,0.004311633761972189,0.4073839502634897,0.037588175386190414,299762.53125,512848.15625
274000,0,0.00841,0.008650223414103209,0.7466075420379639,0.003103202022612095,0.0003344952827319503,0.004338630475103855,0.41169558635376835,0.03758363425731659,300242.59375,512371.40625
276000,0,0.00841,0.008650263150533077,0.7457296252250671,0.003088481351733208,0.00033757046330720183,0.004355933051556349,0.4160342177601948,0.037600077688694,300724.5,511900.71875
278000,0,0.00841,0.008650223414103209,0.7448253035545349,0.003071956895291805,0.00033989183139055963,0.004362883977591991,0.42039014988042855,0.03762952983379364,301222.96875,511421.28125
280000,0,0.00841,0.008650024731953976,0.7438695430755615,0.0030544083565473557,0.000342051824554801,0.004363609943538904,0.42475303432368183,0.03763415664434433,301751.96875,510922.5625
282000,0,0.00841,0.008649865786234556,0.7428395748138428,0.0030253699049353597,0.0003472261596471071,0.004354497883468866,0.42911664706118846,0.03762959688901901,302325.15625,510392.8125
284000,0,0.00841,0.008649826049804688,0.7416911721229553,0.0029986219480633734,0.00036274779122322796,0.0043407161720097065,0.4334711454103186,0.037629611790180206,302967.71875,509810.96875
286000,0,0.00841,0.008649746576945005,0.7403843998908997,0.0029688594862818714,0.00038583672139793637,0.004338119179010391,0.4378118615823283,0.03762946277856827,303701.34375,509153.6875
288000,0,0.00841,0.008649508158365904,0.7388887405395508,0.0029352134093642234,0.0004097428172826767,0.004336709156632423,0.442149981227,0.03765815868973732,304542.5625,508402.21875
290000,0,0.00841,0.00864907105763757,0.7371624112129211,0.0029483254998922343,0.0004410094115883112,0.004326545633375645,0.4464866903836324,0.03768919035792351,305511.90625,507533.28125
292000,0,0.00841,0.008648991584777832,0.7352936267852783,0.00298369713127613,0.00046478509902954097,0.0043290723115205765,0.4508132355513468,0.03770340234041214,306548.28125,506572.875
294000,0,0.00841,0.00864907105763757,0.733281135559082,0.0029733411967754362,0.000471284007653594,0.004340032581239939,0.45514230739720607,0.0377032496035099,307656.09375,505519.375
296000,0,0.00841,0.008649150530497252,0.7313553094863892,0.002979045920073986,0.0004359268583357334,0.004342740401625633,0.45948233858146215,0.037658147513866425,308700.6875,504465.4375
298000,0,0.00841,0.008649110794067383,0.7296995520591736,0.002973802387714386,0.0003916309680789709,0.0043337903916835785,0.4638250817770555,0.037629421800374985,309582.09375,503509.1875
300000,0,0.00841,0.0086490313212077,0.7282356023788452,0.0029769182205200196,0.0003710541408509016,0.004329693969339132,0.4681588717030778,0.037629541009664536,310366.46875,502679.5625
302000,0,0.00841,0.008648991584777832,0.7268794178962708,0.002987397275865078,0.00036355825141072274,0.004330565687268972,0.4724885666037395,0.037629593163728714,311099.34375,501928.9375
304000,0,0.00841,0.008648991584777832,0.7256206274032593,0.0029815146699547768,0.00035657549742609265,0.004336629528552294,0.4768191318253472,0.037629567086696625,311776.875,501228.65625
306000,0,0.00841,0.008648991584777832,0.7244604825973511,0.0029837090522050855,0.0003490654285997152,0.004343780223280191,0.48115576275088334,0.03763422742486,312403.0625,500587.0
308000,0,0.00841,0.008648991584777832,0.7233713269233704,0.0029883483424782754,0.0003446715883910656,0.004348954185843468,0.48549954297416353,0.03763437271118164,312991.4375,499986.96875
310000,0,0.00841,0.008648991584777832,0.7223544716835022,0.0030059071257710454,0.00034186886623501774,0.004363314248621464,0.489848497160007,0.037629399448633194,313541.15625,499427.1875
312000,0,0.00841,0.008648991584777832,0.7214037775993347,0.0030207840725779535,0.00034145961981266735,0.004360091872513294,0.49421181233995104,0.03763413801789284,314054.21875,498901.625
314000,0,0.00841,0.008648991584777832,0.7205320596694946,0.00303574800491333,0.00034527224488556385,0.004358724690973759,0.49857190421246433,0.03762958571314812,314522.9375,498415.53125
316000,0,0.00841,0.008649031321207645,0.7197534441947937,0.003046862781047821,0.0003523611230775714,0.004376462195068598,0.5029306289034381,0.0376296304166317,314940.15625,497977.84375
318000,0,0.00841,0.008648991584777832,0.7190532684326172,0.0030568942427635195,0.0003505291184410453,0.004389617126435041,0.5073070897015228,0.03761714696884155,315315.875,497584.71875
320000,0,0.00841,0.0086490313212077,0.718418538570404,0.0030657041817903517,0.00035098784137517215,0.004378453362733126,0.5116967077592804,0.03761245682835579,315656.25,497228.90625
322000,0,0.00841,0.0086490313212077,0.7178412079811096,0.003069799393415451,0.0003472602227702737,0.004355510696768761,0.5160751597250297,0.037629544734954834,315966.59375,496906.8125
324000,0,0.00841,0.008649031321207645,0.7173062562942505,0.0030732003971934317,0.00034477205481380223,0.0043390654027462006,0.5204306704217985,0.03760458156466484,316255.03125,496610.5625
326000,0,0.00841,0.0086490313212077,0.7168152332305908,0.003074936009943485,0.000342093757353723,0.004336491692811251,0.5247697353588834,0.03761226683855057,316520.1875,496339.75
328000,0,0.009810000000000001,0.010048747062683105,0.7118434309959412,0.0032032176852226256,0.0004918880295008421,0.004515395034104586,0.5291062265860333,0.03745707497000694,320369.53125,494832.375
330000,0,0.009810000000000001,0.010048508644104004,0.7088102698326111,0.0032084792852401733,0.0005006126593798399,0.004586538765579462,0.5336216225514605,0.0374569334089756,322022.40625,493182.03125
332000,0,0.009810000000000001,0.01004840930302936,0.7058701515197754,0.0032049253582954406,0.0005208262242376805,0.004618257284164429,0.5382081589887335,0.037433795630931854,323631.09375,491597.40625
334000,0,0.009810000000000001,0.01004840930302936,0.7028959393501282,0.003201860561966896,0.0005531513132154941,0.004619554616510868,0.542826416272898,0.0373997762799263,325269.03125,490020.40625
336000,0,0.009810000000000001,0.010048449039459229,0.6998270153999329,0.0032214678823947905,0.0005869009997695684,0.0046255276538431644,0.5474459736833766,0.037399839609861374,326964.71875,488404.875
338000,0,0.009810000000000001,0.010048508644104004,0.6966994404792786,0.0032374661415815356,0.0006044610869139432,0.004649114795029163,0.5520715022685423,0.03739970549941063,328687.25,486743.9375
340000,0,0.009810000000000001,0.010048429171244322,0.6935426592826843,0.003247527033090591,0.0006211056374013424,0.0046659307554364204,0.556720617994894,0.037399742752313614,330423.8125,485062.3125
342000,0,0.009810000000000001,0.010048429171244322,0.6902323961257935,0.0032671134918928145,0.0006683949381113052,0.004681168124079704,0.5613865520099595,0.03739975765347481,332259.0625,483328.65625
344000,0,0.009810000000000001,0.01004846890767419,0.686849057674408,0.0032470833510160444,0.0006519441027194261,0.004696080461144447,0.5660677192027166,0.03739973530173302,334115.875,481514.78125
346000,0,0.009810000000000001,0.01004846890767419,0.6835451722145081,0.0032130580395460127,0.00064446572214365,0.0046898419968783855,0.5707637978012159,0.037399642169475555,335925.1875,479733.0625
348000,0,0.009810000000000001,0.010048548380533873,0.6802179217338562,0.0031968846917152403,0.0006495830602943896,0.0046743531711399555,0.5754536402637556,0.0373673178255558,337752.375,477948.78125
350000,0,0.009810000000000001,0.010048429171244322,0.6767891645431519,0.003175881505012512,0.0006839742418378592,0.004665909335017204,0.5801279911065891,0.037399739027023315,339646.46875,476132.4375
352000,0,0.009810000000000001,0.01004852851231891,0.6731469035148621,0.0031968601047992705,0.0007120586931705474,0.004677349701523781,0.5847939004416063,0.03739975765347481,341665.1875,474215.6875
354000,0,0.009810000000000001,0.01004846890767419,0.6694973707199097,0.0031880013644695277,0.0007032919675111771,0.004695696756243706,0.5894712473491623,0.03739961236715317,343667.96875,472252.0
356000,0,0.009810000000000001,0.010048508644104004,0.6658216714859009,0.003178888186812401,0.0006931334268301724,0.004724306054413319,0.5941669436397448,0.03736723214387894,345687.03125,470277.71875
358000,0,0.009810000000000001,0.01004846890767419,0.6622740030288696,0.003196698799729347,0.000670650927349925,0.004734252113848925,0.5988912515568032,0.0373997762799263,347624.21875,468348.03125
360000,0,0.009810000000000001,0.01004846890767419,0.658762514591217,0.003177536651492119,0.000674890773370862,0.004736762028187513,0.603625501808007,0.03739957883954048,349551.0,466456.40625
362000,0,0.009810000000000001,0.01004846890767419,0.655205249786377,0.00315181240439415,0.00068024517968297,0.00474956538528204,0.6083622652331784,0.037399716675281525,351508.71875,464550.15625
364000,0,0.009810000000000001,0.01004846890767419,0.6516595482826233,0.0031074343249201776,0.0006786754820495844,0.004773145075887442,0.6131118287558153,0.03739988058805466,353454.71875,462638.78125
366000,0,0.009810000000000001,0.01004846890767419,0.648013710975647,0.0031032215803861616,0.0007036098279058933,0.004817835055291653,0.617884977556993,0.0373997837305069,355466.3125,460691.90625
368000,0,0.009810000000000001,0.010048449039459229,0.6442632079124451,0.0031270064413547517,0.0007331185042858124,0.0048774792812764645,0.6227028121466234,0.03739983215928078,357535.625,458688.28125
370000,0,0.009810000000000001,0.010048488775889042,0.6403902769088745,0.003145579993724823,0.000754226790741086,0.004932352341711521,0.6275802909622386,0.037399597465991974,359672.59375,456617.71875
372000,0,0.009810000000000001,0.010048508644104004,0.6364684700965881,0.0031794901937246323,0.0007541695144027471,0.004991587717086077,0.6325126428382888,0.037399739027023315,361830.53125,454509.125
374000,0,0.009810000000000001,0.010048488775889042,0.6326216459274292,0.0032015297561883926,0.0007403261959552764,0.005056964233517647,0.6375042305553749,0.03739970549941063,363940.28125,452427.65625
376000,0,0.009810000000000001,0.010048508644104004,0.6288175582885742,0.0032348636537790298,0.0007522175088524819,0.005117950029671192,0.6425611943232312,0.03739982098340988,366029.9375,450374.5625
378000,0,0.009810000000000001,0.010048548380533873,0.624717116355896,0.0031980905681848523,0.0008093363605439662,0.0051930868066847324,0.6476791457498863,0.037399668246507645,368307.09375,448202.3125
380000,0,0.009810000000000001,0.010048488775889042,0.620594322681427,0.0031916819512844085,0.0007829628884792328,0.005241230130195618,0.6528722316252484,0.03739968314766884,370573.65625,445977.8125
382000,0,0.009810000000000001,0.010048588116963686,0.6166039109230042,0.0031839825212955477,0.000758320651948452,0.005310652777552605,0.6581134598927989,0.03739983215928078,372763.375,443817.125
384000,0,0.009810000000000001,0.010048488775889042,0.612719714641571,0.0031751025468111033,0.0007424444425851107,0.005407241638749838,0.6634241145329967,0.037399839609861374,374895.5,441714.84375
386000,0,0.009810000000000001,0.01004852851231891,0.6088720560073853,0.003140263259410858,0.000750839989632368,0.005531376227736473,0.6688313552404239,0.037399761378765106,377014.0,439641.625
388000,0,0.009810000000000001,0.010048588116963686,0.6049674153327942,0.003142574056982994,0.0007560416124761105,0.005743231158703566,0.6743627319338217,0.037367451936006546,379165.4375,437538.9375
390000,0,0.009810000000000001,0.010048548380533873,0.6012620329856873,0.0032027702778577804,0.0007194829639047384,0.005867892876267433,0.6801059640238478,0.03739975765347481,381196.78125,435527.5
392000,0,0.009810000000000001,0.010048548380533873,0.5977203249931335,0.0032081495970487594,0.0007027747575193644,0.005951952189207077,0.685973856434454,0.03739980235695839,383140.15625,433606.8125
394000,0,0.009810000000000001,0.010048548380533873,0.5942859649658203,0.0032024320214986803,0.0006861165165901183,0.006051621399819851,0.691925808623661,0.037399765104055405,385025.375,431745.5
396000,0,0.009810000000000001,0.010048508644104004,0.590950071811676,0.0031583063304424282,0.0006770635023713111,0.006149520166218281,0.6979774309548035,0.03743360564112663,386856.65625,429936.75
398000,0,0.009810000000000001,0.010048488775889042,0.5875784754753113,0.0031184537336230275,0.000727065885439515,0.006382738705724478,0.7041269567089572,0.03739972040057182,388708.71875,428111.0
400000,0,0.009810000000000001,0.010048508644104004,0.5836472511291504,0.00315166674554348,0.0008619628846645355,0.006784336641430855,0.710509695880343,0.03739981725811958,390881.0,425999.1875
402000,0,0.009810000000000001,0.010048588116963686,0.5796679854393005,0.0031603265553712843,0.0007148610893636942,0.007127178367227316,0.7172940306591287,0.03739972785115242,393092.6875,423876.8125
404000,0,0.009810000000000001,0.010048548380533873,0.576477587223053,0.0031673617660999296,0.0006533562205731868,0.007362558972090483,0.7244212094920173,0.03739967197179794,394842.59375,422143.125
406000,0,0.009810000000000001,0.010048588116963741,0.5736780762672424,0.003165410459041595,0.0005996872205287218,0.00756835425272584,0.7317837661358013,0.03739983215928078,396383.8125,420629.25
408000,0,0.009810000000000001,0.010048548380533873,0.5712970495223999,0.003189118206501007,0.0005657434463500976,0.007734942715615034,0.7393521227168336,0.03739973157644272,397685.78125,419329.96875
410000,0,0.009810000000000001,0.010048548380533873,0.5691236853599548,0.0031999703496694565,0.0005518971942365169,0.008030197583138943,0.7470870640354648,0.037433743476867676,398875.875,418146.46875
412000,0,0.009810000000000001,0.010048548380533873,0.5670302510261536,0.0032085541635751723,0.0005438983440399169,0.008143629878759384,0.7551172550993457,0.03741604834794998,400027.1875,417012.3125
414000,0,0.009810000000000001,0.010048588116963741,0.564957320690155,0.003207571059465408,0.0005390640813857317,0.008924764581024647,0.7632608849781051,0.03739983215928078,401175.3125,415900.65625
416000,0,0.009810000000000001,0.010048548380533873,0.5628449320793152,0.0031947437673807144,0.0005403237883001566,0.011202985420823097,0.7721856504904523,0.037399642169475555,402359.15625,414784.84375
418000,0,0.009810000000000001,0.010048667589823423,0.5605644583702087,0.0031557265669107434,0.0005590420681983232,0.017516491934657097,0.7833886331173077,0.03739975765347481,403660.28125,413609.4375
420000,0,0.009810000000000001,0.010048647721608461,0.5578738451004028,0.0030897408723831177,0.0006127677392214536,0.029600562527775764,0.8009051213266745,0.03739964962005615,405222.03125,412255.5
422000,0,0.009810000000000001,0.01004856824874878,0.5544900298118591,0.003053183294832706,0.0007138424552977085,0.10406766831874847,0.8305056819918051,0.037367209792137146,407201.8125,410568.59375
424000,0,0.009810000000000001,0.010048588116963686,0.5500048995018005,0.0030796868726611134,0.0008579311892390251,0.1878119707107544,0.9345733577611341,0.03736717626452446,409852.03125,408359.09375
426000,0,0.009810000000000001,0.010048607985178593,0.5446750521659851,0.0030126431956887245,0.0008453564718365669,0.29794105887413025,1.1223853433730497,0.037367235869169235,412859.5625,405550.75
428000,0,0.009810000000000001,0.01004856824874878,0.5395976901054382,0.003016697987914085,0.0007896583527326583,0.36135998368263245,1.4203263426425352,0.03739966079592705,415638.5,402769.34375
430000,0,0.009810000000000001,0.01004852851231891,0.5348846912384033,0.0030098300427198405,0.0007655046880245209,0.4235363304615021,1.7816864157321348,0.03739962354302406,418210.28125,400176.1875
432000,0,0.009810000000000001,0.010048449039459229,0.5304180383682251,0.0030195793136954304,0.0007856306619942187,0.5028648376464844,2.2052228057982814,0.037399742752313614,420670.125,397744.375
434000,0,0.009810000000000001,0.01004840930302936,0.5259791016578674,0.0030314037576317787,0.000801762193441391,0.5554726123809814,2.7080877030494106,0.037399716675281525,423133.6875,395348.78125
436000,0,0.009810000000000001,0.01004856824874878,0.521488606929779,0.0030021579936146737,0.0008009576238691806,0.6220211386680603,3.2635601962211025,0.03736729547381401,425628.15625,392926.625
438000,0,0.009810000000000001,0.010048548380533873,0.5171423554420471,0.0029499953612685203,0.0007507155183702706,0.6520427465438843,3.885581275284518,0.03736746683716774,428010.75,390547.3125
440000,0,0.009810000000000001,0.010048528512318966,0.5130311250686646,0.0029282350093126296,0.0007397043984383344,0.7128307223320007,4.537624200642337,0.037399642169475555,430269.25,388301.03125
442000,0,0.009810000000000001,0.010048508644104004,0.5089974999427795,0.002951629273593426,0.0007423216942697763,0.7313094735145569,5.250454922974337,0.03739975020289421,432503.28125,386115.78125
444000,0,0.009810000000000001,0.010048607985178593,0.505093514919281,0.0029854040592908857,0.0007022681180387734,0.7601733207702637,5.981764158070315,0.03739973157644272,434639.5625,383973.09375
446000,0,0.009810000000000001,0.010048548380533817,0.5015004873275757,0.0030120169743895527,0.000678021227940917,0.7749892473220825,6.741937359631289,0.03739991411566734,436598.34375,381993.8125
448000,0,0.009810000000000001,0.010048588116963686,0.4981134831905365,0.0030165674164891244,0.0006705973297357558,0.7778367400169373,7.516926785767306,0.03739985078573227,438458.1875,380142.21875
450000,0,0.009810000000000001,0.01004856824874878,0.49487927556037903,0.003015998378396034,0.0006670021917670965,0.7935020327568054,8.29476310855173,0.03739970549941063,440244.09375,378383.6875
452000,0,0.009810000000000001,0.010048627853393555,0.49169954657554626,0.003015836142003536,0.0006568995304405689,0.8047021627426147,9.088265081703891,0.03743370622396469,441998.0,376652.09375
454000,0,0.009810000000000001,0.010048588116963686,0.48861822485923767,0.003019572980701923,0.0006504104938358068,0.8159180283546448,9.892967184841861,0.03742295876145363,443695.875,374971.9375
456000,0,0.009810000000000001,0.010048588116963686,0.48562291264533997,0.003024380281567573,0.0006504628807306289,0.8324356079101562,10.708885272801151,0.03739964962005615,445349.0625,373340.90625
458000,0,0.009810000000000001,0.010048548380533873,0.4827535152435303,0.0030101194977760312,0.0006547057069838047,0.8400143384933472,11.541320821106662,0.03739989921450615,446928.5,371774.65625
460000,0,0.009810000000000001,0.01004852851231891,0.4799061119556427,0.002993253618478775,0.0006523453164845705,0.8715301156044006,12.38133492118143,0.03743365779519081,448514.21875,370238.03125
462000,0,0.009810000000000001,0.01004840930302936,0.47702547907829285,0.0029989274218678473,0.0006799569819122552,0.8535515069961548,13.252864381134739,0.037423063069581985,450121.8125,368684.5
464000,0,0.009810000000000001,0.010048449039459229,0.4739830493927002,0.0029898371547460553,0.0006678353063762188,0.8605701327323914,14.106415649712314,0.03745711222290993,451822.4375,367045.5625
466000,0,0.009810000000000001,0.01004846890767419,0.47114869952201843,0.0029763782396912573,0.0006059381645172834,0.8546486496925354,14.96698584204935,0.037456970661878586,453360.3125,365476.25
468000,0,0.009810000000000001,0.01004846890767419,0.4686488211154938,0.0029785599559545516,0.0005837077740579843,0.8548584580421448,15.821634372532596,0.03745713829994202,454717.875,364093.34375
470000,0,0.009810000000000001,0.01004846890767419,0.466410368680954,0.002978210709989071,0.0005668149795383215,0.8434855937957764,16.67649283057474,0.03745711222290993,455936.65625,362858.34375
472000,0,0.009810000000000001,0.010048508644104004,0.46436160802841187,0.0029803989455103874,0.0005561579018831253,0.8417989611625671,17.519978364765873,0.03745683655142784,457056.09375,361731.40625
474000,0,0.009810000000000001,0.01004846890767419,0.4624561071395874,0.0029836466535925863,0.000549446977674961,0.8408946990966797,18.361777027905216,0.03745725750923157,458099.40625,360685.0
476000,0,0.009810000000000001,0.01004846890767419,0.46066775918006897,0.0029939519241452216,0.0005441492889076471,0.8435980081558228,19.20267166739725,0.037416793406009674,459079.15625,359703.9375
478000,0,0.009810000000000001,0.010048429171244322,0.4589814245700836,0.003007398545742035,0.000540361413732171,0.8398228287696838,20.046269675553074,0.037457097321748734,460004.0625,358779.40625
480000,0,0.009810000000000001,0.010048429171244322,0.45738962292671204,0.0030224066227674483,0.0005375336389988661,0.8381529450416565,20.886092563927402,0.03743377700448036,460877.25,357906.84375
482000,0,0.009810000000000001,0.010048389434814453,0.4558919370174408,0.0030346736311912537,0.0005331698805093765,0.8349400162696838,21.724245091736545,0.03743373230099678,461698.03125,357085.21875
484000,0,0.009810000000000001,0.010048389434814453,0.45448464155197144,0.003047654591500759,0.0005309253931045532,0.8392226099967957,22.559184809983005,0.03743358701467514,462469.3125,356313.21875
486000,0,0.009810000000000001,0.010048429171244322,0.45315226912498474,0.0030537093058228488,0.0005309903528541326,0.8414748907089233,23.398407241165867,0.03743373230099678,463200.625,355583.5
488000,0,0.009810000000000001,0.010048429171244322,0.4518677294254303,0.0030630365014076228,0.0005310709122568368,0.8463404774665833,24.23988225108408,0.037433821707963943,463909.0625,354882.40625
490000,0,0.009810000000000001,0.010048389434814453,0.4505906403064728,0.0030643394216895103,0.0005331048741936684,0.8436570763587952,25.08622320538782,0.037416137754917145,464616.25,354187.90625
492000,0,0.009810000000000001,0.01004834969838464,0.4492678642272949,0.0030628908425569534,0.0005429329350590706,0.8472842574119568,25.929880400955906,0.037399690598249435,465354.3125,353473.625
494000,0,0.009810000000000001,0.01004834969838464,0.44780629873275757,0.0030549636110663416,0.000563843548297882,0.8544462323188782,26.777164658367862,0.03743381053209305,466178.1875,352690.71875
496000,0,0.009810000000000001,0.010048309961954771,0.446041464805603,0.0030417202040553095,0.0006108655594289303,0.8706271648406982,27.631611069500675,0.03739972040057182,467185.65625,351755.5
498000,0,0.009810000000000001,0.010048190752665165,0.44373273849487305,0.0030137525871396066,0.0006641676649451256,0.8915498852729797,28.502238591969242,0.03743371739983559,468511.0,350538.0625
500000,0,0.009810000000000001,0.010048151016235352,0.4407833516597748,0.003028644062578678,0.0007718022447079419,0.9129111170768738,29.393788298428287,0.03743373230099678,470200.90625,348978.75
502000,0,0.009810000000000001,0.010048270225524902,0.4367023706436157,0.0029935194179415703,0.0007990399375557898,0.9570294618606567,30.306699594319095,0.03739981725811958,472532.40625,346813.0625
504000,0,0.009810000000000001,0.010048290093739809,0.43290597200393677,0.0029841622337698935,0.0007189000491052866,0.9330323338508606,31.263728936970463,0.037399690598249435,474616.625,344729.78125
506000,0,0.009810000000000001,0.010048369566599491,0.42943283915519714,0.003001162968575954,0.0007012962829321623,0.9129927754402161,32.196761390030616,0.03739962354302406,476536.65625,342834.8125
508000,0,0.009810000000000001,0.010048607985178593,0.42636460065841675,0.0029781049117445944,0.0006979407742619515,0.8869212865829468,33.1097539866569,0.037367209792137146,478246.0,341172.25
510000,0,0.009810000000000001,0.010048647721608461,0.42340603470802307,0.002974428795278072,0.0006989820860326291,0.8936969637870789,33.996675034821266,0.037399690598249435,479904.28125,339577.9375
512000,0,0.009810000000000001,0.01004852851231891,0.4202217757701874,0.002955395355820656,0.0007094166707247495,0.887631893157959,34.890371760189765,0.03743370622396469,481683.3125,337852.5625
514000,0,0.009810000000000001,0.010048488775889042,0.4170738756656647,0.0029514752328395843,0.0006691663060337305,0.891122579574585,35.77800371295237,0.03743366897106171,483423.28125,336131.40625
516000,0,0.009810000000000001,0.010048449039459229,0.4142094850540161,0.002938946522772312,0.000653639156371355,0.8871822953224182,36.669126292526954,0.037433724850416183,485005.6875,334564.5
518000,0,0.009810000000000001,0.01004840930302936,0.41152477264404297,0.0029189815744757653,0.0006466001737862826,0.8867156505584717,37.55630817061686,0.03742293268442154,486490.34375,333097.375
520000,0,0.009810000000000001,0.010048329830169678,0.40886643528938293,0.0029021494090557096,0.0006576279643923043,0.8828300833702087,38.443023999989265,0.037422940135002136,487967.0,331649.15625
522000,0,0.009810000000000001,0.010048290093739809,0.406045526266098,0.002886697463691235,0.0006792374420911074,0.8902252316474915,39.325853964150184,0.037433747202157974,489539.6875,330116.90625
524000,0,0.009810000000000001,0.010048290093739809,0.40293261408805847,0.0028687218204140664,0.0007084758952260017,0.8916070461273193,40.216078957379096,0.037433747202157974,491278.3125,328427.90625
526000,0,0.009810000000000001,0.010048230489095034,0.39945560693740845,0.002845248766243458,0.0007334355730563402,0.8928585052490234,41.1076855862739,0.03743385151028633,493222.34375,326542.03125
528000,0,0.009810000000000001,0.01004825035730994,0.3957992196083069,0.00283903032541275,0.0007321843411773444,0.9450907111167908,42.00054391270899,0.03739967942237854,495258.53125,324552.40625
530000,0,0.009810000000000001,0.010046660900115967,0.392157644033432,0.0028672434389591214,0.0007276575546711682,4.1469950675964355,42.94563480263972,0.03743365779519081,497286.34375,322563.71875
532000,0,0.009810000000000001,0.010036230087280273,0.38905608654022217,0.002864656038582325,0.0007299907971173525,54.10162353515625,47.09263082391047,0.057754527777433395,499080.59375,320812.4375
534000,0,0.009810000000000001,0.010032474994659424,0.3868800401687622,0.0028851013630628586,0.0007178654428571462,81.08519744873047,101.19426198846125,0.06712344288825989,500313.78125,319585.28125
536000,0,0.009810000000000001,0.010031064351399721,0.3850962817668915,0.0029051585122942926,0.000717138173058629,92.67374420166016,182.2794518077972,0.0698547512292862,501313.75,318594.53125
538000,0,0.009810000000000001,0.010029097398122133,0.38371118903160095,0.002908787876367569,0.0007035105489194393,108.11668395996094,274.95320363885185,0.07125857472419739,502091.0625,317813.25
540000,0,0.009810000000000001,0.010029057661692264,0.3826228976249695,0.0029129311442375183,0.0006957294885069131,109.12693786621094,383.0699104869964,0.078216552734375,502688.125,317209.5625
542000,0,0.009810000000000001,0.010025898615519169,0.38169097900390625,0.00291618425399065,0.0006914177909493446,123.20915985107422,492.19687887078544,0.0734100416302681,503214.84375,316682.25
544000,0,0.009810000000000001,0.010026554266611698,0.38089218735694885,0.002918335422873497,0.0006862481590360403,128.50389099121094,615.4060463512542,0.0762481763958931,503659.0625,316236.0
546000,0,0.009810000000000001,0.010025461514790834,0.3802357017993927,0.0029181841760873794,0.0006831874605268241,128.68951416015625,743.909906824887,0.0686035081744194,504021.75,315874.4375
548000,0,0.009810000000000001,0.010024170080820682,0.3796880543231964,0.00291798897087574,0.0006809115409851075,140.172607421875,872.5993752086761,0.0566253699362278,504334.5,315561.625
550000,0,0.009810000000000001,0.010022878646850586,0.3792244791984558,0.002917647175490856,0.0006784319411963223,140.3244171142578,1012.7720589244964,0.0631714016199112,504590.15625,315306.65625
552000,0,0.011210000000000001,0.011418799559275328,0.3756035566329956,0.0029373565688729287,0.000806924607604742,162.52088928222656,1153.0965523326995,0.0664825439453125,508405.0625,313971.5
554000,0,0.011210000000000001,0.011414408683776855,0.37354257702827454,0.0029357612133026124,0.0007951396517455577,189.93508911132812,1315.6174873912933,0.0821380689740181,509586.53125,312812.125
556000,0,0.011210000000000001,0.01141230265299481,0.37203219532966614,0.002927381731569767,0.0007783174980431794,198.12823486328125,1505.5525917614104,0.059555064886808395,510428.09375,311967.375
558000,0,0.011210000000000001,0.011410832405090332,0.3708701729774475,0.00292251817882061,0.0007680285722017288,196.28453063964844,1703.6808266246917,0.0688171312212944,511063.9375,311324.1875
560000,0,0.011210000000000001,0.011409600575764955,0.36999279260635376,0.002918278984725475,0.0007677801419049501,205.36502075195312,1899.9654182994964,0.0710907131433487,511552.4375,310826.71875
562000,0,0.011210000000000001,0.011408209800720215,0.3693070411682129,0.0029163798317313194,0.0007595594972372054,213.61080932617188,2105.330515345395,0.0727081373333931,511934.0,310436.46875
564000,0,0.011210000000000001,0.01140799125035602,0.36876562237739563,0.0029137421399354933,0.0007552024908363819,216.111328125,2318.9413246715667,0.0689086988568306,512232.75,310132.65625
566000,0,0.011210000000000001,0.011408011118570927,0.3683258295059204,0.0029116386547684667,0.0007524096872657537,214.08493041992188,2535.0526680553558,0.08485414832830429,512471.1875,309890.125
568000,0,0.012610000000000001,0.01279995838801068,0.3650023639202118,0.002931823581457138,0.0009069862775504589,268.242431640625,2749.137705286801,0.0836944580078125,516172.90625,308651.09375
570000,0,0.012610000000000001,0.012796103954315186,0.3633226156234741,0.0029301531612873073,0.0008970285765826702,290.447021484375,3017.3800148571136,0.0753784328699112,517135.15625,307702.4375
572000,0,0.012610000000000001,0.01279542843500775,0.3619232177734375,0.002952927350997925,0.0009169605560600757,271.68798828125,3307.8270058239104,0.0687103420495987,517893.15625,306945.75
574000,0,0.012610000000000001,0.012790858745574951,0.3607339859008789,0.0029532311484217646,0.0009177448228001595,300.36688232421875,3579.514933070004,0.0784912109375,518583.375,306255.75
576000,0,0.012610000000000001,0.012794295946757017,0.35978326201438904,0.002953618392348289,0.0009166372008621692,290.81268310546875,3879.8816628063323,0.0762786865234375,519104.03125,305735.65625
578000,0,0.012610000000000001,0.012788474559783936,0.35900819301605225,0.0029545916244387623,0.0009146170690655709,340.1324462890625,4170.694284876645,0.0637512132525444,519586.03125,305259.46875
580000,0,0.012610000000000001,0.012789130210876465,0.35820674896240234,0.0029567826539278028,0.0009189465083181858,310.6773376464844,4510.826639612973,0.0731048732995987,520012.6875,304853.5625
582000,0,0.012610000000000001,0.01278962691624963,0.3573486804962158,0.0029595538973808287,0.0009152348153293132,307.9183654785156,4821.504007777035,0.0731964185833931,520488.1875,304384.4375
584000,0,0.012610000000000001,0.012788812319437681,0.35665959119796753,0.00296400748193264,0.0009118358604609967,313.1457824707031,5129.422312220395,0.0770721361041069,520873.875,303995.5
586000,0,0.012610000000000001,0.012786030769348145,0.3561237156391144,0.0029660698026418683,0.0009116391651332379,343.8441162109375,5442.568033655942,0.0717926025390625,521201.09375,303666.8125
588000,0,0.012610000000000001,0.012784739335378048,0.3557043671607971,0.002968437969684601,0.0009093489497900009,339.4910583496094,5786.412058314145,0.0708923488855362,521428.96875,303438.59375
590000,0,0.014010000000000002,0.01417762041091919,0.3524935245513916,0.0029961727559566498,0.0010784808546304703,387.73577880859375,6125.902964075864,0.07482912391424179,525085.125,302232.59375
592000,0,0.014010000000000002,0.014175713062286377,0.35080212354660034,0.0029945533722639086,0.0010782968252897262,410.02154541015625,6513.638681849301,0.07743838429450989,526052.875,301267.3125
594000,0,0.014010000000000002,0.014169394969940186,0.3495367765426636,0.003000802733004093,0.0010709275491535663,427.6011657714844,6923.659952601254,0.0720214992761612,526774.4375,300543.65625
596000,0,0.014010000000000002,0.014168202877044678,0.3485806882381439,0.003008708730340004,0.0010727146640419959,443.5228576660156,7351.260904749692,0.0697784572839737,527316.0,299990.84375
598000,0,0.014010000000000002,0.014168262481689453,0.3478640019893646,0.003014148771762848,0.0010772706009447575,443.494140625,7794.783640345395,0.0713348537683487,527709.6875,299587.59375
600000,0,0.014010000000000002,0.014166037241617857,0.3472962975502014,0.0030185578390955923,0.001077425666153431,467.1531066894531,8238.27787252313,0.0734710618853569,528046.625,299246.75
602000,0,0.014010000000000002,0.014165143171946226,0.3468603491783142,0.0030183693394064902,0.001073610596358776,476.20831298828125,8705.431040247739,0.0745696946978569,528297.25,298993.75
604000,0,0.015410000000000002,0.015561044216156006,0.3438102602958679,0.0030402751639485356,0.0012373986653983593,522.2113647460938,9181.639536341489,0.0735626220703125,531901.1875,297863.5625
606000,0,0.015410000000000002,0.01555291811625159,0.3422614634037018,0.0030434900894761086,0.0012335724197328091,529.4556274414062,9703.850840052426,0.0852356106042862,532788.9375,297001.8125
608000,0,0.015410000000000002,0.015554229418436705,0.3409476578235626,0.0030364751815795893,0.0012237563729286193,531.7007446289062,10233.306406458676,0.0816345289349556,533543.0,296277.5625
610000,0,0.015410000000000002,0.015555699666341127,0.33948707580566406,0.00303974449634552,0.0012133365496993064,521.0918579101562,10765.007151087582,0.0841064378619194,534375.625,295495.15625
612000,0,0.015410000000000002,0.015556792418162046,0.33783891797065735,0.0030354153364896773,0.0012216863222420215,514.968505859375,11286.098703821957,0.0842132717370987,535309.5,294597.90625
614000,0,0.015410000000000002,0.015557527542114258,0.3359297811985016,0.0030148962512612345,0.0012300054542720318,520.5558471679688,11801.067026575864,0.0901336744427681,536409.375,293547.40625
616000,0,0.015410000000000002,0.015559196472167969,0.3336476981639862,0.0029919160529971118,0.0012487223371863364,496.3628234863281,12321.62275167352,0.0775604322552681,537693.9375,292324.375
618000,0,0.015410000000000002,0.01555788516998291,0.3296446204185486,0.0029864320531487465,0.0014294122345745563,498.349609375,12817.985758265317,0.0835266262292862,539995.0625,290135.03125
620000,0,0.015410000000000002,0.015552878379821777,0.3254058063030243,0.0029666582122445107,0.001449175924062729,529.8202514648438,13316.335215052426,0.0748748853802681,542448.6875,287747.5625
622000,0,0.015410000000000002,0.015539884567260742,0.3221786320209503,0.002967431955039501,0.001450245175510645,623.9674072265625,13846.155222376645,0.0686645656824112,544385.4375,285854.96875
624000,0,0.015410000000000002,0.015532255172729492,0.31983280181884766,0.0029771583154797553,0.0014439099468290804,668.8010864257812,14470.122568568051,0.0733490139245987,545767.5,284500.25
626000,0,0.015410000000000002,0.015526294708251953,0.3180527091026306,0.002980862371623516,0.0014435995370149612,713.55615234375,15138.923654993832,0.072418212890625,546826.5,283466.0
628000,0,0.015410000000000002,0.015525062878926577,0.3166503310203552,0.0029803659766912457,0.0014161379076540468,720.3873901367188,15852.479807337582,0.0801696926355362,547612.125,282672.4375
630000,0,0.015410000000000002,0.015528837839762333,0.3157443702220917,0.002977481111884117,0.0014008899219334124,701.211669921875,16572.86689229852,0.0955657809972763,548078.0,282174.84375
632000,0,0.015410000000000002,0.015527327855428041,0.3151435852050781,0.0029682435095310213,0.001388897933065891,728.39306640625,17274.07801290399,0.08483888953924179,548429.1875,281806.125
634000,0,0.015410000000000002,0.015525897343953488,0.3147621154785156,0.0029651848599314685,0.0013822440057992935,741.7754516601562,18002.471018275082,0.07465172559022903,548646.9375,281576.375
636000,0,0.016810000000000002,0.016915559768676758,0.3122023940086365,0.002974294684827328,0.0015431250445544719,818.15234375,18744.246408900082,0.0845184251666069,552060.875,280614.21875
638000,0,0.016810000000000002,0.016914725303649902,0.31115564703941345,0.0029612321406602858,0.0015501685440540314,817.6884155273438,19562.398203333676,0.0781097486615181,552685.625,280042.875
640000,0,0.016810000000000002,0.01691607634226483,0.3104443848133087,0.0029572576284408567,0.0015385127626359463,858.7232055664062,20380.086191614926,0.090576171875,553114.0625,279594.90625
642000,0,0.016810000000000002,0.016912301381429018,0.30999189615249634,0.002959505841135979,0.0015327310189604758,826.106201171875,21238.809214075864,0.0754394680261612,553328.0,279373.375
644000,0,0.01821,0.01830577850341797,0.30747345089912415,0.002968647889792919,0.0017144933342933654,959.314697265625,22064.91553731805,0.0816803053021431,556768.375,278351.875
646000,0,0.01821,0.018296996752421024,0.30639946460723877,0.0029750270769000053,0.0017397006973624229,997.7132568359375,23024.22999044305,0.0853118896484375,557403.75,277702.84375
648000,0,0.01821,0.018292903900146484,0.3057370185852051,0.002978641353547573,0.001751529611647129,1057.5509033203125,24021.9433693493,0.0832214429974556,557832.5625,277263.0625
650000,0,0.01821,0.01828893025716144,0.3052821755409241,0.0029788581654429437,0.001750970259308815,1033.93896484375,25079.49402852899,0.0708465725183487,558066.9375,277031.71875
652000,1,0.016810000000000002,0.016903241475423214,0.3071335256099701,0.002965464070439339,0.001591840200126171,931.0485229492188,26113.43299337274,0.0809784010052681,555008.6875,277640.0
654000,1,0.016810000000000002,0.016906181971232115,0.3075316548347473,0.002964356914162636,0.0015667269006371496,912.2041015625,27044.481394251645,0.07676699757575989,554773.875,277888.1875
656000,1,0.015410000000000002,0.01551210880279541,0.30984044075012207,0.0029525995254516602,0.0014084154739975928,818.4963989257812,27956.6855568493,0.079010009765625,551487.375,278747.21875
658000,1,0.015410000000000002,0.01551946004231769,0.3106405436992645,0.0029535889625549316,0.001380598358809948,758.9009399414062,28775.181711634457,0.0746002197265625,550976.3125,279257.125
660000,1,0.015410000000000002,0.015524228413899777,0.31127694249153137,0.002954437397420406,0.0013700512237846852,752.7490844726562,29534.082346400082,0.0831298977136612,550610.4375,279619.1875
662000,1,0.015410000000000002,0.015526294708251953,0.311576247215271,0.002954665943980217,0.0013790030963718892,731.6650390625,30286.831186732114,0.08732607215642929,550421.3125,279810.0625
664000,1,0.014010000000000002,0.01413754622141522,0.31396085023880005,0.0029454637318849564,0.0012345470488071442,688.3609008789062,31018.496164759457,0.0744629055261612,547143.3125,280637.65625
666000,1,0.014010000000000002,0.014136711756388365,0.31467753648757935,0.002943727374076843,0.0012296116910874841,664.4083251953125,31706.857004603207,0.0788726806640625,546711.4375,281062.59375
668000,1,0.014010000000000002,0.01413571834564209,0.31507590413093567,0.00294332355260849,0.001234145648777485,656.4967651367188,32371.265085657895,0.0709686428308487,546478.1875,281293.53125
670000,1,0.012610000000000001,0.012745261192321777,0.31784674525260925,0.002942651696503162,0.0011290558613836765,565.3161010742188,33027.76166768915,0.0703887939453125,542922.4375,282359.65625
672000,1,0.012610000000000001,0.012746969858805302,0.3191700279712677,0.0029408996924757957,0.001113153900951147,564.7566528320312,33593.0775856579,0.0765228345990181,542177.1875,283093.46875
674000,1,0.012610000000000001,0.012751221656799316,0.3199247717857361,0.002940293960273266,0.0011071132495999337,523.8544921875,34157.83417745477,0.0812683179974556,541726.25,283559.0
676000,1,0.012610000000000001,0.01274844010670978,0.32036110758781433,0.0029393617063760754,0.0011075738817453384,558.5527954101562,34681.68866964227,0.0745849460363388,541525.9375,283771.6875
678000,1,0.011210000000000001,0.011359989643096924,0.32315871119499207,0.002924301289021969,0.0009862777777016162,494.8692932128906,35240.24158712274,0.06463623046875,538026.5,284819.84375
680000,1,0.011210000000000001,0.011364658673604311,0.32436320185661316,0.002914410829544067,0.000978414248675108,442.0521545410156,35735.11094137079,0.0734100416302681,537302.1875,285541.3125
682000,1,0.011210000000000001,0.011370698610941588,0.32515808939933777,0.0029062766581773756,0.000978875532746315,414.31982421875,36177.163095911805,0.0763397142291069,536839.1875,286011.09375
684000,1,0.011210000000000001,0.011365652084350586,0.32574591040611267,0.0029002714902162554,0.0009798595681786537,434.14044189453125,36591.48301168329,0.06869509071111679,536536.375,286320.96875
686000,1,0.011210000000000001,0.011369466781616211,0.3262040615081787,0.002895354479551315,0.0009813211858272551,413.18603515625,37025.623392542664,0.0733947902917862,536263.25,286594.5625
688000,1,0.009810000000000001,0.009980479876200377,0.3293337821960449,0.0028727268800139427,0.000898405909538269,359.5018310546875,37438.80945821649,0.0858917385339737,532584.375,287786.75
690000,1,0.009810000000000001,0.009981155395507812,0.3312245011329651,0.0028664883226156234,0.0009218397550284863,352.04449462890625,37798.31116720087,0.0756683275103569,531482.0,288814.25
692000,1,0.009810000000000001,0.009985029697418213,0.3330756723880768,0.0028768651187419886,0.0009464900009334087,318.36138916015625,38150.35553975946,0.0799560695886612,530378.25,289841.65625
694000,1,0.009810000000000001,0.009984791278839111,0.33506110310554504,0.002878649905323982,0.000966460257768631,325.219970703125,38468.71683736688,0.0785980224609375,529238.3125,290900.15625
696000,1,0.009810000000000001,0.00998389720916748,0.33693811297416687,0.00286985095590353,0.000941153708845377,316.4969482421875,38793.93674703485,0.0695953518152237,528200.125,291943.125
698000,1,0.009810000000000001,0.009983678658803286,0.33827751874923706,0.002855674922466278,0.0008923211134970188,314.05804443359375,39110.433451136414,0.06864931434392929,527520.75,292713.5625
700000,1,0.009810000000000001,0.009985228379567446,0.3390818238258362,0.0028455751016736026,0.0008775335736572741,313.4847717285156,39424.49115987665,0.0762634351849556,527106.3125,293171.34375
702000,1,0.009810000000000001,0.00998467206954956,0.3396703600883484,0.0028398567810654636,0.0008688162080943585,312.6438293457031,39737.97580953485,0.0693817213177681,526788.125,293500.65625
704000,1,0.009810000000000001,0.009985427061716734,0.34011727571487427,0.0028376812115311623,0.0008642327971756458,312.55535888671875,40050.61951681024,0.0691223219037056,526549.75,293750.40625
706000,1,0.00841,0.008594850699106815,0.3434284031391144,0.0028223637491464615,0.0007895947434008121,266.41290283203125,40363.17478414423,0.0673980712890625,522835.03125,295010.8125
708000,1,0.00841,0.00859489043553674,0.3454149067401886,0.002833316847681999,0.00078178271651268,252.7538604736328,40629.58768697626,0.073944091796875,521715.5625,296110.625
710000,1,0.00841,0.008594592412312863,0.34715309739112854,0.0028558548539876936,0.0007825111970305443,261.05499267578125,40882.34157796747,0.0667266845703125,520752.5625,297045.5625
712000,1,0.00841,0.008596638838450132,0.34880414605140686,0.0028442535549402237,0.0007776988670229911,247.50294494628906,41143.39654012567,0.0592041090130806,519817.875,297955.09375
714000,1,0.00841,0.008596678574879946,0.35025155544281006,0.0028475068509578707,0.0007760280277580023,254.87229919433594,41390.89951558954,0.053863536566495895,519020.1875,298736.8125
716000,1,0.00841,0.00859832763671875,0.3514525592327118,0.0028509937226772306,0.0007734767626971006,233.67784118652344,41645.7717842663,0.061004649847745895,518335.625,299415.71875
718000,1,0.00841,0.008601943651835087,0.3524666130542755,0.002857768163084984,0.0007710345089435576,221.4933319091797,41879.44968648798,0.062591552734375,517767.53125,299983.8125
720000,1,0.00841,0.008602023124694824,0.3533548414707184,0.0028601245954632754,0.0007695436011999846,220.8197021484375,42100.943048914734,0.06524658203125,517279.90625,300472.78125
722000,1,0.00841,0.00860186417897546,0.35413381457328796,0.0028650032356381415,0.0007693842519074679,216.9443817138672,42321.76273580438,0.0602417029440403,516846.875,300903.90625
724000,1,0.00841,0.008603692054748535,0.35482344031333923,0.002865739166736603,0.0007663960568606853,209.03323364257812,42538.70723958856,0.066864013671875,516460.28125,301289.8125
726000,1,0.00841,0.008603572845458984,0.3554406762123108,0.0028647167608141897,0.0007613502442836761,209.70938110351562,42747.74047323114,0.06312563270330429,516121.46875,301627.96875
728000,1,0.00841,0.008604129155476925,0.3559992015361786,0.0028640389442443847,0.0007567729335278273,206.7064666748047,42957.44974752313,0.063812255859375,515810.78125,301937.1875
730000,1,0.00841,0.008604447046915709,0.35651758313179016,0.0028620801866054537,0.0007534123491495847,205.00537109375,43164.156259974305,0.06477358192205429,515523.5,302223.0625
732000,1,0.00841,0.008604486783345577,0.35700592398643494,0.002859611064195633,0.0007503384724259376,205.4917755126953,43369.16169210321,0.06524660438299179,515254.71875,302490.1875
734000,1,0.007010000000000001,0.007208526134490967,0.3606887757778168,0.002867444790899753,0.0006986725144088267,178.22824096679688,43574.653482874695,0.05036928877234459,511380.375,303891.1875
736000,1,0.007010000000000001,0.007214744885762514,0.363250195980072,0.002878200076520443,0.0006872474681586026,157.00137329101562,43752.88178487665,0.051910411566495895,509936.875,305302.125
738000,1,0.007010000000000001,0.007216930389404297,0.36555731296539307,0.002888331562280655,0.0006755791138857604,146.32701110839844,43909.88323446161,0.0540466383099556,508651.875,306567.09375
740000,1,0.007010000000000001,0.007218639055887877,0.3677600622177124,0.0029092155396938323,0.0006665272638201714,143.8597869873047,44056.21023031122,0.0523681677877903,507427.15625,307763.1875
742000,1,0.007010000000000001,0.007221559683481815,0.3699374496936798,0.002900957129895687,0.0006609870586544276,130.8264617919922,44200.070002039734,0.05818178877234459,506199.96875,308951.125
744000,1,0.007010000000000001,0.0072228312492370605,0.37209922075271606,0.0028964012861251833,0.000652693398296833,120.9192886352539,44330.89643331415,0.0575408972799778,504996.75,310135.375
746000,1,0.007010000000000001,0.007224559783935547,0.3742620646953583,0.002889050729572773,0.0006438951473683118,113.68262481689453,44451.81570669061,0.0570220872759819,503795.78125,311317.1875
748000,1,0.007010000000000001,0.007225414117177309,0.37652358412742615,0.0028941476717591285,0.0006413544993847609,109.74755096435547,44565.49827047235,0.056549083441495895,502540.6875,312546.875
750000,1,0.007010000000000001,0.007223447163899721,0.3793570399284363,0.0030566442757844923,0.0007602822501212358,125.63953399658203,44675.24580617792,0.0536804236471653,500986.625,314056.8125
752000,1,0.007010000000000001,0.007224380970001221,0.38347604870796204,0.0029466958716511723,0.0007403066847473382,115.63487243652344,44800.885332545105,0.0576324500143528,498649.6875,316266.9375
754000,1,0.007010000000000001,0.007224877675374386,0.3876180052757263,0.0029357675462961196,0.0006777393631637096,114.46807861328125,44916.52015157587,0.0576019324362278,496357.0625,318509.28125
756000,1,0.007010000000000001,0.007228334744771359,0.3911290764808655,0.0029444819316267966,0.0006567259784787894,98.57041931152344,45030.98818441278,0.0670776516199112,494419.40625,320443.625
758000,1,0.007010000000000001,0.00723034143447876,0.3946985602378845,0.002941404655575752,0.000653470167890191,91.60778045654297,45129.55852743036,0.0697784423828125,492428.6875,322378.21875
760000,1,0.007010000000000001,0.0072348713874816895,0.3974892795085907,0.002920335903763771,0.0006213706452399492,71.7499771118164,45221.16630025751,0.0638275146484375,490899.8125,323936.8125
762000,1,0.007010000000000001,0.007237136363983154,0.3994060158729553,0.002886131219565868,0.0006180532742291688,57.697608947753906,45292.916246851746,0.06069948151707649,489850.71875,325010.21875
764000,1,0.007010000000000001,0.007238268852233887,0.400810569524765,0.002866723947227001,0.0006168596912175417,51.20992660522461,45350.61381002313,0.057174693793058395,489079.25,325787.375
766000,1,0.007010000000000001,0.0072383880615234375,0.4020312428474426,0.002856588363647461,0.0006196615286171435,50.10866928100586,45401.82370229608,0.057235728949308395,488407.0625,326452.125
768000,1,0.007010000000000001,0.007238447666168213,0.4031749963760376,0.0028594756498932835,0.0006176183931529522,49.636207580566406,45451.93237157709,0.057144176214933395,487778.1875,327074.21875
770000,1,0.007010000000000001,0.007238566875457764,0.40425312519073486,0.0028567312285304068,0.0006143455393612385,48.84760665893555,45501.56857534296,0.056732192635536194,487185.125,327660.625
772000,1,0.007010000000000001,0.007238864898681641,0.4052322804927826,0.0028545333072543142,0.0006115391384810208,47.16981887817383,45550.41618581659,0.0554657019674778,486649.0,328197.3125
774000,1,0.007010000000000001,0.0072392423947652,0.4060690104961395,0.0028537476435303685,0.0006116737145930528,45.36862564086914,45597.58599706537,0.05416871979832649,486190.6875,328656.78125
776000,1,0.007010000000000001,0.007239401340484619,0.40680426359176636,0.0028537821024656298,0.0006130973808467388,44.28276062011719,45642.95463796503,0.0541229285299778,485787.34375,329058.875
778000,1,0.007010000000000001,0.007239401340484619,0.4074777662754059,0.0028542364016175266,0.0006139439530670642,43.763671875,45687.237410029236,0.054107677191495895,485416.78125,329425.59375
780000,1,0.007010000000000001,0.007239341735839844,0.40812423825263977,0.002855350263416767,0.000614740652963519,43.69304275512695,45731.00108571893,0.0542297288775444,485061.8125,329777.21875
782000,1,0.007010000000000001,0.00723936160405475,0.4087555706501007,0.0028578966856002805,0.0006167249288409948,43.46833419799805,45774.694136103455,0.0541229210793972,484714.75,330120.5625
784000,1,0.007010000000000001,0.00723936160405475,0.4093778133392334,0.0028576353564858437,0.0006186667364090681,43.302215576171875,45818.16247411615,0.0540466345846653,484372.1875,330458.21875
786000,1,0.007010000000000001,0.00723936160405475,0.40999171137809753,0.00285553652793169,0.0006185496691614389,43.380367279052734,45861.46470495111,0.054107677191495895,484034.15625,330791.15625
788000,1,0.007010000000000001,0.007239401340484619,0.4105805456638336,0.002852629870176315,0.0006160592660307884,43.459228515625,45904.845072230164,0.0541076622903347,483710.6875,331110.5625
790000,1,0.007010000000000001,0.007239441076914488,0.4111325442790985,0.002851675823330879,0.0006135762669146061,43.34161376953125,45948.30431600458,0.054000888019800186,483407.9375,331410.84375
792000,1,0.007010000000000001,0.007239500681559263,0.4116400480270386,0.002851865440607071,0.0006118420511484146,43.08756637573242,45991.645937403504,0.05383303761482239,483128.5625,331686.71875
794000,1,0.007010000000000001,0.007239500681559263,0.41210615634918213,0.0028520097956061365,0.0006108185742050409,42.78023147583008,46034.73351522333,0.0536499097943306,482872.0625,331940.3125
796000,1,0.00561,0.0058425863583882465,0.4160729646682739,0.002845056727528572,0.0006636468227952719,26.496492385864258,46077.51374669916,0.0440521314740181,478960.375,333368.5625
798000,1,0.00561,0.005848129590352358,0.41850003600120544,0.0028605734929442405,0.0006550659425556659,4.330081462860107,46104.01023336298,0.03833351284265518,477594.75,334703.5
800000,1,0.00561,0.005849957466125488,0.42061567306518555,0.002826013788580894,0.0006509006954729557,0.19072593748569489,46108.340313395325,0.03833350911736488,476427.28125,335849.25
802000,1,0.00561,0.005850354830423954,0.42262890934944153,0.0028221026062965394,0.0006473628804087639,0.02705226093530655,46108.53103934771,0.038333453238010406,475327.65625,336940.84375
804000,1,0.00561,0.005850354830423954,0.42452433705329895,0.002820347435772419,0.0006411288864910603,0.01707950420677662,46108.55809161237,0.03833379969000816,474294.3125,337969.59375
806000,1,0.00561,0.005850354830423954,0.4263083040714264,0.002818869613111019,0.0006356060970574617,0.014138481579720974,46108.57517111844,0.038391441106796265,473322.3125,338938.3125
808000,1,0.00561,0.005850394566853823,0.4279939830303192,0.0028127726167440415,0.0006304300855845213,0.013111917302012444,46108.5893095935,0.038350917398929596,472403.875,339854.0
810000,1,0.00561,0.005850434303283691,0.4296078085899353,0.002824660576879978,0.0006359381601214408,0.012998834252357483,46108.60242150615,0.03839147463440895,471524.3125,340730.25
812000,1,0.00561,0.005850434303283691,0.43132317066192627,0.0027932146564126014,0.0006438919343054294,0.012667649425566196,46108.61542034226,0.0384087935090065,470582.59375,341656.15625
814000,1,0.00561,0.005850434303283691,0.43315401673316956,0.002813111245632172,0.0006693569011986256,0.012885196134448051,46108.62808799448,0.03835109621286392,469578.59375,342644.84375
816000,1,0.00561,0.005850474039713505,0.43526843190193176,0.002802082523703575,0.0006930382922291755,0.012767805717885494,46108.64097318596,0.03839153051376343,468413.5,343782.15625
818000,1,0.00561,0.005850513776143373,0.4377313256263733,0.002824476175010204,0.0007364001125097275,0.012375582940876484,46108.65374098795,0.038351014256477356,467052.9375,345104.03125
820000,1,0.00561,0.005850553512573242,0.44064757227897644,0.0028522124513983725,0.0007729675620794295,0.011900217272341251,46108.6661165681,0.03840881586074829,465438.40625,346665.625
822000,1,0.00561,0.005850553512573242,0.4439209997653961,0.002872535027563572,0.0007792806718498468,0.01149815320968628,46108.67801678537,0.038351066410541534,463628.78125,348420.375
824000,1,0.00561,0.005850553512573242,0.4472021460533142,0.002872074581682682,0.0007364498451352118,0.01102171465754509,46108.68951493672,0.03840877488255501,461829.28125,350190.375
826000,1,0.00561,0.005850513776143429,0.45020681619644165,0.002866186201572418,0.0006980082020163536,0.010573378764092922,46108.70053665231,0.03840901702642441,460189.65625,351818.46875
828000,1,0.00561,0.005850672721862793,0.4528955817222595,0.0028720317408442494,0.00068260352127254,0.010067068971693516,46108.711110032935,0.038408927619457245,458723.375,353277.21875
830000,1,0.00561,0.005850712458292662,0.455598384141922,0.0028875829651951786,0.0006990614347159863,0.009659363888204098,46108.72117710284,0.03835098817944527,457231.90625,354730.25
832000,1,0.00561,0.005850791931152344,0.4581623375415802,0.002877368777990341,0.0006695699878036975,0.009398318827152252,46108.73083646766,0.038408827036619186,455835.46875,356122.34375
834000,1,0.00561,0.005850831667582157,0.46057969331741333,0.0028732571750879287,0.0006901234388351441,0.009143040515482426,46108.74023478276,0.038441821932792664,454513.03125,357428.59375
836000,1,0.00561,0.005850712458292606,0.4629846513271332,0.0028449246659874917,0.0006572138518095016,0.009054786525666714,46108.749377823275,0.03840884566307068,453197.65625,358728.875
838000,1,0.00561,0.005850752194722475,0.465243935585022,0.0028440745547413824,0.0006466103717684744,0.00894212070852518,46108.758432605144,0.03840886056423187,451962.5,359950.59375
840000,1,0.00561,0.005850752194722475,0.46731260418891907,0.0028331840410828588,0.0006250163540244102,0.008858409710228443,46108.76737472399,0.03840886801481247,450836.5,361073.40625
842000,1,0.00561,0.005850752194722475,0.46916520595550537,0.002824440598487854,0.0006088318303227424,0.00868096575140953,46108.776233136494,0.038408804684877396,449831.1875,362081.96875
844000,1,0.00561,0.005850791931152344,0.4708388149738312,0.00281817764043808,0.0006008256692439318,0.008488226681947708,46108.78491410038,0.038350995630025864,448921.84375,362991.78125
846000,1,0.00561,0.005850791931152344,0.47239360213279724,0.0028148535639047623,0.0005976132582873106,0.008387083187699318,46108.79340232334,0.03835093975067139,448074.03125,363834.03125
848000,1,0.00561,0.005850791931152344,0.47389090061187744,0.002816258743405342,0.0005959565751254559,0.008266199380159378,46108.801789405596,0.03833353891968727,447251.0,364639.03125
850000,1,0.00561,0.005850791931152344,0.4753879904747009,0.0028148856014013285,0.0005968907848000526,0.008211715146899223,46108.81005560311,0.03833354637026787,446425.90625,365440.8125
852000,1,0.00561,0.005850791931152344,0.4768899381160736,0.0028260573744773865,0.0006035090889781713,0.008184622041881084,46108.81826731733,0.03835083916783333,445600.96875,366248.375
854000,1,0.00561,0.005850831667582157,0.4784488081932068,0.0028593562543392176,0.0006219149101525544,0.008209636434912682,46108.82645193844,0.03840886801481247,444741.75,367084.09375
856000,1,0.00561,0.005850851535797119,0.4803449809551239,0.0029151124879717824,0.000693240575492382,0.008322317153215408,46108.83466157301,0.03840865567326546,443672.0625,368077.0625
858000,1,0.00561,0.005850831667582157,0.48267504572868347,0.002884066477417946,0.0006898993626236916,0.00837279949337244,46108.84298388551,0.038408637046813965,442382.53125,369320.46875
860000,1,0.00561,0.005850831667582157,0.48508933186531067,0.002838744036853313,0.0006747385486960411,0.008313030004501343,46108.85135668314,0.03835096210241318,441060.0625,370621.09375
862000,1,0.00561,0.005851030349731445,0.4878641963005066,0.0029853876680135723,0.0008407812565565108,0.008193409070372581,46108.85966971314,0.03835088759660721,439495.21875,372072.65625
864000,1,0.00561,0.005850791931152344,0.4922037422657013,0.0029208514839410777,0.0008435796946287156,0.007662889547646046,46108.86786312035,0.03840886801481247,436994.65625,374287.46875
866000,1,0.00561,0.005850831667582157,0.4959506094455719,0.002904900722205639,0.0007006889674812555,0.00747973145917058,46108.87552600571,0.038408923894166946,435018.3125,376377.8125
868000,1,0.00561,0.005850831667582157,0.4990544319152832,0.002879173494875431,0.000636359304189682,0.007262496743351221,46108.88300573996,0.03840877488255501,433374.84375,378104.625
870000,1,0.00561,0.005850791931152344,0.5015391111373901,0.0028583860024809834,0.0006032229401171207,0.006906486582010984,46108.890268240895,0.03835104778409004,432056.53125,379485.65625
872000,1,0.00561,0.005850831667582157,0.5035207867622375,0.002842409536242485,0.0005807739682495594,0.00681885564699769,46108.89717472934,0.03840887174010277,431007.65625,380589.96875
874000,1,0.00561,0.005850871404012026,0.505219042301178,0.0028353452682495115,0.0005692219361662864,0.006827995181083679,46108.90399358266,0.038408756256103516,430094.15625,381521.8125
876000,1,0.00561,0.005850871404012026,0.5068843364715576,0.0028538424521684647,0.0005777058657258749,0.006711448077112436,46108.910821578305,0.038350868970155716,429176.125,382412.21875
878000,1,0.00561,0.005850871404012026,0.5087257623672485,0.0028075972571969033,0.0005814984440803527,0.006597843486815691,46108.91753302592,0.038403093814849854,428154.375,383390.03125
880000,1,0.00561,0.0058508316675822125,0.5103756189346313,0.002792715281248093,0.0005693390499800444,0.006552996579557657,46108.924130870335,0.03835100308060646,427269.40625,384297.40625
882000,1,0.00561,0.005850871404012026,0.5118662118911743,0.0027857439592480658,0.0005585262086242437,0.006491418927907944,46108.93068386552,0.038408853113651276,426465.71875,385113.125
884000,1,0.00561,0.005850871404012026,0.5132253170013428,0.002780918776988983,0.000549944257363677,0.006436021998524666,46108.937175283514,0.038408923894166946,425731.875,385856.0
886000,1,0.00561,0.005850871404012026,0.5144889950752258,0.002772547863423824,0.0005466484930366277,0.006396634504199028,46108.943611304116,0.03835098817944527,425046.4375,386543.5
888000,1,0.00561,0.005850871404012026,0.5157061815261841,0.0027674859389662737,0.0005472257267683745,0.006440473720431328,46108.95000794095,0.03835099935531616,424382.125,387201.03125
890000,1,0.00561,0.005850871404012026,0.5169242024421692,0.0027654016390442847,0.000551201868802309,0.0064327409490942955,46108.9564484156,0.038403283804655075,423713.8125,387855.875
892000,1,0.00561,0.005850871404012026,0.5181661248207092,0.002764386497437954,0.0005536277312785387,0.006403696723282337,46108.962881157015,0.03840882331132889,423032.09375,388522.5625
894000,1,0.00561,0.0058509111404418945,0.5194055438041687,0.0027661403641104695,0.0005538891535252332,0.006383182015269995,46108.96928485653,0.038351159542798996,422354.375,389190.8125
896000,1,0.00561,0.0058509111404418945,0.5206377506256104,0.0027794385328888892,0.0005588896572589874,0.00638386607170105,46108.97566803855,0.03840891271829605,421679.15625,389854.09375
898000,1,0.00561,0.005851089954376221,0.5219544172286987,0.002988574467599392,0.0006746258586645126,0.0063803531229496,46108.98205190229,0.03840872645378113,420938.0,390540.0625
900000,1,0.00561,0.0058509906133015765,0.5240458250045776,0.0029325846582651137,0.0007613384630531072,0.006488098297268152,46108.98843225448,0.03840865567326546,419697.59375,391558.71875
902000,1,0.00561,0.005850950876871708,0.526458203792572,0.0028701523318886758,0.0006753186695277691,0.006619708146899939,46108.99492035557,0.03844170272350311,418378.46875,392856.21875
904000,1,0.00561,0.0058509111404418945,0.5287187695503235,0.002827625349164009,0.0006216356996446848,0.006700382102280855,46109.001540063255,0.03840897977352142,417166.3125,394099.375
906000,1,0.00561,0.005850950876871708,0.5307818651199341,0.002804999239742756,0.0005992036778479815,0.006719133350998163,46109.008240444426,0.038408756256103516,416056.3125,395230.0
908000,1,0.00561,0.005850950876871708,0.5326891541481018,0.002795205637812614,0.0005847556982189417,0.0066123465076088905,46109.01495957452,0.03840881213545799,415025.90625,396270.5625
910000,1,0.00561,0.005850950876871708,0.5344549417495728,0.0027904793620109557,0.0005703761707991362,0.0064436038956046104,46109.02157192335,0.03835103288292885,414072.09375,397234.46875
912000,1,0.00561,0.0058509906133015765,0.5361136794090271,0.0027962947264313694,0.000569671019911766,0.006332327611744404,46109.02801553051,0.03840865567326546,413171.25,398133.90625
914000,1,0.00561,0.005851030349731445,0.5377641916275024,0.0028126798570156097,0.0005780770909041166,0.006272690370678902,46109.03434785672,0.03840876370668411,412263.40625,399016.5
916000,1,0.00561,0.005851030349731445,0.5393921732902527,0.0028164053335785868,0.000566986110061407,0.0062003713101148605,46109.04062054849,0.03844180330634117,411378.53125,399898.28125
918000,1,0.00561,0.0058509906133015765,0.540917158126831,0.002812932059168816,0.0005549301858991385,0.006166078150272369,46109.04682092306,0.03840890899300575,410556.75,400732.625
920000,1,0.00561,0.0058509906133015765,0.5423175692558289,0.0028091635555028915,0.000543923769146204,0.006139263976365328,46109.05298699935,0.03840872272849083,409803.1875,401500.59375
922000,1,0.00561,0.0058509906133015765,0.5436031818389893,0.0028041897341609,0.0005368262995034456,0.006107873283326626,46109.0591262596,0.0384090282022953,409110.4375,402204.75
924000,1,0.00561,0.0058509906133015765,0.5447909832000732,0.0027959953993558885,0.00052953134290874,0.006108833011239767,46109.06523413242,0.03840876370668411,408469.0625,402853.625
926000,1,0.00561,0.0058509906133015765,0.5458894371986389,0.0027872389182448387,0.0005233854986727238,0.006152815651148558,46109.071342966825,0.03835097700357437,407876.34375,403454.5625
928000,1,0.00561,0.0058509906133015765,0.5469009876251221,0.0027781177312135694,0.0005199421662837266,0.006156018935143948,46109.07749578341,0.0383509062230587,407331.6875,404008.6875
930000,1,0.00561,0.0058510700861612586,0.5478290915489197,0.002771826274693012,0.0005180682986974716,0.00613016402348876,46109.08365180467,0.038408730179071426,406831.03125,404516.65625
932000,1,0.00561,0.0058510700861612586,0.5486869215965271,0.0027674270793795587,0.0005177068058401346,0.006151042878627777,46109.0897819673,0.038350898772478104,406368.0625,404985.71875
934000,1,0.00561,0.005851149559020996,0.5494844913482666,0.0027656681835651394,0.0005111759528517723,0.006151800509542227,46109.095933010176,0.038441482931375504,405935.71875,405419.71875
936000,1,0.00561,0.005851189295450809,0.5502409934997559,0.002761779353022575,0.0005093716550618409,0.006232446990907192,46109.102084813945,0.03840891644358635,405524.71875,405830.4375
938000,1,0.00561,0.005851149559020996,0.5509572625160217,0.002760390937328339,0.0005084747448563576,0.006194388028234243,46109.10831726373,0.03835093230009079,405135.3125,406218.90625
940000,1,0.00561,0.005851149559020996,0.5516373515129089,0.00275838878005743,0.0005078541580587626,0.006278172601014376,46109.11451165362,0.038408659398555756,404766.21875,406588.15625
942000,1,0.00561,0.005851189295450809,0.5522860288619995,0.002756761386990547,0.0005074965301901102,0.006269046571105719,46109.120789825756,0.03839166834950447,404413.8125,406939.78125
944000,1,0.00561,0.005851149559020996,0.552909255027771,0.00275836568325758,0.0005075113847851753,0.006260069087147713,46109.12705887,0.038383714854717255,404074.8125,407277.1875
946000,1,0.00561,0.005851149559020996,0.5535165071487427,0.002763516455888748,0.000507377926260233,0.006251751910895109,46109.13331894095,0.03833337500691414,403743.8125,407604.5
948000,1,0.00561,0.005851229031880678,0.5541353821754456,0.002813168242573738,0.0005135716404765844,0.00624035345390439,46109.13957069379,0.038304366171360016,403398.09375,407925.75
950000,1,0.00561,0.005850791931152344,0.5549100637435913,0.0027592120692133903,0.0005216815508902073,0.006190974730998278,46109.14581104631,0.038304347544908524,402956.84375,408305.375
952000,1,0.00561,0.005850632985432924,0.5556302666664124,0.0027548387646675106,0.000522076291963458,0.0061542498879134655,46109.15200202058,0.038333531469106674,402562.59375,408689.28125
954000,1,0.00561,0.005850632985432924,0.5563251376152039,0.002751372754573822,0.0005248840432614088,0.006126997992396355,46109.15815627093,0.03830451890826225,402182.375,409062.0625
956000,1,0.00561,0.005850632985432924,0.5570101737976074,0.002749834023416042,0.0005247568245977163,0.006119771860539913,46109.16428327079,0.03833352401852608,401805.53125,409427.78125
958000,1,0.00561,0.005850791931152344,0.5577029585838318,0.002750454656779766,0.0005235403310507536,0.006107194349169731,46109.17040304358,0.03830443322658539,401421.0,409795.125
960000,1,0.00561,0.0058509906133015765,0.5584203600883484,0.0027585100382566453,0.0005229644011706114,0.006087079644203186,46109.17651024072,0.038304317742586136,401016.46875,410171.3125
962000,1,0.00561,0.005851109822591127,0.5591544508934021,0.0027691874653100967,0.000522365141659975,0.006106226239353418,46109.182597322695,0.0383036844432354,400601.625,410557.6875
964000,1,0.00561,0.005851189295450809,0.5599117279052734,0.002778813987970352,0.0005191816482692956,0.006118116434663534,46109.188703548,0.038304299116134644,400176.96875,410958.375
966000,1,0.00561,0.005851149559020996,0.5606980323791504,0.0027871061116456985,0.0005193299613893033,0.006120210979133844,46109.194821662575,0.03830370306968689,399735.625,411372.28125
968000,1,0.00561,0.005851149559020996,0.5615123510360718,0.0028009317815303803,0.0005211177282035351,0.006095461547374725,46109.200941874486,0.03830355033278465,399278.21875,411799.40625
970000,1,0.00561,0.005851189295450809,0.5623524188995361,0.002817854285240173,0.0005233415868133307,0.006089233793318272,46109.207037333705,0.03830373287200928,398806.4375,412240.59375
972000,1,0.00561,0.005851268768310547,0.5632108449935913,0.0028361827135086055,0.0005254578310996294,0.006066908594220877,46109.21312656796,0.03830369561910629,398324.46875,412693.0
974000,1,0.00561,0.005851268768310547,0.5640850067138672,0.0028531705960631367,0.000527722854167223,0.006039965432137251,46109.21919347749,0.03830365091562271,397834.28125,413156.3125
976000,1,0.00561,0.005851109822591127,0.5649619698524475,0.002865510061383247,0.0005267253145575523,0.0060083698481321335,46109.22523344059,0.03829290345311165,397346.40625,413628.03125
978000,1,0.00561,0.005851109822591127,0.5658105611801147,0.0028737172484397883,0.0005206007976084947,0.005986080504953861,46109.23124181044,0.038292840123176575,396882.03125,414096.0625
980000,1,0.00561,0.005851189295450809,0.5666024088859558,0.0028772223740816116,0.0005127189680933952,0.005966216791421175,46109.23722789141,0.03829298913478851,396454.84375,414542.8125
982000,1,0.00561,0.005851189295450809,0.5673238039016724,0.0028782028704881666,0.0005061329808086156,0.005954650696367025,46109.24319410727,0.038292769342660904,396068.34375,414955.0625
984000,1,0.00561,0.00585130850474036,0.5679743885993958,0.0028815085068345067,0.0005006907042115927,0.005952311679720879,46109.2491487575,0.03829275444149971,395721.46875,415329.75
986000,1,0.00561,0.00585130850474036,0.5685443878173828,0.002884109504520893,0.000497557083144784,0.005959455389529467,46109.25510107058,0.03828033059835434,395418.84375,415662.34375
988000,1,0.00561,0.0058515071868896484,0.5690507888793945,0.002886473201215267,0.0004955735988914966,0.005976381711661816,46109.26106052271,0.03829300403594971,395150.875,415959.15625
990000,1,0.00561,0.005851546923319462,0.5695127248764038,0.002888387814164162,0.0004898158833384513,0.005985933821648359,46109.267036903955,0.03827632963657379,394905.5,416228.71875
992000,1,0.00421,0.004451950391133608,0.574020266532898,0.002856984920799732,0.0006192171480506658,0.005849690176546574,46109.27302283824,0.03838714212179184,391054.90625,417714.71875
994000,1,0.00421,0.004452327887217222,0.5768877863883972,0.0028414111584424973,0.0006040113512426615,0.005750468000769615,46109.27887252749,0.038370657712221146,389516.6875,419302.84375
996000,1,0.00421,0.004452327887217222,0.5794894099235535,0.0028358392417430875,0.0005946153774857521,0.005547618493437767,46109.28462299549,0.03837067261338234,388124.46875,420749.25
998000,1,0.00421,0.004452407360076904,0.5819883346557617,0.002821955271065235,0.0006019813474267722,0.005415721330791712,46109.29017061119,0.038357269018888474,386783.3125,422131.6875
1000000,1,0.00421,0.004452447096506773,0.5844521522521973,0.0027876479551196096,0.0005931072402745485,0.005326919723302126,46109.29558633159,0.03834239020943642,385454.59375,423484.09375
1002000,1,0.00421,0.004452526569366455,0.5869333744049072,0.002786111831665039,0.0006184476893395186,0.0052772159688174725,46109.30091324805,0.038317106664180756,384113.6875,424840.46875
1004000,1,0.00421,0.004452606042226193,0.5893942713737488,0.0027877913787961004,0.0006096856202930212,0.00514404708519578,46109.30619046728,0.038317035883665085,382781.0625,426180.46875
1006000,1,0.00421,0.004452606042226193,0.5917060971260071,0.002798648364841938,0.0005996984895318746,0.005040014628320932,46109.3113345125,0.03824187442660332,381528.0625,427436.3125
1008000,1,0.00421,0.004452526569366455,0.5940014123916626,0.002811269462108612,0.0006049754098057746,0.004923136904835701,46109.316374526665,0.0382290817797184,380270.6875,428663.625
1010000,1,0.00421,0.004452645778656006,0.5964303016662598,0.002857745625078678,0.0006299595814198255,0.004841764457523823,46109.321297663104,0.038229137659072876,378926.3125,429939.09375
1012000,1,0.00421,0.004452645778656006,0.5990446209907532,0.0028274247422814367,0.0006235033739358187,0.004791209474205971,46109.326139430355,0.03822915628552437,377481.0625,431310.90625
1014000,1,0.00421,0.004452685515085875,0.6016586422920227,0.0028171690180897714,0.0006169283296912909,0.004766220226883888,46109.33093063797,0.03822925686836243,376053.65625,432706.65625
1016000,1,0.00421,0.004452645778656006,0.6042236089706421,0.00280336644500494,0.0006095497868955135,0.00470758369192481,46109.3356968568,0.03795981407165527,374660.4375,434086.25
1018000,1,0.00421,0.004452685515085875,0.6067742705345154,0.0029366685077548025,0.0006411490961909294,0.004686426371335983,46109.34040443956,0.0377693846821785,373276.6875,435459.40625
1020000,1,0.00421,0.0044526656468709125,0.6099996566772461,0.0028308514505624768,0.0007038261741399764,0.004635585471987724,46109.34509086546,0.037770286202430725,371499.40625,437146.875
1022000,1,0.00421,0.004452645778656006,0.6132793426513672,0.0028522431850433352,0.0006785836536437273,0.004536221735179424,46109.349726450935,0.037730079144239426,369712.75,438898.40625
1024000,1,0.00421,0.004452685515085875,0.6164822578430176,0.002913055196404457,0.0006866335403174161,0.004477035254240036,46109.35426267174,0.03773486241698265,367958.59375,440596.65625
1026000,1,0.00421,0.004452685515085875,0.6197935938835144,0.0029226040467619898,0.0007138845045119523,0.004420971032232046,46109.35873970839,0.037730079144239426,366131.125,442326.96875
1028000,1,0.00421,0.004452685515085875,0.6233260631561279,0.0029950272291898727,0.000718139624223113,0.004477555863559246,46109.36316067663,0.03778207302093506,364189.0,444171.0625
1030000,1,0.00421,0.004452447096506773,0.6273915767669678,0.002962680533528328,0.0007499522063881159,0.0043746111914515495,46109.36763823389,0.037839531898498535,361914.96875,446196.0
1032000,1,0.00421,0.004452407360076904,0.6317902207374573,0.0029650991782546043,0.0007441149093210697,0.004350331146270037,46109.37201284601,0.03783974424004555,359497.3125,448485.21875
1034000,1,0.00421,0.004452367623647091,0.6363988518714905,0.0029870292171835897,0.0007659815717488527,0.0042834170162677765,46109.376363177624,0.03786316141486168,356964.28125,450883.46875
1036000,1,0.00421,0.004452268282572447,0.6419044733047485,0.003147638216614723,0.0009273732081055641,0.0041894870810210705,46109.38064659371,0.038045261055231094,353842.40625,453574.53125
1038000,1,0.00421,0.004452625910441099,0.6483662128448486,0.003382527083158493,0.0011810505762696265,0.004166402388364077,46109.38483608172,0.04399359971284866,350258.0625,456806.78125
1040000,1,0.00421,0.004451831181844057,0.654831051826477,0.0029848083853721615,0.0007848658598959445,0.004246384836733341,46109.38900248411,0.03838707134127617,346811.25,460325.15625
1042000,1,0.00421,0.0044519901275634766,0.6601971387863159,0.0029030172154307365,0.0006920229643583298,0.004247382283210754,46109.393248868015,0.03838720917701721,343972.21875,463361.875
1044000,1,0.00421,0.004451831181844057,0.6653268337249756,0.002935207262635231,0.0007515078876167535,0.004194074776023626,46109.39749624983,0.03838732838630676,341169.5625,466079.8125
1046000,1,0.00421,0.004452069600423159,0.6695680618286133,0.0028465241193771362,0.0005831131245940923,0.004098987672477961,46109.40169032368,0.038358986377716064,339000.59375,468637.46875
1048000,1,0.00421,0.004452268282572391,0.6730287075042725,0.0028347989544272425,0.00055979466997087,0.004094357136636972,46109.40578931135,0.03831716626882553,337173.6875,470639.4375
1050000,1,0.00421,0.0044522881507873535,0.6764218807220459,0.002852152660489082,0.0005611191038042306,0.003993402700871229,46109.40988366895,0.038317203521728516,335347.5,472495.28125
1052000,1,0.00421,0.004452268282572391,0.6798005104064941,0.002805160731077194,0.0005522859748452902,0.0039040613919496536,46109.41387707165,0.038045257329940796,333526.25,474333.09375
1054000,1,0.00421,0.004452268282572391,0.6827999949455261,0.00281344261020422,0.00051993103697896,0.0038609059993177652,46109.41778113328,0.037790607661008835,331924.9375,476009.15625
1056000,1,0.00421,0.004452447096506773,0.6854561567306519,0.002813952974975109,0.000499192625284195,0.0038246549665927887,46109.421642039975,0.03776948153972626,330510.375,477507.34375
1058000,1,0.00421,0.004452546437581362,0.6879463791847229,0.0028577804565429687,0.0005210066214203834,0.0037565818056464195,46109.425466695175,0.037701018154621124,329175.78125,478893.5
1060000,1,0.00421,0.004452645778656006,0.6904631853103638,0.002808000147342682,0.00051024598069489,0.003690792014822364,46109.42922327721,0.037704773247241974,327820.25,480272.84375
1062000,1,0.00421,0.004452685515085875,0.6928350925445557,0.002771232277154922,0.0004975107498466968,0.003640210721641779,46109.43291406923,0.03770492225885391,326543.40625,481574.28125
1064000,1,0.00421,0.004452764987945557,0.6950240135192871,0.002739192917943001,0.0004911453928798437,0.0035839914344251156,46109.43655428065,0.03770657628774643,325366.65625,482778.5625
1066000,1,0.00421,0.004452764987945557,0.6970406174659729,0.002713983319699764,0.00046827341429889197,0.003556315554305911,46109.44013827185,0.03770178556442261,324282.65625,483888.59375
1068000,1,0.00421,0.004452804724375425,0.6989165544509888,0.0026930468156933784,0.0004492886830121278,0.0035247826017439365,46109.44369458927,0.037705712020397186,323273.21875,484919.28125
1070000,1,0.00421,0.004452764987945557,0.7006837725639343,0.00267934650182724,0.00043925102800130845,0.0034950522240251303,46109.44721936977,0.037638891488313675,322321.125,485887.21875
1072000,1,0.00421,0.004452824592590332,0.7023670077323914,0.0026665123179554938,0.0004335714038461447,0.0034717191010713577,46109.45071442363,0.037638694047927856,321413.3125,486805.625
1074000,1,0.00421,0.004452824592590332,0.7039794325828552,0.002660878375172615,0.0004311242140829563,0.0034464725758880377,46109.45418614226,0.0376427136361599,320542.8125,487682.3125
1076000,1,0.00421,0.004452824592590332,0.7055259346961975,0.0026606919243931768,0.0004313105717301369,0.003421175992116332,46109.457632615304,0.03763795644044876,319707.375,488521.46875
1078000,1,0.00421,0.004452864329020145,0.707019567489624,0.002663416787981987,0.00042656878940761084,0.0034013709519058466,46109.461053790365,0.03763880580663681,318898.9375,489326.78125
1080000,1,0.00421,0.004452864329020145,0.7084972262382507,0.002670089900493622,0.0004219655878841877,0.0033869529142975807,46109.46445516155,0.03763800486922264,318096.5625,490113.46875
1082000,1,0.00421,0.004452824592590332,0.7100180387496948,0.002672017551958561,0.00041854246519505977,0.0033646710216999054,46109.46784211516,0.037638116627931595,317265.9375,490909.71875
1084000,1,0.00421,0.0044527451197305945,0.7116103768348694,0.002719961665570736,0.0004340886604040861,0.0033367914147675037,46109.47120678572,0.03778129443526268,316392.65625,491737.71875
1086000,1,0.00421,0.00445274511973065,0.713421642780304,0.0029606811702251436,0.0005586404353380203,0.0033105723559856415,46109.4745435776,0.03788381442427635,315386.09375,492637.1875
1088000,1,0.00421,0.004452606042226193,0.7160926461219788,0.0027436463162302973,0.0005314870737493037,0.0033099381253123283,46109.477854150886,0.0378839410841465,313888.46875,493882.03125
1090000,1,0.00421,0.004452407360076904,0.7191368937492371,0.002746494300663471,0.0005516945850104094,0.0032735983841121197,46109.481164087614,0.037901055067777634,312202.71875,495379.46875
1092000,1,0.00421,0.00445224841435754,0.7226464152336121,0.0027976313605904577,0.0005947298370301724,0.0032268816139549017,46109.48443768553,0.037917617708444595,310257.375,497103.0
1094000,1,0.00421,0.00445224841435754,0.726843535900116,0.0028634414076805113,0.0006657714024186134,0.0031783401500433683,46109.48766456808,0.03794672712683678,307920.78125,499124.0
1096000,1,0.00421,0.004452268282572391,0.7315886616706848,0.0028767285868525503,0.0006759594660252332,0.003123208414763212,46109.49084290916,0.037946783006191254,305311.3125,501499.1875
1098000,1,0.00421,0.004452705383300781,0.7357268333435059,0.0028879402205348017,0.000598980626091361,0.0030980058945715427,46109.49396611734,0.03791765868663788,303118.15625,503861.0
1100000,1,0.00421,0.004453043142954527,0.7394073605537415,0.002910955622792244,0.000559863867238164,0.0030869953334331512,46109.49706412347,0.03791781887412071,301158.6875,505954.90625
1102000,1,0.00421,0.004453301429748535,0.7425808310508728,0.0029534505680203437,0.0005222123116254806,0.0030759635847061872,46109.50015111764,0.03790032118558884,299480.5,507805.59375
1104000,1,0.00421,0.004453539848327637,0.7452134490013123,0.002970153465867042,0.0004851708188652992,0.003074006410315633,46109.50322708076,0.037883929908275604,298094.5625,509373.25
1106000,1,0.00421,0.004453937212626102,0.7474758625030518,0.0029780153185129167,0.00046958099119365215,0.003070039674639702,46109.506301086236,0.03785867244005203,296897.625,510703.21875
1108000,1,0.00421,0.004454076290130615,0.7495764493942261,0.0030486315488815305,0.00048097358085215093,0.003055431181564927,46109.50937112475,0.03783503919839859,295774.25,511893.0625
1110000,1,0.00421,0.004454116026560484,0.7520020008087158,0.003070605359971523,0.00054077859967947,0.003020692151039839,46109.512426554764,0.037858642637729645,294445.5,513151.09375
1112000,1,0.00421,0.004454155762990353,0.7545205354690552,0.0030149225145578384,0.0005236181896179914,0.0030170974787324667,46109.51544724575,0.03783499449491501,293083.1875,514499.96875
1114000,1,0.00421,0.004454195499420166,0.7569652199745178,0.002984428033232689,0.0005160490050911904,0.0030074710957705975,46109.518464343,0.03783506155014038,291761.875,515816.0625
1116000,1,0.00421,0.004454195499420166,0.7593726515769958,0.0029685536399483682,0.0005184988025575876,0.0029885289259254932,46109.52147181386,0.037835054099559784,290459.5625,517108.4375
1118000,1,0.00421,0.0044542749722799035,0.7617959976196289,0.002992650121450424,0.0005228623747825622,0.002970024012029171,46109.524460342785,0.037835147231817245,289144.8125,518394.96875
1120000,1,0.00421,0.004454116026560484,0.7643601298332214,0.00297809187322855,0.0005258827935904264,0.002942410996183753,46109.52743036726,0.037858862429857254,287744.9375,519718.09375
1122000,1,0.00421,0.004454076290130615,0.7670484781265259,0.0029657943174242972,0.0005259390920400619,0.0029096577782183886,46109.53037277733,0.03785869851708412,286282.125,521117.34375
1124000,1,0.00421,0.004453996817270933,0.7698099613189697,0.002935723215341568,0.0005264870356768369,0.002880012383684516,46109.533282435805,0.037858787924051285,284782.3125,522568.53125
1126000,1,0.00421,0.00445401668548584,0.772635281085968,0.0029414834454655646,0.0005415457766503095,0.0028523365035653114,46109.53616244819,0.037858761847019196,283248.0625,524053.75
1128000,1,0.00421,0.004453976949055971,0.7755837440490723,0.0029772378504276274,0.0005489839240908623,0.002820802852511406,46109.53901478539,0.03788384050130844,281646.25,525600.3125
1130000,1,0.00421,0.0044539570808410645,0.7784604430198669,0.0030042486265301704,0.0005348904058337211,0.0027951528318226337,46109.541835589174,0.037858765572309494,280091.40625,527139.1875
1132000,1,0.00421,0.004453976949055971,0.7812936902046204,0.0030592251569032665,0.0005398201756179333,0.002774767577648163,46109.54463074177,0.037858787924051285,278557.90625,528649.5
1134000,1,0.00421,0.0044539570808410645,0.7841935157775879,0.003048923052847385,0.0005379854701459408,0.0027547073550522327,46109.54740550842,0.03785865753889084,276984.96875,530178.875
1136000,1,0.00421,0.004453837871551514,0.7869816422462463,0.0030290501192212107,0.0005127559415996075,0.0027444155421108007,46109.550160215775,0.037858664989471436,275481.5625,531683.375
1138000,1,0.00421,0.004453837871551514,0.7896410822868347,0.00301755927503109,0.0004988732282072306,0.0027410928159952164,46109.552904631084,0.03785872459411621,274047.5625,533123.25
1140000,1,0.00421,0.004453837871551514,0.7922382354736328,0.003017701208591461,0.000496793258935213,0.0027386185247451067,46109.55564572413,0.03785872459411621,272644.5,534520.3125
1142000,1,0.00421,0.004453778266906738,0.7948538661003113,0.003001860901713371,0.0005028175190091133,0.002732424531131983,46109.55838434219,0.037858765572309494,271228.0,535911.75
1144000,1,0.00421,0.004453837871551514,0.7974499464035034,0.002985325455665588,0.0005005097482353449,0.002724527847021818,46109.56111676789,0.03783516213297844,269824.375,537300.0
1146000,1,0.00421,0.004453837871551514,0.7999927997589111,0.0029964685440063473,0.0005013399291783571,0.0027156539727002382,46109.563841295734,0.03783508390188217,268450.65625,538663.9375
1148000,1,0.00421,0.00445385773976642,0.8026419281959534,0.0030557418242096904,0.0005408361088484525,0.0026991611812263727,46109.56655694901,0.03785880282521248,267008.5,540037.1875
1150000,1,0.00421,0.00445385773976642,0.805547833442688,0.0030576014891266824,0.0005506586749106646,0.002671702764928341,46109.56925611042,0.03785880655050278,265425.03125,541525.5625
1152000,1,0.00421,0.0044537385304768695,0.8084120154380798,0.003069718740880489,0.0005366418045014143,0.0026510311290621758,46109.57192781342,0.03785843402147293,263876.84375,543045.0625
1154000,1,0.00421,0.004453758398691832,0.8111751675605774,0.003082619607448578,0.0005202394910156727,0.002638142090290785,46109.57457884385,0.0378587543964386,262387.3125,544533.1875
1156000,1,0.00421,0.004453698794047056,0.8139438033103943,0.003114376589655876,0.000530162313953042,0.002627359936013818,46109.57721698687,0.03785870969295502,260888.3125,545996.875
1158000,1,0.00421,0.004453758398691832,0.8166730403900146,0.003084973245859146,0.0005195982288569212,0.0026195142418146133,46109.579844347274,0.037858687341213226,259416.265625,547461.6875
1160000,1,0.00421,0.0044537385304768695,0.8195928335189819,0.0031033074483275414,0.000567734008654952,0.002606557682156563,46109.58246386198,0.03785868361592293,257822.71875,548944.125
1162000,1,0.00421,0.0044537385304768695,0.8226133584976196,0.003098289854824543,0.0005606980994343758,0.0025907205417752266,46109.585070417335,0.03785872831940651,256187.09375,550525.8125
1164000,1,0.00421,0.0044537385304768695,0.8257997632026672,0.0031483031809329985,0.0006031496450304985,0.002573980949819088,46109.58766113718,0.03788377344608307,254453.703125,552154.0
1166000,1,0.00421,0.004453599452972412,0.8295970559120178,0.0032208435237407683,0.0007148155476897955,0.002543139271438122,46109.59023511906,0.03788391500711441,252366.546875,553972.625
1168000,1,0.00421,0.004453400770823179,0.833690881729126,0.003301676362752914,0.0007089913822710514,0.002512318780645728,46109.59277825833,0.03788376599550247,250140.84375,556034.4375
1170000,1,0.00421,0.0044533610343933105,0.8376113772392273,0.0033133137971162793,0.0006583753507584333,0.0024965417105704546,46109.59529057595,0.03788384795188904,248031.359375,558130.875
1172000,1,0.00421,0.004453261693318722,0.8408790230751038,0.0032996430993080137,0.0005034494679421186,0.002498890971764922,46109.597787118124,0.037884071469306946,246307.515625,560075.875
1174000,1,0.00421,0.004453539848327637,0.8432021141052246,0.0032420966774225233,0.0004225572571158409,0.0025242818519473076,46109.60028600956,0.03785858303308487,245100.234375,561600.4375
1176000,1,0.00421,0.0044537385304768695,0.8450732231140137,0.003216903656721115,0.00039423676207661623,0.0025494566652923822,46109.60281029258,0.037835072726011276,244113.984375,562778.625
1178000,1,0.00421,0.004453897476196289,0.8466787934303284,0.0032039832323789595,0.0003664045827463269,0.0025671683251857758,46109.60535974878,0.037793878465890884,243259.953125,563750.5625
1180000,1,0.00421,0.004453937212626158,0.8480934500694275,0.0032034169882535937,0.00035388735122978684,0.002579079009592533,46109.607926917335,0.037781257182359695,242503.671875,564588.875
1182000,1,0.00421,0.004454096158345522,0.8493589162826538,0.0031948082149028775,0.0003515287535265088,0.0025885647628456354,46109.61050599495,0.03778132423758507,241825.671875,565329.4375
1184000,1,0.00421,0.004454215367635073,0.8505087494850159,0.0032021928578615188,0.0003344833618029952,0.00259733316488564,46109.613094559245,0.03778145834803581,241208.0625,565994.1875
1186000,1,0.00421,0.004454294840494755,0.8515943884849548,0.003202944248914719,0.0003313949797302484,0.002604462904855609,46109.615691893574,0.0377468504011631,240622.015625,566605.625
1188000,1,0.00421,0.0044544140497843054,0.8526691794395447,0.0032000318169593807,0.0003325544996187091,0.002607565838843584,46109.61829635648,0.037747573107481,240040.359375,567192.6875
1190000,1,0.00421,0.004454572995503725,0.8536807298660278,0.003203724697232246,0.0003311314852908254,0.002609401475638151,46109.62090392255,0.03773023560643196,239495.046875,567758.6875
1192000,1,0.00421,0.004454652468363407,0.8546136021614075,0.003207885846495628,0.0003306762780994177,0.0026112317573279142,46109.62351332286,0.03773021697998047,238993.21875,568285.375
1194000,1,0.00421,0.004454692204793276,0.8555140495300293,0.003224603831768036,0.0003318975446745753,0.0026132408529520035,46109.62612455485,0.037764761596918106,238507.296875,568782.5625
1196000,1,0.00421,0.004454771677652958,0.8564559817314148,0.0032187886536121364,0.0003315929090604186,0.0026139719411730766,46109.628737794774,0.037764810025691986,237996.3125,569273.0625
1198000,1,0.00421,0.004454851150512695,0.8574984669685364,0.003218294307589531,0.0003336938796564936,0.0026110471226274967,46109.631351766715,0.03778126463294029,237428.515625,569794.3125
1200000,1,0.00421,0.004454851150512695,0.8585959672927856,0.003233951702713966,0.00033549966756254437,0.002605695743113756,46109.6339628143,0.03778133913874626,236831.78125,570358.375
1202000,1,0.00421,0.004454970359802246,0.859695553779602,0.0032574620097875592,0.0003355134278535843,0.0026009329594671726,46109.636568509115,0.03778115287423134,236234.8125,570942.625
1204000,1,0.00421,0.004455089569091797,0.8608115315437317,0.0032857704907655713,0.00033838937524706126,0.002597156912088394,46109.63916944254,0.03778129070997238,235628.28125,571531.4375
1206000,1,0.00421,0.00445512930552161,0.8619534969329834,0.003292281925678253,0.0003401312278583646,0.0025943301152437925,46109.641766599685,0.03778133541345596,235007.671875,572136.0
1208000,1,0.00421,0.0044554074605305805,0.8629940152168274,0.0033109623938798903,0.00032460419461131094,0.0025947026442736387,46109.644360928636,0.03778137266635895,234444.515625,572729.75
1210000,1,0.00421,0.0044558048248291016,0.8639010787010193,0.003327725827693939,0.0003185410285368562,0.00259859929792583,46109.64695563151,0.037747543305158615,233954.625,573269.1875
1212000,1,0.00421,0.004456281661987305,0.8647080063819885,0.0033361855894327164,0.00032268033828586335,0.0026038961950689554,46109.64955423244,0.03773016482591629,233519.4375,573747.625
1214000,1,0.00421,0.0044565598169962195,0.8654439449310303,0.0033433452248573304,0.0003268466331064701,0.0026090871542692184,46109.6521581284,0.03771386295557022,233121.9375,574175.8125
1216000,1,0.00421,0.004456599553426088,0.8661465048789978,0.0033468153327703472,0.00031931500416249037,0.0026130874175578356,46109.654767214626,0.03771388530731201,232741.734375,574570.4375
1218000,1,0.00421,0.004456758499145508,0.8668230772018433,0.003350197896361351,0.00031687929295003413,0.002616267651319504,46109.657380300414,0.03771369531750679,232374.640625,574946.625
1220000,1,0.00421,0.004457076390584291,0.867465615272522,0.003354167565703392,0.0003141963854432106,0.0026186956092715263,46109.659996567134,0.0377129428088665,232024.828125,575309.875
1222000,1,0.00421,0.004457235336303711,0.8680838346481323,0.0033532071858644484,0.00030945092439651486,0.0026194739621132612,46109.662615262976,0.03771304711699486,231687.390625,575659.8125
1224000,1,0.00421,0.004457394282023075,0.8686848878860474,0.003360095992684364,0.00030725228134542704,0.0026187815237790346,46109.66523473647,0.03769638389348984,231358.328125,575996.4375
1226000,1,0.00421,0.004457394282023075,0.8692948222160339,0.003371111676096916,0.0003085858654230833,0.002616286976262927,46109.66785351683,0.03769640251994133,231023.921875,576325.1875
1228000,1,0.00421,0.004457592964172363,0.8699329495429993,0.00334433950483799,0.00030656845774501557,0.002612526062875986,46109.67046980474,0.03769654408097267,230674.703125,576660.75
1230000,1,0.00421,0.0044575532277424945,0.8705618977546692,0.0033331077545881273,0.0003051298903301358,0.0026092135813087225,46109.67308233243,0.03769637271761894,230333.15625,577001.1875
1232000,1,0.00421,0.004457672437032045,0.8711806535720825,0.003334847465157509,0.0003047807840630412,0.0026065949350595474,46109.67569154718,0.03769635781645775,229998.328125,577340.0625
1234000,1,0.00421,0.004457672437032045,0.8717759251594543,0.003341531381011009,0.00030466895550489425,0.0026039404328912497,46109.67829814211,0.037696339190006256,229675.765625,577664.4375
1236000,1,0.00421,0.004457672437032045,0.8723664283752441,0.0033523619174957273,0.0003052811371162534,0.0026018081698566675,46109.680902081614,0.03769640997052193,229356.234375,577985.125
1238000,1,0.00421,0.004457672437032045,0.8729673027992249,0.0033653050661087034,0.0003063945798203349,0.002599102444946766,46109.68350388839,0.03769633173942566,229030.21875,578307.25
1240000,1,0.00421,0.004457751909891727,0.8735799193382263,0.0033798802644014357,0.00030846307054162027,0.002597222803160548,46109.686102989435,0.037696320563554764,228697.6875,578630.25
1242000,1,0.00421,0.004457831382751465,0.8742102980613708,0.003357776626944542,0.0003069325815886259,0.002597160404548049,46109.68870021247,0.03769633173942566,228355.96875,578960.0
1244000,1,0.00421,0.004457910855611147,0.8748290538787842,0.0033466033637523647,0.0003053814871236682,0.0025977015029639006,46109.69129737218,0.03769636154174805,228020.5625,579287.6875
1246000,1,0.00421,0.004457831382751465,0.8754313588142395,0.003338247165083885,0.00030288118869066234,0.002599200699478388,46109.69389507391,0.037696473300457,227695.015625,579614.375
1248000,1,0.00421,0.004457831382751465,0.8760274052619934,0.003343598544597626,0.00030110799707472324,0.0026013278402388096,46109.696494273914,0.037696484476327896,227372.6875,579942.6875
1250000,1,0.00421,0.004457910855611147,0.8765923380851746,0.00334831103682518,0.0002993366215378046,0.002603054279461503,46109.69909560222,0.03769645094871521,227067.65625,580254.1875
1252000,1,0.00421,0.004457831382751465,0.8771469593048096,0.0033672366291284564,0.0002989578992128372,0.002604533452540636,46109.701698656965,0.03769639879465103,226767.84375,580561.9375
1254000,1,0.00421,0.004457831382751465,0.877689778804779,0.0033669866621494292,0.000300421379506588,0.002605799585580826,46109.70430319135,0.03769634664058685,226473.671875,580854.25
1256000,1,0.00421,0.004457871119181278,0.8782321214675903,0.003324847668409347,0.000296155409887433,0.0026064610574394464,46109.706908990935,0.037696391344070435,226180.125,581142.875
1258000,1,0.00421,0.004457950592041016,0.8787699937820435,0.003318848833441734,0.0002943177241832018,0.002608121605589986,46109.709515452225,0.03769627958536148,225889.375,581433.0
1260000,1,0.00421,0.004457950592041016,0.8793036341667175,0.0033212218433618544,0.00029388873372226954,0.002611488336697221,46109.71212357406,0.037696339190006256,225601.09375,581724.4375
1262000,1,0.00421,0.004457950592041016,0.8798326849937439,0.0033288501203060147,0.00029384302906692027,0.002614215249195695,46109.71473506263,0.037696368992328644,225314.8125,582012.75
1264000,1,0.00421,0.004457950592041016,0.8803496956825256,0.003340857848525047,0.0002936773933470249,0.0026138098910450935,46109.71734927858,0.03769628331065178,225034.796875,582290.25
1266000,1,0.00421,0.004457950592041016,0.8809082508087158,0.0033967673778533933,0.0002985166851431131,0.002609138609841466,46109.71996308894,0.03769633173942566,224730.671875,582572.6875
1268000,1,0.00421,0.004457910855611147,0.8818331360816956,0.003322373330593109,0.00033433421049267054,0.0025939298793673515,46109.722572228246,0.037712812423706055,224219.8125,582946.375
1270000,1,0.00421,0.004457791646321596,0.8826748132705688,0.00331476554274559,0.0003258609678596258,0.0025821919552981853,46109.725166159056,0.03769649192690849,223768.6875,583382.625
1272000,1,0.00421,0.004457791646321596,0.8835158348083496,0.0033033456653356547,0.0003202344989404082,0.0025716042146086693,46109.72774835194,0.03771296143531799,223316.78125,583826.3125
1274000,1,0.00421,0.004457712173461914,0.88434237241745,0.0032957553863525385,0.0003160123713314533,0.002563467714935541,46109.73031995779,0.03771292045712471,222872.078125,584267.0
1276000,1,0.00421,0.004457712173461914,0.8851528763771057,0.0032901696860790255,0.0003126127645373344,0.0025581999216228724,46109.732883424105,0.03771302103996277,222435.46875,584703.1875
1278000,1,0.00421,0.004457712173461914,0.8859468698501587,0.0032884396612644197,0.00030911085195839405,0.0025559118948876858,46109.735441625424,0.037713080644607544,222007.390625,585131.625
1280000,1,0.00421,0.004457712173461914,0.8867276310920715,0.003286578878760338,0.00030653825961053367,0.0025557070039212704,46109.73799753755,0.03771302103996277,221585.90625,585552.9375
1282000,1,0.00421,0.004457712173461914,0.8875023722648621,0.003285624459385872,0.0003048114478588104,0.0025569465942680836,46109.740553244555,0.03771306946873665,221167.640625,585971.0625
1284000,1,0.00421,0.004457712173461914,0.8882840871810913,0.0032901562750339507,0.00030428385362029075,0.002559228101745248,46109.74311019115,0.03771300986409187,220745.03125,586389.875
1286000,1,0.00421,0.004457712173461914,0.8890604376792908,0.003292369842529297,0.0003038630587980151,0.0025615585036575794,46109.745669419484,0.03771291300654411,220325.375,586803.9375
1288000,1,0.00421,0.004457712173461914,0.8898497819900513,0.0033006999641656876,0.0003052707528695464,0.002562855603173375,46109.74823097589,0.03771296143531799,219898.375,587220.375
1290000,1,0.00421,0.004457672437032045,0.8906649351119995,0.003303198143839836,0.0003078705864027142,0.002563114743679762,46109.75079383103,0.03771303966641426,219457.390625,587648.0625
1292000,1,0.00281,0.0030588507652282715,0.8961877226829529,0.0033795204013586043,0.0004923306405544281,0.0024662925861775875,46109.753356945774,0.037769291549921036,215595.640625,589260.6875
1294000,1,0.00281,0.003059585889180483,0.8998247385025024,0.004229922220110893,0.0006619731895625591,0.0024132044054567814,46109.75582323859,0.03771091625094414,213608.859375,591108.1875
1296000,1,0.00281,0.0030591686566671106,0.9043177366256714,0.0035356294363737104,0.0006336315535008907,0.0023515347857028246,46109.75823644393,0.037769678980112076,211170.09375,593226.25
1298000,1,0.00281,0.00305904944737756,0.9088415503501892,0.0035985957831144335,0.0006466020364314318,0.0023063768167048693,46109.76058797965,0.03778707981109619,208736.21875,595492.4375
1300000,1,0.00281,0.0030588905016581402,0.913804292678833,0.0038477741181850433,0.0007060707546770572,0.00226554274559021,46109.76289435716,0.037832800298929214,206062.96875,597918.25
1302000,1,0.00281,0.0030583540598551062,0.919204831123352,0.00393046960234642,0.0007192873861640691,0.002224528230726719,46109.76515989944,0.03787872940301895,203161.65625,600573.25
1304000,1,0.00281,0.0030581752459208356,0.9243944883346558,0.003997313231229782,0.0006790578830987215,0.0021983454935252666,46109.76738442814,0.03790818527340889,200385.453125,603303.1875
1306000,1,0.00281,0.003057877222696903,0.9302170872688293,0.004074103012681007,0.0007022742182016372,0.0021676018368452787,46109.7695827741,0.03790818899869919,197257.0625,606174.75
1308000,1,0.00281,0.003057916959126772,0.9349582195281982,0.003945999592542648,0.0005873590242117643,0.0021624956279993057,46109.771750375236,0.03790823370218277,194732.578125,608949.5
1310000,1,0.00281,0.003058016300201416,0.9396312832832336,0.004035078361630439,0.0005966155324131251,0.00216267560608685,46109.77391287063,0.03787318617105484,192221.578125,611517.5
1312000,1,0.00281,0.003058135509490967,0.9446851015090942,0.004060372710227966,0.0006382235791534185,0.002153741428628564,46109.77607554577,0.03787859156727791,189498.96875,614076.4375
1314000,1,0.00281,0.0030583739280700684,0.9508739709854126,0.004414905235171318,0.0007699201349169015,0.002123116748407483,46109.778229286734,0.037908006459474564,186150.921875,616891.125
1316000,1,0.00281,0.0030593077341715125,0.9556226134300232,0.004361932724714279,0.0005947923753410577,0.0021096649579703808,46109.78035240395,0.037908099591732025,183590.859375,619821.5
1318000,1,0.00281,0.0030603011449177875,0.9592357873916626,0.004328674077987671,0.0004717703443020582,0.0021187078673392534,46109.782462068906,0.03787935897707939,181626.6875,622335.125
1320000,1,0.00281,0.0030612548192342492,0.9630706310272217,0.004996699467301369,0.0005788788199424743,0.00213027186691761,46109.784580776075,0.037827324122190475,179542.5,624454.375
1322000,1,0.00281,0.003060897191365597,0.9676644802093506,0.004713709279894829,0.0004252240527421236,0.0021071291994303465,46109.78671104934,0.03790821135044098,177081.8125,626938.9375
1324000,1,0.00281,0.0030625661214192523,0.9704035520553589,0.004827244579792022,0.00037878234870731826,0.002122890204191208,46109.78881817784,0.037769485265016556,175559.015625,628940.5
1326000,1,0.00281,0.003063360850016239,0.9725229144096375,0.004930106177926063,0.0003310616593807935,0.0021439564879983664,46109.79094106758,0.03769773617386818,174362.609375,630487.8125
1328000,1,0.00281,0.0030643145243326453,0.9741422533988953,0.004996359348297119,0.000295641110278666,0.0021688358392566442,46109.79308502407,0.03762901946902275,173434.078125,631695.8125
1330000,1,0.00281,0.00306546688079834,0.9754089713096619,0.005052874609827995,0.0002743617165833712,0.002194892382249236,46109.79525385944,0.037569738924503326,172700.03125,632645.25
1332000,1,0.00281,0.0030661821365356445,0.9765050411224365,0.005143186077475548,0.0002646512119099498,0.0022199552040547132,46109.797448752055,0.03752601146697998,172072.71875,633405.4375
1334000,1,0.00281,0.003066539764404297,0.9778636693954468,0.005250599607825279,0.0003035540925338864,0.00223837629891932,46109.799668707026,0.037733495235443115,171336.4375,634103.125
1336000,1,0.00281,0.0030659238497416363,0.9802252054214478,0.0055852957069873815,0.0004337109625339508,0.002239848952740431,46109.80190708309,0.03778260946273804,170086.859375,634972.75
1338000,1,0.00281,0.003060539563496889,0.9816538691520691,0.005390642955899238,0.00029151770286262035,0.0022321518044918776,46109.80414693065,0.037822697311639786,169061.65625,636092.3125
1340000,1,0.00281,0.003059943517049135,0.9825738668441772,0.00542200393974781,0.0002525716321542859,0.0022404466290026903,46109.80637908245,0.03776315972208977,168453.171875,636928.5
1342000,1,0.00281,0.003059864044189453,0.983281672000885,0.005461531132459641,0.00024155396968126295,0.0022592751774936914,46109.80861952792,0.03773361071944237,168002.296875,637543.5
1344000,1,0.00281,0.0030596256256103516,0.9838125109672546,0.005493824183940887,0.00022279757540673016,0.002283243928104639,46109.81087880333,0.03767846152186394,167659.65625,638004.875
1346000,1,0.00281,0.003059546152750614,0.9842142462730408,0.005523067340254783,0.00023858603090047835,0.0023088715970516205,46109.81316204842,0.03781220689415932,167399.578125,638354.875
1348000,1,0.00141,0.001659532388051388,0.9874455332756042,0.005700822174549102,0.00032921896781772374,0.002268244046717882,46109.815470919784,0.038468632847070694,164555.109375,639496.3125
1350000,1,0.00141,0.0016592343648274555,0.9885087013244629,0.005734440684318542,0.00030085598118603226,0.002267005154863,46109.8177391636,0.038320500403642654,163797.1875,640493.4375
1352000,1,0.00141,0.0016590555508931848,0.9892816543579102,0.00575135089457035,0.0002968958113342523,0.0022769062779843807,46109.82000616829,0.03825906664133072,163234.796875,641227.25
1354000,1,0.00141,0.0016590356826782227,0.9898479580879211,0.005774709954857826,0.0002689326647669077,0.002292909659445286,46109.822283074565,0.03780864179134369,162817.90625,641769.5625
1356000,1,0.00141,0.0016591350237528668,0.9902611374855042,0.005783356353640556,0.0002653963398188352,0.00231249094940722,46109.824575984225,0.03824397921562195,162509.109375,642171.5
1358000,1,1.0000000000000026e-05,0.0002602537473043176,0.9936419725418091,0.005823670327663421,0.00041592880152165886,0.0022602116223424673,46109.826888474476,0.0378882922232151,159407.515625,643344.6875
1360000,1,1.0000000000000026e-05,0.0002614259719848633,0.9946373105049133,0.005687284469604492,0.0003804483683779836,0.0022478941828012466,46109.829148685865,0.03790239989757538,158534.3125,644484.75
1362000,1,1.0000000000000026e-05,0.0002624988555908203,0.9952357411384583,0.005642822757363319,0.0003691292833536863,0.0022517922334372997,46109.831396580514,0.03783876448869705,157936.59375,645279.5625
1364000,1,1.0000000000000026e-05,0.0002630154291788922,0.9956028461456299,0.005545137077569962,0.0003493734635412693,0.0022636486683040857,46109.83364837205,0.03754624351859093,157531.03125,645820.9375
1366000,1,-0.00139,-0.001131673653920473,0.9971826076507568,0.0053376171737909315,0.0004928945563733578,0.002211278537288308,46109.835912021415,0.03833746165037155,154689.890625,646896.0
1368000,1,-0.00139,-0.0011312365531921387,0.9975021481513977,0.00521240308880806,0.00047816867008805276,0.002195697510614991,46109.83812329972,0.04005350172519684,154003.28125,647751.5
1370000,1,-0.00279,-0.002550284067789732,0.9982278943061829,0.0052973970770835875,0.0007226136513054371,0.002114097820594907,46109.840318997,0.04276209697127342,150701.6875,648932.9375
1372000,1,-0.00279,-0.002574523289998354,0.9979345798492432,0.005616328120231628,0.0007750338409096003,0.002038426697254181,46109.84243309435,0.044639382511377335,149942.0,649141.8125
