step,leg,pc,pc_meas,sw,ca_iface,ca_bulk,ca_flux,plate_leak,scrubbed,u_max,m_red,m_blue
0,0.0,0.00561,0.005609830220540346,1.0,0.0,0.0,0.0,0.0,0.0,0.0,161431.875,646050.0625
2000,0.0,0.00561,0.005861540635426876,0.9855329394340515,0.005633674934506416,0.0005633590277284384,0.0002811784390360117,1.6221082255185593e-09,0.0,0.036955609917640686,167888.375,642961.0625
4000,0.0,0.00561,0.005861004193623842,0.9820818305015564,0.005425661057233811,0.00045215971767902373,0.00021364756394177676,2.3480849904444767e-06,1.6221080034739543e-09,0.03789421543478966,170091.375,639997.3125
6000,0.0,0.00561,0.005861481030782045,0.9792661070823669,0.005235650017857551,0.00039069391787052157,0.00016989937284961343,2.7960826628259383e-05,2.3497068710742752e-06,0.03760050982236862,171831.3125,637724.5625
8000,0.0,0.00561,0.005861083666483524,0.9769428372383118,0.005087262764573097,0.0003440993838012218,0.0001364396302960813,9.776916704140604e-05,3.0310522585397237e-05,0.03693177551031113,173218.640625,635950.6875
10000,0.0,0.00561,0.00586064656575519,0.9750118851661682,0.004958465695381164,0.000311604025773704,0.0001127651077695191,0.00020804416271857917,0.0001280796969027609,0.036986321210861206,174344.578125,634538.4375
12000,0.0,0.00596,0.006209452946980831,0.9723868370056152,0.004806622490286827,0.0003211982315406203,0.00011985012097284197,0.000348002155078575,0.0003361238159655944,0.03631371259689331,176021.71875,633132.25
14000,0.0,0.00596,0.006209015846252441,0.970540463924408,0.004681775346398354,0.0003020585980266333,0.0001050395774655044,0.0005024798447266221,0.0006841258255250171,0.03591594099998474,177063.0,631909.5
16000,0.0,0.00596,0.006208817164103153,0.9688961505889893,0.00458974651992321,0.00029300758615136147,9.814016520977019e-05,0.000660733669064939,0.001186605786666961,0.03594066947698593,177981.65625,630863.375
18000,0.0,0.00596,0.006208737691243527,0.9673672914505005,0.004520990699529648,0.0002808690536767244,8.712329436093568e-05,0.000815827923361212,0.0018473393393165782,0.03633590415120125,178827.796875,629937.9375
20000,0.0,0.00596,0.006208459536234556,0.9657837152481079,0.0045033786445856094,0.00029170939233154054,8.93092539627105e-05,0.0009648352861404419,0.0026631671462624684,0.03654181584715843,179692.109375,629075.6875
22000,0.0,0.00631,0.006558100382486998,0.96293044090271,0.004419916495680808,0.00034497012384235857,0.00012364269932731986,0.0011174270184710622,0.0036280028398565367,0.03604130819439888,181437.15625,627906.375
24000,0.0,0.00631,0.006557742754618345,0.9606100916862488,0.004364196211099625,0.0003478833008557558,0.00012215919559821486,0.0012611446436494589,0.004745429741912277,0.03604133427143097,182698.6875,626666.6875
26000,0.0,0.00631,0.006557544072469057,0.9585617780685425,0.004208473116159439,0.00031908783130347724,0.00010978131322190166,0.0013937406474724412,0.006006573919900449,0.03773109242320061,183815.90625,625469.9375
28000,0.0,0.00631,0.006557305653890011,0.9567803144454956,0.004098894074559212,0.0003055393230170012,0.00010178667725995182,0.0015129388775676489,0.007400314916618855,0.037709176540374756,184791.515625,624389.5625
30000,0.0,0.00631,0.00655718644460046,0.9552040100097656,0.004030274599790573,0.0002852853387594223,8.94091441296041e-05,0.001620204420760274,0.008913253794186504,0.03747641667723656,185655.484375,623429.625
32000,0.0,0.006659999999999999,0.006906946500142452,0.9526312947273254,0.003948110714554786,0.00031221327371895314,0.00011052489280700683,0.0017318098107352853,0.010533458447777422,0.0404898039996624,187253.453125,622287.625
34000,0.0,0.006659999999999999,0.006906986236572266,0.9507719874382019,0.003905537724494934,0.00030468676704913377,0.00010471421992406248,0.0018289495492354035,0.012265268724173994,0.04092716425657272,188270.78125,621193.1875
36000,0.0,0.006659999999999999,0.006906787554423033,0.949005126953125,0.0038778863847255705,0.0003014430869370699,0.00010203243000432849,0.0019166400888934731,0.014094218273409398,0.039734601974487305,189234.25,620182.875
38000,0.0,0.006659999999999999,0.006906827290852902,0.947258710861206,0.0038502763956785205,0.0002996907802298665,0.000101190444547683,0.0019963367376476526,0.01601085836230287,0.04390055686235428,190185.296875,619224.1875
40000,0.0,0.006659999999999999,0.006906827290852902,0.9452731013298035,0.003845612704753876,0.0003239622106775641,0.00011510952608659863,0.0020719394087791443,0.018007195798442455,0.04365074634552002,191264.28125,618256.625
42000,0.0,0.006659999999999999,0.006906668345133482,0.9432951807975769,0.0038133889436721803,0.00030875974334776396,0.0001024486729875207,0.0021441171411424875,0.02007913660420546,0.0436396524310112,192335.21875,617200.5625
44000,0.0,0.006659999999999999,0.006906469662984249,0.9416446685791016,0.003787903487682343,0.000293895392678678,9.290690650232136e-05,0.00220355368219316,0.022223254676670523,0.04371918365359306,193229.921875,616218.875
46000,0.0,0.006659999999999999,0.006906270980834961,0.9401379823684692,0.00375240221619606,0.0002786495257169008,8.376609184779227e-05,0.0022543638478964567,0.024426807660371752,0.04340845346450806,194048.65625,615332.75
48000,0.0,0.006659999999999999,0.006905992825826046,0.938686192035675,0.003752210736274719,0.00027538242284208536,8.261746261268854e-05,0.0022990747820585966,0.026681173370913358,0.042095743119716644,194837.578125,614520.5625
50000,0.0,0.006659999999999999,0.006905913352966309,0.9372895359992981,0.0037073444575071333,0.00026243554893881085,7.123533869162202e-05,0.002341028768569231,0.02898024792014131,0.04118353873491287,195595.859375,613729.9375
52000,0.0,0.006659999999999999,0.006905595461527525,0.9361721277236938,0.0036757148802280424,0.00025664453860372303,6.674465257674455e-05,0.00237533007748425,0.03132127575738797,0.04049455747008324,196203.09375,613030.5625
54000,0.0,0.006659999999999999,0.006905674934387207,0.935160219669342,0.0036563564091920855,0.00023884274996817113,5.731534329243005e-05,0.0024067475460469723,0.03369660490354964,0.04276689141988754,196753.71875,612415.5
56000,0.0,0.006659999999999999,0.0069052775700887414,0.9342348575592041,0.0036375969648361206,0.00022731502540409564,5.1139586139470333e-05,0.0024359622038900852,0.03610335338091919,0.040692541748285294,197256.609375,611861.125
58000,0.0,0.006659999999999999,0.0069052775700887414,0.9333869814872742,0.00361744724214077,0.0002267432864755392,5.060567054897547e-05,0.0024633684661239386,0.038539314886317344,0.040162842720746994,197717.828125,611363.0625
60000,0.0,0.006659999999999999,0.006905198097229004,0.932604193687439,0.003607764467597008,0.00023926643189042807,5.187775823287666e-05,0.002488723024725914,0.04100268381810257,0.04016907140612602,198143.34375,610907.125
62000,0.0,0.006659999999999999,0.006905237833658817,0.9318763017654419,0.0035920366644859314,0.00023529850877821446,4.904328379780054e-05,0.0025122296065092087,0.043491406842828484,0.04016914591193199,198539.015625,610487.4375
64000,0.0,0.006659999999999999,0.006904959678649902,0.9311891198158264,0.0035891324281692506,0.0002284639282152057,4.625938599929213e-05,0.0025341534055769444,0.04600363691499898,0.038729555904865265,198912.25,610096.1875
66000,0.0,0.006659999999999999,0.006904880205790165,0.930514931678772,0.0036085028201341624,0.00022578106727451084,4.428511892911047e-05,0.002554786391556263,0.04853779078623721,0.03872383385896683,199278.703125,609723.5625
68000,0.0,0.006659999999999999,0.006904800732930483,0.9298533797264099,0.0036334816366434095,0.0002233137609437108,4.323664761614054e-05,0.0025742717552930117,0.05109257671213219,0.0386350080370903,199638.09375,609363.1875
70000,0.0,0.006659999999999999,0.006904641787211063,0.9290129542350769,0.0036544822156429294,0.00025372030213475225,5.506832967512309e-05,0.0025946423411369324,0.053666848933086486,0.03847524896264076,200091.0625,608991.5625
72000,0.0,0.006659999999999999,0.006904641787211119,0.9280657172203064,0.003596790134906769,0.00024472190998494627,4.89407975692302e-05,0.002618946135044098,0.05626149080856213,0.03773833438754082,200608.90625,608507.6875
74000,0.0,0.006659999999999999,0.006904681523640932,0.9272561073303223,0.0035913679748773575,0.00023383700754493473,4.7495125909335914e-05,0.002638837555423379,0.05888043694360623,0.037598323076963425,201050.25,608046.0
76000,0.0,0.006659999999999999,0.006904641787211063,0.9265341758728027,0.003583211824297905,0.00022336167749017476,4.3137956527061764e-05,0.0026529792230576277,0.06151927543035218,0.037575043737888336,201442.859375,607620.375
78000,0.0,0.006659999999999999,0.00690460205078125,0.9259220361709595,0.003572070226073265,0.00021949135698378088,3.727063594851643e-05,0.0026603881269693375,0.06417225255793402,0.037569496780633926,201774.875,607247.5625
80000,0.0,0.006659999999999999,0.00690460205078125,0.9253979921340942,0.0035587307065725322,0.00020534198265522718,3.030596999451518e-05,0.002664190949872136,0.06683263998641142,0.03753668814897537,202058.25,606927.4375
82000,0.0,0.006659999999999999,0.0069045225779215125,0.9249435663223267,0.0035482045263051983,0.00019782236777245998,2.657627046573907e-05,0.002666688524186611,0.06949683093628356,0.03753678873181343,202303.703125,606655.1875
84000,0.0,0.006659999999999999,0.0069044431050618305,0.9245244860649109,0.003538434952497482,0.0001955866115167737,2.5050388649106024e-05,0.002668239176273346,0.07216352039179275,0.03756938874721527,202530.03125,606406.125
86000,0.0,0.006659999999999999,0.0069044431050618305,0.9241502285003662,0.003540033847093582,0.00019653881900012492,2.4594762362539768e-05,0.002670186571776867,0.07483175886957416,0.03756944462656975,202732.765625,606189.9375
88000,0.0,0.006659999999999999,0.006904403368631962,0.9237796068191528,0.0035511262714862826,0.00019963446538895369,2.5515907327644528e-05,0.00267326389439404,0.07750194404436717,0.03756950795650482,202933.625,605987.0
90000,0.0,0.006659999999999999,0.00690432389577228,0.9234104156494141,0.0035485852509737014,0.0002011242089793086,2.5018752785399554e-05,0.0026779999025166035,0.08017520724026928,0.03756942227482796,203133.4375,605785.75
92000,0.0,0.006659999999999999,0.006904085477193178,0.9230886697769165,0.003537833318114281,0.0002066587563604116,2.517149841878563e-05,0.0026829366106539965,0.08285320714278588,0.037569496780633926,203306.953125,605597.5625
94000,0.0,0.006659999999999999,0.006904045740763309,0.9228280186653137,0.003535239025950432,0.00021620409097522494,2.6062483084388073e-05,0.0026883597020059824,0.08553614258928666,0.037569448351860046,203447.8125,605441.625
96000,0.0,0.006659999999999999,0.006904045740763309,0.9226028323173523,0.0035307131707668304,0.00021951266098767518,2.5834652478806675e-05,0.0026940149255096912,0.08822450252412328,0.03756940737366676,203569.34375,605306.6875
98000,0.0,0.006659999999999999,0.0069039265314737586,0.9224095940589905,0.0035301614552736282,0.00022432126570492983,2.4530195514671504e-05,0.002699716482311487,0.09091851838095555,0.03756940737366676,203674.0,605191.1875
100000,0.0,0.006659999999999999,0.006903886795043945,0.922248899936676,0.0035308916121721268,0.0002175641944631934,2.255070867249742e-05,0.002705286256968975,0.09361823579458961,0.03753677010536194,203761.0625,605095.5
102000,0.0,0.006659999999999999,0.006903886795043945,0.922112226486206,0.003527730703353882,0.00020239942241460083,1.986059360206127e-05,0.0027104788459837437,0.09632352205155859,0.037569478154182434,203835.046875,605014.5
104000,0.0,0.006659999999999999,0.006903886795043945,0.9220004081726074,0.0035256732255220416,0.00019262533169239757,1.672881917329505e-05,0.002715200884267688,0.0990340001990504,0.03756945580244064,203895.578125,604948.0625
106000,0.0,0.006659999999999999,0.0069038470586140765,0.9219034910202026,0.0035231951624155045,0.00018664458766579629,1.4164985623210669e-05,0.002719378098845482,0.10174920131614873,0.03753662109375,203948.0625,604890.3125
108000,0.0,0.006659999999999999,0.0069038470586140765,0.9218184351921082,0.0035234406590461727,0.00018326067365705966,1.2334247003309429e-05,0.0027235611341893673,0.10446857941499421,0.03754217550158501,203994.328125,604839.125
110000,0.0,0.006659999999999999,0.006903807322184208,0.9217427372932434,0.0035233423113822937,0.0001813257928006351,1.114777769544162e-05,0.0027282231021672487,0.10719214008352229,0.03754228353500366,204035.46875,604794.0625
112000,0.0,0.007009999999999999,0.007253487904866518,0.9204647541046143,0.0035221621394157412,0.00024004210717976093,4.98551526106894e-05,0.0027577183209359646,0.10992036411701211,0.037536587566137314,204927.671875,604431.875
114000,0.0,0.007009999999999999,0.007253328959147098,0.919787585735321,0.003507518768310547,0.00023603660520166156,4.4758408330380915e-05,0.002774094929918647,0.1126780815066255,0.037503890693187714,205293.59375,604037.375
116000,0.0,0.007009999999999999,0.007253249486287416,0.9191585183143616,0.0034940537065267564,0.000225965678691864,3.942644689232111e-05,0.0027861434500664473,0.11545217736786673,0.03753666207194328,205633.46875,603675.8125
118000,0.0,0.007009999999999999,0.007253050804138184,0.918559730052948,0.003483420982956886,0.00022041222546249626,3.644298994913697e-05,0.0027957207057625055,0.11823832105076382,0.037536606192588806,205957.53125,603340.0625
120000,0.0,0.007009999999999999,0.007252852121988895,0.9179670214653015,0.003474133834242821,0.00021928169298917054,3.6364587140269576e-05,0.0028027240186929703,0.12103404175652632,0.03753656521439552,206278.0,603014.625
122000,0.0,0.007009999999999999,0.0072527329126993445,0.9173445105552673,0.0034655027091503145,0.0002266421215608716,3.9420602843165394e-05,0.0028088707476854324,0.12383676484389672,0.03753665089607239,206615.8125,602689.625
124000,0.0,0.007009999999999999,0.007252693176269531,0.9166356325149536,0.003471046686172485,0.00023404774256050587,4.527158162090927e-05,0.0028169979341328144,0.12664563442742893,0.0375366136431694,207000.984375,602342.1875
126000,0.0,0.007009999999999999,0.007252772649129213,0.915829062461853,0.0034733593463897702,0.00023428744170814753,4.889940028078854e-05,0.002827111864462495,0.1294626321287311,0.037536606192588806,207439.078125,601946.4375
128000,0.0,0.007009999999999999,0.007252693176269531,0.9149948358535767,0.003477305173873901,0.0002340487204492092,4.9262039829045535e-05,0.002836505649611354,0.13228974259620974,0.037536486983299255,207891.46875,601525.875
130000,0.0,0.007009999999999999,0.0072527329126994,0.9141387939453125,0.0034751962870359417,0.00023369092959910632,4.902545479126274e-05,0.002843859139829874,0.1351262482458211,0.037536539137363434,208355.0,601076.75
132000,0.0,0.007009999999999999,0.007252772649129213,0.9133082628250122,0.0034757066518068314,0.00023291062097996473,4.8040397814475e-05,0.0028489315882325172,0.13797010622149775,0.03750377520918846,208804.65625,600635.5
134000,0.0,0.007009999999999999,0.007252693176269531,0.912501335144043,0.0034640464931726457,0.00023355216253548858,4.786066710948944e-05,0.0028524650260806084,0.14081903780973026,0.0375366173684597,209241.3125,600203.875
136000,0.0,0.007009999999999999,0.007252693176269531,0.9116969108581543,0.00345161035656929,0.0002347951289266348,4.813694104086607e-05,0.002854672959074378,0.1436715019044883,0.03753647953271866,209676.875,599776.4375
138000,0.0,0.007009999999999999,0.0072525739669799805,0.9108740091323853,0.0034371692687273025,0.00023651402443647385,4.909689305350185e-05,0.0028579975478351116,0.14652617416507074,0.03753652796149254,210122.671875,599345.875
140000,0.0,0.007009999999999999,0.0072525739669799805,0.9100030064582825,0.00341791994869709,0.00023996278177946804,5.113641964271664e-05,0.0028620774392038584,0.1493841719457365,0.03750390186905861,210595.359375,598899.0625
142000,0.0,0.007009999999999999,0.007252534230550167,0.9090433120727539,0.003389003500342369,0.00024929193314164876,5.5283424444496625e-05,0.0028668909799307585,0.15224624822078714,0.0375366173684597,211116.296875,598418.375
144000,0.0,0.007009999999999999,0.0072524150212606164,0.907977819442749,0.003367933630943298,0.00027059293352067466,6.368642789311707e-05,0.0028755073435604572,0.15511313896788725,0.037536390125751495,211695.28125,597893.8125
146000,0.0,0.007009999999999999,0.007252295811971066,0.9067546129226685,0.00335133820772171,0.000276440242305398,6.950690294615924e-05,0.0028905796352773905,0.15798864444880256,0.03747877851128578,212361.078125,597306.875
148000,0.0,0.007009999999999999,0.007252375284830748,0.905282735824585,0.0033475004136562345,0.00029366742819547653,8.454167400486767e-05,0.0029121958650648594,0.1608792238512493,0.03744608163833618,213163.171875,596620.8125
150000,0.0,0.007009999999999999,0.00725245475769043,0.9034678936004639,0.003369375690817833,0.00033089902717620134,0.00010601981775835156,0.0029397238977253437,0.16379141948348352,0.03744520619511604,214152.953125,595789.75
152000,0.0,0.007009999999999999,0.007252554098765018,0.9009730219841003,0.003510706871747971,0.0004140156786888838,0.00014371322467923164,0.0029794229194521904,0.16673114291554758,0.03742242977023125,215518.046875,594722.4375
154000,0.0,0.007009999999999999,0.007253130276997866,0.8975589275360107,0.00343158096075058,0.00043624751269817353,0.00015480724396184085,0.0030422089621424675,0.16971056630066106,0.03744508698582649,217377.09375,593193.5
156000,0.0,0.007009999999999999,0.007252931594848633,0.8949470520019531,0.0033710524439811707,0.00034531156998127697,0.00013442058116197586,0.0030751011800020933,0.17275277502997288,0.03750297799706459,218784.328125,591662.8125
158000,0.0,0.007009999999999999,0.007252931594848633,0.8925682306289673,0.0033413574099540712,0.00032877076882869004,0.00012533242115750907,0.003096245927736163,0.17582787667563626,0.03750286623835564,220070.984375,590314.6875
160000,0.0,0.007009999999999999,0.007252931594848633,0.8903722763061523,0.0033378139138221736,0.0003104007570073009,0.00011422251118347048,0.0031128274276852608,0.17892412283620307,0.03750310838222504,221256.75,589068.6875
162000,0.0,0.007009999999999999,0.0072528918584188196,0.8884878754615784,0.0033693350851535797,0.0002982750069350004,9.978779125958681e-05,0.0031230254098773003,0.18203695072954962,0.037536587566137314,222271.09375,587956.4375
164000,0.0,0.007009999999999999,0.007252852121988895,0.8869492411613464,0.003388839215040207,0.000268793455325067,8.069230243563652e-05,0.003128152573481202,0.1851599770707495,0.03753601014614105,223097.140625,587011.6875
166000,0.0,0.007009999999999999,0.0072527329126994,0.8856090903282166,0.0034442525357007976,0.00026659518480300905,7.771446835249662e-05,0.003133716993033886,0.18828813104121456,0.03753597289323807,223819.953125,586217.625
168000,0.0,0.007009999999999999,0.007252772649129269,0.8844388723373413,0.0034493271261453627,0.00025888180825859306,6.114454008638859e-05,0.0031415275298058987,0.19142184687009522,0.03756488859653473,224446.953125,585505.0
170000,0.0,0.007009999999999999,0.0072525739669799805,0.8835577368736267,0.0034512657672166823,0.00023626128677278754,4.7760669258423146e-05,0.0031442861072719097,0.19456337253725597,0.037564605474472046,224917.96875,584936.75
172000,0.0,0.007009999999999999,0.0072525739669799805,0.8828474283218384,0.003453317284584045,0.00025347345508635043,4.7119645751081406e-05,0.0031466945074498653,0.19770765794603595,0.03758901357650757,225298.25,584482.125
174000,0.0,0.007009999999999999,0.00725245475769043,0.8822658061981201,0.003454018384218216,0.00024030813947319984,3.693773469422012e-05,0.0031521175988018513,0.2008543529191471,0.03758895769715309,225609.703125,584111.6875
176000,0.0,0.007009999999999999,0.007252335548400879,0.8817848563194275,0.0034548979252576827,0.0002221039030700922,2.809254801832139e-05,0.0031570412684231997,0.20400647098361024,0.03758883848786354,225867.296875,583807.875
178000,0.0,0.007009999999999999,0.007252216339111328,0.8813859820365906,0.0034560002386569977,0.00021505958866328,2.405777049716562e-05,0.0031595623586326838,0.20716351318335602,0.03758905455470085,226081.15625,583556.0
180000,0.0,0.007009999999999999,0.007252176602681459,0.8810452222824097,0.00345517210662365,0.00021588397212326526,2.2695043298881498e-05,0.003162551671266556,0.21032307437783548,0.037576451897621155,226264.015625,583342.9375
182000,0.0,0.007009999999999999,0.007252057393391909,0.8807787299156189,0.003452391549944878,0.00022276958916336297,2.345466782571748e-05,0.003170664655044675,0.21348562628193268,0.03758896514773369,226407.203125,583177.625
184000,0.0,0.007009999999999999,0.00725201765696204,0.8805593848228455,0.0034540180116891857,0.0002361088991165161,2.610527735669166e-05,0.003183433786034584,0.21665629023848543,0.03762337192893028,226525.25,583041.6875
186000,0.0,0.007009999999999999,0.0072519779205322266,0.8803744316101074,0.003454158455133438,0.00024660693015903233,2.4070078507065772e-05,0.003194394987076521,0.21983972355885872,0.037588994950056076,226624.859375,582927.6875
188000,0.0,0.007009999999999999,0.0072519779205322266,0.8802187442779541,0.003452915698289871,0.00023075265344232323,2.0041460811626165e-05,0.0032018302008509636,0.2230341187787659,0.037623267620801926,226708.828125,582833.4375
190000,0.0,0.007009999999999999,0.007251898447672489,0.8801010847091675,0.003453235328197479,0.00022177461069077252,1.710518554318696e-05,0.003205998335033655,0.22623594804829428,0.03758919984102249,226772.375,582762.125
192000,0.0,0.0073599999999999985,0.00760169823964435,0.8788684010505676,0.003464372083544731,0.0002612344920635223,4.829266399610788e-05,0.0032342143822461367,0.2294419461504973,0.037584248930215836,227653.625,582394.75
194000,0.0,0.0073599999999999985,0.007601499557495117,0.878261923789978,0.003455160930752754,0.0002479548566043377,3.847956249956041e-05,0.0032454391475766897,0.23267616076557407,0.037584301084280014,227979.328125,582025.0625
196000,0.0,0.0073599999999999985,0.007601380348205566,0.8777397871017456,0.0034458637237548824,0.0002324544358998537,3.1576259061694145e-05,0.003256481606513262,0.23592160154296526,0.03761858493089676,228259.703125,581709.1875
198000,0.0,0.0073599999999999985,0.007601380348205566,0.8772843480110168,0.0034408252686262126,0.00022416424471884965,2.7262643561698494e-05,0.003263752209022641,0.23917808431363174,0.03759586438536644,228504.84375,581436.5625
200000,0.0,0.0073599999999999985,0.007601340611775698,0.8768832087516785,0.0034375034272670743,0.00022116329055279493,2.5144443497993052e-05,0.0032658239360898733,0.24244183698831567,0.037618689239025116,228720.71875,581198.25
202000,0.0,0.0073599999999999985,0.007601340611775698,0.8765153884887695,0.003430994600057602,0.0002219184534624219,2.4355752975679932e-05,0.0032671026419848204,0.24570766208855876,0.03758443892002106,228918.765625,580981.8125
204000,0.0,0.0073599999999999985,0.007601340611775698,0.8761898875236511,0.003431181237101555,0.00022410436067730186,2.3510525352321565e-05,0.0032742975745350122,0.2489747642648823,0.03761846944689751,229094.453125,580793.3125
206000,0.0,0.0073599999999999985,0.007601300875345829,0.8759108781814575,0.003426572307944298,0.00022732606157660484,2.3999958648346362e-05,0.00328404875472188,0.25224906160658667,0.03759608790278435,229244.90625,580632.625
208000,0.0,0.0073599999999999985,0.007601181666056278,0.8756589889526367,0.003423997014760971,0.0002321099629625678,2.5766910403035582e-05,0.0032881407532840967,0.2555331122239537,0.03761854022741318,229380.9375,580487.875
210000,0.0,0.0073599999999999985,0.007601181666056278,0.8754260540008545,0.00341808944940567,0.00024003845173865555,2.5714133516885338e-05,0.0032871891744434834,0.25882125274440715,0.037618547677993774,229506.625,580355.5
212000,0.0,0.0073599999999999985,0.007601181666056278,0.875209391117096,0.003415526822209358,0.0002469568513333797,2.492073981557041e-05,0.0032833192963153124,0.2621084400562055,0.03764187917113304,229623.828125,580232.875
214000,0.0,0.0073599999999999985,0.007601181666056278,0.8750035166740417,0.0034138716757297514,0.00024873269721865655,2.4572463007643816e-05,0.003278730669990182,0.2653917584211982,0.03761864826083183,229735.203125,580117.625
216000,0.0,0.0073599999999999985,0.007601181666056278,0.8748069405555725,0.003411000594496727,0.00024760104715824125,2.397659554844722e-05,0.003276343923062086,0.2686704895568497,0.03761865198612213,229841.84375,580008.4375
218000,0.0,0.0073599999999999985,0.007601181666056278,0.874617874622345,0.0034114170819520948,0.0002460803836584091,2.341988292755559e-05,0.003279902972280979,0.27194683604104886,0.0377727709710598,229944.25,579905.0
220000,0.0,0.0073599999999999985,0.007601181666056278,0.87443608045578,0.003413952887058258,0.0002448453567922115,2.288467949256301e-05,0.0032911438029259443,0.27522673901332984,0.03777268901467323,230042.953125,579806.5625
222000,0.0,0.0073599999999999985,0.007601181666056278,0.8742559552192688,0.0034166354686021804,0.00024344073608517647,2.2468353563454002e-05,0.0032996160443872213,0.27851788328191707,0.03777262941002846,230140.640625,579710.5625
224000,0.0,0.0073599999999999985,0.007601181666056278,0.8740754127502441,0.0034169070422649384,0.00024232431314885616,2.2060447372496127e-05,0.003303166711702943,0.28181749955913493,0.0377727709710598,230238.796875,579615.25
226000,0.0,0.0073599999999999985,0.007601181666056278,0.8738879561424255,0.0034173641353845595,0.0002408769680187106,2.193696273025125e-05,0.003303804900497198,0.2851206653395153,0.03777278959751129,230340.9375,579517.375
228000,0.0,0.0073599999999999985,0.007601181666056278,0.8736897706985474,0.003416503593325615,0.00023981323465704918,2.2084297961555423e-05,0.0033033958170562983,0.2884244714041657,0.03777271881699562,230448.515625,579415.0625
230000,0.0,0.0073599999999999985,0.007601181666056278,0.8734829425811768,0.0034178972244262693,0.0002393000293523073,2.2382099996320903e-05,0.003307844279333949,0.29172786745405266,0.03801659494638443,230561.109375,579307.9375
232000,0.0,0.0073599999999999985,0.007601181666056278,0.8732697367668152,0.003418296203017235,0.00023931167088449,2.256552834296599e-05,0.0033149830996990204,0.2950357112677253,0.038110483437776566,230676.90625,579196.5
234000,0.0,0.0073599999999999985,0.007601181666056278,0.8730562925338745,0.0034173469990491866,0.00023974147625267507,2.2525960230268537e-05,0.003316954942420125,0.29835069436742434,0.03807620704174042,230792.578125,579083.3125
236000,0.0,0.0073599999999999985,0.007601181666056278,0.8728503584861755,0.003417617455124855,0.00024043922312557697,2.2245882428251206e-05,0.003313249908387661,0.3016676495426751,0.03807618096470833,230904.1875,578972.25
238000,0.0,0.0073599999999999985,0.007601181666056278,0.8726560473442078,0.003418155014514923,0.00024166509974747895,2.1756417118012903e-05,0.0033131709787994623,0.30498089945106277,0.03807609900832176,231009.171875,578865.9375
240000,0.0,0.0073599999999999985,0.007601181666056278,0.8724760413169861,0.003421232849359512,0.00024332536850124595,2.1478334383573382e-05,0.0033187605440616608,0.3082940713611848,0.03811034932732582,231106.40625,578766.0625
242000,0.0,0.0073599999999999985,0.007601181666056278,0.8723106980323792,0.00342327319085598,0.00024480584543198344,2.106267638737336e-05,0.0033215421717613935,0.3116128326037384,0.038076113909482956,231195.640625,578673.25
244000,0.0,0.0073599999999999985,0.007601181666056278,0.872159481048584,0.0034233834594488144,0.0002408698434010148,1.999529340537265e-05,0.003321809461340308,0.3149343754739917,0.03807609900832176,231277.140625,578588.5
246000,0.0,0.0073599999999999985,0.007601181666056278,0.872024416923523,0.003423846885561943,0.0002344341482967138,1.8612587882671503e-05,0.003319490235298872,0.31825618446967074,0.038076091557741165,231350.21875,578512.5
248000,0.0,0.0073599999999999985,0.007601181666056278,0.8719066977500916,0.003424011543393135,0.00022997560445219277,1.6830777167342603e-05,0.003314972622320056,0.3215756735408164,0.03807607293128967,231413.84375,578446.125
250000,0.0,0.0073599999999999985,0.007601181666056278,0.8718016147613525,0.0034226536750793456,0.00022620803210884332,1.568301086081192e-05,0.0033132913522422314,0.3248906475601203,0.038104984909296036,231470.453125,578386.875
252000,0.0,0.0073599999999999985,0.007601181666056278,0.8717048168182373,0.003423653915524482,0.0002232641214504838,1.4813279267400502e-05,0.0033171314280480146,0.3282039386795319,0.038104984909296036,231522.765625,578330.75
254000,0.0,0.0073599999999999985,0.007601181666056278,0.8716117143630981,0.0034262824803590777,0.00022093926090747119,1.4116959937382487e-05,0.0033264304511249065,0.33152107243588635,0.03810495883226395,231572.9375,578278.75
256000,0.0,0.0073599999999999985,0.007601181666056278,0.871526837348938,0.0034274179488420486,0.00021880867425352334,1.3430371473077684e-05,0.0033384072594344616,0.3348475014900274,0.038110461086034775,231619.015625,578230.875
258000,0.0,0.0073599999999999985,0.007601261138916016,0.8714479804039001,0.0034307267516851423,0.00021693406160920857,1.2861264985986054e-05,0.0033527659252285957,0.3381859089822925,0.038076192140579224,231661.8125,578186.75
260000,0.0,0.0073599999999999985,0.007601221402486147,0.8713741302490234,0.003431960567831993,0.000214811391197145,1.2539369345176964e-05,0.003366543212905526,0.3415386765373356,0.03810501843690872,231701.671875,578145.625
262000,0.0,0.0073599999999999985,0.007601221402486147,0.8713050484657288,0.003432057797908783,0.00021388649474829435,1.229068002430722e-05,0.0033683707006275654,0.3449052206815637,0.03807609900832176,231739.328125,578107.0625
264000,0.0,0.0073599999999999985,0.007601221402486147,0.8712385296821594,0.0034348074346780776,0.00021336898207664488,1.2076715211151168e-05,0.0033613520208746195,0.34827359347766706,0.03807615488767624,231775.375,578070.5625
266000,0.0,0.0073599999999999985,0.007601221402486147,0.8711739182472229,0.0034367978572845456,0.00021314686164259912,1.1950631596846506e-05,0.0033516082912683487,0.35163494596420297,0.038139164447784424,231810.1875,578035.3125
268000,0.0,0.0073599999999999985,0.007601221402486147,0.8711108565330505,0.003438862413167953,0.0002130408305674791,1.1891379836015404e-05,0.003341267118230462,0.3549865547211326,0.03807610273361206,231844.640625,578001.0
270000,0.0,0.0073599999999999985,0.007601221402486147,0.8710466623306274,0.0034417103976011275,0.00021314572077244518,1.1940101103391498e-05,0.003333430038765073,0.3583278220721937,0.03811037912964821,231879.75,577966.75
272000,0.0,0.007709999999999998,0.007950981458028195,0.8696718215942383,0.003503141924738884,0.0002620099810883403,5.884731072001159e-05,0.0033617825247347355,0.361661253275112,0.03806633502244949,232849.484375,577594.1875
274000,0.0,0.007709999999999998,0.007951021194458008,0.8685879707336426,0.0034919191151857377,0.000255668256431818,5.2509101806208485e-05,0.0033879519905894995,0.36502303696399996,0.03804149106144905,233441.453125,577057.125
276000,0.0,0.007709999999999998,0.007950901985168457,0.8677909970283508,0.003497391939163208,0.0002600259380415082,5.1942729623988273e-05,0.0034032973926514387,0.3684109882560975,0.038083404302597046,233866.8125,576575.1875
278000,0.0,0.007709999999999998,0.007950901985168457,0.8671056628227234,0.0034929901361465455,0.00027012948412448163,4.467246471904218e-05,0.003409178229048848,0.3718142847174264,0.03808357194066048,234234.828125,576170.125
280000,0.0,0.007709999999999998,0.007950782775878906,0.8664959073066711,0.0034889515489339826,0.00025964414235204455,3.796226810663938e-05,0.0034132034052163363,0.3752234622479833,0.03811773285269737,234563.265625,575815.75
282000,0.0,0.007709999999999998,0.007950703303019169,0.8659443259239197,0.0034856509417295453,0.00025382097810506816,3.416350809857249e-05,0.003423136891797185,0.3786366658860303,0.038083404302597046,234861.078125,575500.625
284000,0.0,0.007709999999999998,0.007950663566589355,0.8654271960258484,0.0034792188555002215,0.000249733473174274,3.2382927020080385e-05,0.0034233122132718563,0.3820598030106581,0.03808341547846794,235140.53125,575208.9375
286000,0.0,0.007709999999999998,0.007950623830159487,0.8649550080299377,0.003470182418823242,0.00024652262218296525,3.1072832643985746e-05,0.003417365252971649,0.38548311452543804,0.038083359599113464,235396.25,574945.9375
288000,0.0,0.007709999999999998,0.007950584093729618,0.8645017743110657,0.0034605026245117187,0.0002445623744279146,3.078651498071849e-05,0.0034106725361198187,0.3889004776829339,0.038117665797472,235641.921875,574694.125
290000,0.0,0.007709999999999998,0.007950584093729618,0.8640481233596802,0.0034440502524375914,0.00024283931124955416,3.025697951670736e-05,0.0034057535231113434,0.39231115138320694,0.03808342665433884,235887.875,574444.0625
292000,0.0,0.007709999999999998,0.007950544357299805,0.8636143207550049,0.0034282322973012923,0.00024213353171944618,2.9283034382387996e-05,0.003404480405151844,0.39571690420782635,0.03808344528079033,236123.28125,574207.3125
294000,0.0,0.007709999999999998,0.007950464884440067,0.8631998300552368,0.00341520719230175,0.00024183569476008413,2.845880517270416e-05,0.003406819887459278,0.39912138484580884,0.03808336704969406,236348.53125,573983.0
296000,0.0,0.007709999999999998,0.007950464884440067,0.8628026843070984,0.0033990129828453063,0.00024250196292996407,2.8055653092451394e-05,0.003413531929254532,0.40252820333628425,0.038083355873823166,236564.796875,573770.375
298000,0.0,0.007709999999999998,0.007950425148010254,0.8624085783958435,0.0033786777406930924,0.00024341328535228967,2.8434535488486292e-05,0.0034254146739840508,0.40594173619686136,0.03808342665433884,236779.578125,573560.625
300000,0.0,0.007709999999999998,0.007950425148010254,0.8620027303695679,0.0033574305474758145,0.0002464494900777936,2.9486507992260157e-05,0.003440583823248744,0.4093671501723535,0.038083404302597046,237001.171875,573348.0
302000,0.0,0.007709999999999998,0.007950305938720703,0.8615846633911133,0.0033380020409822463,0.00025029897224158046,3.0348310247063637e-05,0.0034560495987534523,0.41280773422843287,0.038083527237176895,237229.46875,573131.6875
304000,0.0,0.007709999999999998,0.007950186729431152,0.8611393570899963,0.003315789997577667,0.00025512019637972114,3.231026057619602e-05,0.0034712341148406267,0.41626378615549275,0.03808332979679108,237473.40625,572904.6875
306000,0.0,0.007709999999999998,0.007950226465860966,0.8606518507003784,0.003290954604744911,0.0002578046405687928,3.4906595828942955e-05,0.003486716654151678,0.41973502120165596,0.03806624934077263,237741.078125,572660.1875
308000,0.0,0.007709999999999998,0.007950226465861021,0.8601174354553223,0.003263699635863304,0.0002583205234259367,3.581110504455864e-05,0.0035011260770261288,0.42322173739014635,0.038083501160144806,238035.125,572396.8125
310000,0.0,0.007709999999999998,0.007950226465861021,0.8595396280288696,0.003229229524731636,0.0002635568147525191,3.816526150330901e-05,0.0035108323208987713,0.42672286183735797,0.03808349743485451,238354.171875,572116.625
312000,0.0,0.007709999999999998,0.007950226465861021,0.8589017987251282,0.0031975489109754562,0.00027589451055973766,4.3139859917573625e-05,0.003510701935738325,0.4302336918299503,0.03806634992361069,238706.078125,571809.625
314000,0.0,0.007709999999999998,0.007950186729431152,0.8581684827804565,0.0031732499599456785,0.00028712076600641013,4.748135688714683e-05,0.003499895567074418,0.43374439236870477,0.03806621581315994,239111.375,571458.4375
316000,0.0,0.007709999999999998,0.007950146993001339,0.8573309779167175,0.003140738233923912,0.0003022777149453759,5.328141851350665e-05,0.003479722887277603,0.43724428816860983,0.038066379725933075,239575.25,571062.25
318000,0.0,0.007709999999999998,0.007950027783711788,0.8562752604484558,0.003179338201880455,0.00034552637953311205,6.795235676690937e-05,0.0034550162963569164,0.44072401105588743,0.03806619346141815,240164.34375,570596.875
320000,0.0,0.007709999999999998,0.00795010725657147,0.8548328876495361,0.003242016956210136,0.0003810461144894361,8.53014411404729e-05,0.003437342122197151,0.4441790271194137,0.038041554391384125,240971.953125,569991.25
322000,0.0,0.007709999999999998,0.007950186729431152,0.8533602952957153,0.0032426409423351285,0.0003708679461851716,8.106871973723173e-05,0.003422589972615242,0.44761637017293343,0.038066357374191284,241774.078125,569241.25
324000,0.0,0.007709999999999998,0.00795026620229089,0.8519397974014282,0.003217445313930511,0.0003477251389995217,7.804824272170663e-05,0.0034125056117773056,0.45103896224102447,0.038041453808546066,242540.25,568467.4375
326000,0.0,0.007709999999999998,0.007950226465861021,0.8506048917770386,0.003265663981437683,0.0003310937900096178,7.651807391084729e-05,0.003399787237867713,0.4544514669214792,0.03806623816490173,243257.5625,567720.25
328000,0.0,0.007709999999999998,0.00795026620229089,0.8492485284805298,0.0032768979668617248,0.0003205833956599235,7.119778892956674e-05,0.003387191565707326,0.4578512536936856,0.038066260516643524,243991.25,566985.375
330000,0.0,0.007709999999999998,0.00795026620229089,0.8481157422065735,0.003286265581846237,0.0002982273930683732,6.361075211316347e-05,0.003372800536453724,0.4612384454922236,0.03806613013148308,244593.265625,566304.5625
332000,0.0,0.007709999999999998,0.00795026620229089,0.8471056222915649,0.003285624459385872,0.0002862297929823399,5.736889434047044e-05,0.003362608840689063,0.46461124672716925,0.03806626424193382,245132.046875,565705.625
334000,0.0,0.007709999999999998,0.007950186729431152,0.8462024927139282,0.0032769151031970976,0.00028758493717759845,5.5571569828316565e-05,0.003361221868544817,0.46797385673201153,0.03806629776954651,245615.109375,565174.25
336000,0.0,0.007709999999999998,0.007950146993001339,0.8453857898712158,0.0032636784017086025,0.0002945362590253353,5.228376248851419e-05,0.003367476863786578,0.4713350792990483,0.03806634619832039,246053.015625,564699.375
338000,0.0,0.007709999999999998,0.007950067520141602,0.8446356654167175,0.0032544318586587907,0.0002850467804819345,4.740143485832959e-05,0.003386407159268856,0.4747025573269881,0.03806641325354576,246456.265625,564269.875
340000,0.0,0.007709999999999998,0.007950067520141602,0.8439340591430664,0.0032449811697006226,0.0002786328084766865,4.329851071815938e-05,0.0034170958679169416,0.47808896308927307,0.038066212087869644,246834.390625,563874.3125
342000,0.0,0.007709999999999998,0.007950067520141602,0.8432592749595642,0.003240838646888733,0.00027597572188824414,4.130398738197982e-05,0.0034415400587022305,0.4815060582586981,0.03806634619832039,247199.625,563503.4375
344000,0.0,0.007709999999999998,0.007950067520141602,0.8425822257995605,0.003252384066581726,0.0002804163610562682,4.2463024146854875e-05,0.003454283345490694,0.4849475992487229,0.038083355873823166,247568.40625,563145.8125
346000,0.0,0.007709999999999998,0.007950067520141602,0.8419010043144226,0.0032320696860551833,0.0002791574224829674,4.1698521818034345e-05,0.0034610480070114136,0.4884018828270442,0.038066234439611435,247938.484375,562782.0625
348000,0.0,0.007709999999999998,0.007950067520141602,0.8412238359451294,0.003217995911836624,0.00027944780886173247,4.172757326159626e-05,0.003464014269411564,0.49186293153254756,0.03806636855006218,248306.28125,562420.6875
352000,0,0.007709999999999998,0.007950067520141602,0.8398125171661377,0.003195054456591606,0.0002898331498727202,4.596456419676542e-05,0.00347149302251637,0.49186293153254756,0.03806649148464203,249076.9375,561691.375
354000,0,0.007709999999999998,0.007950067520141602,0.8390389680862427,0.0031879346817731856,0.0002993428613990545,4.869949480053037e-05,0.0034786127507686615,0.49533442362374136,0.03806639462709427,249501.25,561305.0625
356000,0,0.007709999999999998,0.007950067520141602,0.8381982445716858,0.003188673034310341,0.000311416806653142,5.235748831182718e-05,0.003485588589683175,0.4988130361416794,0.03806627541780472,249963.1875,560888.25
358000,0,0.007709999999999998,0.007950027783711788,0.8372688889503479,0.0031985945999622343,0.0003302405122667551,5.720719927921891e-05,0.003486581612378359,0.5022986249641932,0.03810057416558266,250474.96875,560433.4375
360000,0,0.007709999999999998,0.007950027783711788,0.8361604809761047,0.0032793339341878887,0.0003608440747484565,6.972371484152973e-05,0.0034832535311579704,0.5057852070422328,0.03806639462709427,251090.40625,559920.9375
362000,0,0.007709999999999998,0.007950067520141602,0.8349437117576599,0.0032562408596277237,0.00035011644940823315,6.900564185343682e-05,0.003480230923742056,0.5092684615047134,0.038041453808546066,251757.5625,559314.4375
364000,0,0.007709999999999998,0.00795010725657147,0.8337360620498657,0.00322834700345993,0.00034243990667164325,7.110332371667028e-05,0.0034761761780828238,0.5127486945239312,0.03806624934077263,252414.484375,558683.4375
366000,0,0.007709999999999998,0.00795010725657147,0.8324791193008423,0.0031972646713256834,0.0003409558208659291,7.327210623770952e-05,0.0034822055604308844,0.5162248700035221,0.03808346390724182,253099.8125,558030.75
368000,0,0.007709999999999998,0.007950146993001339,0.8311663269996643,0.0031614575535058973,0.0003440225962549448,7.610404863953591e-05,0.003489201655611396,0.5197070743997998,0.038066256791353226,253816.28125,557352.625
370000,0,0.007709999999999998,0.007950146993001339,0.8297819495201111,0.003129350021481514,0.000352779938839376,7.99282279331237e-05,0.0034900298342108727,0.5231962760554112,0.03806621953845024,254573.34375,556641.6875
372000,0,0.007709999999999998,0.007950226465861021,0.8283002376556396,0.0030966751277446748,0.00036710398271679875,8.483249694108963e-05,0.0034847271163016558,0.5266863061224527,0.038066357374191284,255385.421875,555891.0625
374000,0,0.007709999999999998,0.007950226465861021,0.8266323208808899,0.003067735023796558,0.00040130093693733213,9.508304065093398e-05,0.0034786902833729982,0.5301710339372463,0.03804151713848114,256306.34375,555078.875
376000,0,0.007709999999999998,0.00795026620229089,0.8247511982917786,0.0030190296471118926,0.0004144788719713688,0.00010365406051278114,0.0034779259003698826,0.5336497235221274,0.03806622326374054,257343.75,554158.1875
378000,0,0.007709999999999998,0.007950305938720703,0.8227141499519348,0.0029988048598170282,0.0004296600818634033,0.00011263644555583596,0.0034796553663909435,0.537127648956836,0.038037434220314026,258463.234375,553140.75
380000,0,0.007709999999999998,0.00795026620229089,0.8205419778823853,0.0029702544212341308,0.0004427895415574312,0.00011969116749241949,0.00348768406547606,0.5406073045560575,0.03803752735257149,259653.671875,552036.3125
382000,0,0.007709999999999998,0.007950246334075928,0.8182446956634521,0.0029401661828160285,0.00045745298266410824,0.00012604971416294575,0.003505141008645296,0.544094988388703,0.03804127871990204,260911.296875,550859.6875
384000,0,0.007709999999999998,0.00795032580693561,0.8158355951309204,0.0029030889272689815,0.0004644867498427629,0.00013290420174598693,0.0035198386758565903,0.5476001275347031,0.038012441247701645,262229.59375,549618.0
386000,0,0.007709999999999998,0.007950524489084843,0.8133247494697571,0.0028603741899132728,0.0004719986580312252,0.00013865482760593294,0.003527968656271696,0.5511199678403742,0.038012612611055374,263602.65625,548317.375
388000,0,0.007709999999999998,0.00795060396194458,0.8107182383537292,0.0028185438364744186,0.00047940802760422225,0.00014324281364679335,0.0035350369289517403,0.554647935798154,0.03801262006163597,265027.78125,546961.6875
390000,0,0.007709999999999998,0.007950683434804262,0.8079896569252014,0.0028834937140345576,0.0005084070842713117,0.0001526717096567154,0.0035484095569700003,0.5581829734255976,0.03801242262125015,266522.4375,545552.6875
392000,0,0.007709999999999998,0.007950822512308775,0.8047619462013245,0.0028727283701300618,0.0005618928000330924,0.000164898915681988,0.0035878196358680725,0.5617313829825676,0.03801249340176582,268313.375,543984.625
394000,0,0.007709999999999998,0.007951100667317745,0.8014343976974487,0.0030061524361371995,0.0006047007162123918,0.0001813258626498282,0.003626036923378706,0.5653192019199438,0.03801251947879791,270142.34375,542289.1875
396000,0,0.007709999999999998,0.007951180140177372,0.7981818318367004,0.002953364886343479,0.000624383706599474,0.00014642202295362948,0.0036557787097990513,0.5689452393089838,0.038012631237506866,271899.71875,540503.5625
398000,0,0.007709999999999998,0.00795121987660724,0.7956356406211853,0.0029914863407611847,0.0005847527645528316,0.00013264886802062393,0.003653883235529065,0.5726010187172748,0.03804141655564308,273244.96875,538964.75
400000,0,0.007709999999999998,0.007951001326243046,0.7933063507080078,0.0030632534995675086,0.000548643758520484,0.00013082382502034305,0.003646995173767209,0.5762549024184651,0.03804156184196472,274493.625,537632.6875
402000,0,0.007709999999999998,0.007951100667317745,0.7908873558044434,0.0031237892806529996,0.0005049966741353274,0.00012816424714401364,0.003651344683021307,0.579901897126571,0.03801252320408821,275807.78125,536332.8125
404000,0,0.007709999999999998,0.007951100667317745,0.7886561155319214,0.003186697885394096,0.0004500309005379677,0.0001183115178719163,0.0036538499407470226,0.5835532425080843,0.03801253065466881,277004.34375,535074.1875
406000,0,0.007709999999999998,0.007951100667317745,0.7866144180297852,0.003271307796239853,0.00042547029443085194,0.00011091385968029498,0.003652058308944106,0.5872070929144926,0.03804144635796547,278099.84375,533918.25
408000,0,0.007709999999999998,0.00795110066731769,0.7847034335136414,0.003203313797712326,0.00040819114074110987,0.00010360728483647107,0.003644950222223997,0.5908591512234367,0.0380413681268692,279128.9375,532851.1875
410000,0,0.007709999999999998,0.007951100667317745,0.7829403877258301,0.003146300837397575,0.00038889599964022633,9.442283771932125e-05,0.003639560891315341,0.5945041005143381,0.038041505962610245,280075.71875,531856.875
412000,0,0.007709999999999998,0.007951021194458008,0.7813283801078796,0.0031272243708372117,0.00036507393233478066,8.723510545678435e-05,0.0036417164374142885,0.5981436618713147,0.038066212087869644,280939.8125,530943.4375
414000,0,0.007709999999999998,0.007951021194458008,0.7798594236373901,0.0031037967652082442,0.00034743929281830785,7.88409961387515e-05,0.0036523679737001657,0.6017853797057129,0.03806626796722412,281727.1875,530110.125
416000,0,0.007709999999999998,0.007950981458028195,0.7785249948501587,0.0030883727595210075,0.0003429294330999255,7.328318315558136e-05,0.0036596632562577724,0.6054377486107356,0.03804151713848114,282442.875,529351.3125
418000,0,0.007709999999999998,0.007950981458028195,0.7773045301437378,0.0030677676200866694,0.00033756282646209,6.903678877279162e-05,0.0036629654932767153,0.6090974111685015,0.03806627541780472,283098.84375,528661.125
420000,0,0.007709999999999998,0.007950901985168457,0.7761767506599426,0.0030521374195814134,0.0003261621808633208,6.370896589942276e-05,0.0036689341068267822,0.6127603775931008,0.03806621581315994,283705.5625,528026.8125
422000,0,0.007709999999999998,0.007950981458028195,0.7751114964485168,0.003044209815561771,0.0003203830448910594,6.082842010073364e-05,0.0036765476688742638,0.6164293112342663,0.03806624934077263,284280.625,527433.375
424000,0,0.007709999999999998,0.007950941721598326,0.774082601070404,0.00304598119109869,0.0003195504192262888,5.977132823318243e-05,0.0036837474908679724,0.6201058575061567,0.03806622326374054,284838.21875,526871.3125
426000,0,0.007709999999999998,0.007950981458028195,0.773057222366333,0.0030535658821463584,0.00032188140321522953,6.041020387783647e-05,0.003695262596011162,0.6237896049970246,0.03806624934077263,285396.5,526321.0
428000,0,0.007709999999999998,0.007950941721598326,0.7720342874526978,0.003059729002416134,0.0003214959520846605,5.988584016449749e-05,0.003706342075020075,0.6274848675930358,0.03806626424193382,285953.1875,525772.125
430000,0,0.007709999999999998,0.007950941721598326,0.7710492014884949,0.0030672186985611916,0.00032006993424147365,5.826484994031489e-05,0.0037170513533055782,0.6311912094352252,0.03806629031896591,286486.8125,525235.125
432000,0,0.008059999999999998,0.00830078125,0.7690006494522095,0.0030877619981765744,0.0003433814505115151,8.547974284738303e-05,0.0037590900901705027,0.6349082621855147,0.03805622085928917,287857.375,524421.0
434000,0,0.008059999999999998,0.00830066204071045,0.7675365805625916,0.0031125556677579877,0.0003445914480835199,8.413518080487848e-05,0.003781551495194435,0.6386673539054997,0.0380609855055809,288648.59375,523609.78125
436000,0,0.008059999999999998,0.008300741513570187,0.7659136652946472,0.0031132755801081655,0.00036096929106861354,8.34809907246381e-05,0.00380814541131258,0.6424489040037102,0.03806106746196747,289540.1875,522768.8125
438000,0,0.008059999999999998,0.00830066204071045,0.7646201252937317,0.003114970214664936,0.0003300470067188144,6.925815250724554e-05,0.0038210584316402674,0.6462570477852083,0.038095202296972275,290224.625,522002.6875
440000,0,0.008059999999999998,0.00830066204071045,0.763489305973053,0.0031097549945116043,0.000324632553383708,6.215152097865939e-05,0.0038279418367892504,0.6500781071481712,0.03809542581439018,290828.875,521349.75
442000,0,0.008059999999999998,0.00830066204071045,0.7624638080596924,0.0031068159267306325,0.00031763436272740363,5.749542033299804e-05,0.0038299360312521458,0.6539060496834523,0.038077324628829956,291380.15625,520768.3125
444000,0,0.008059999999999998,0.008300582567850767,0.7614734768867493,0.003103804215788841,0.00031760132405906917,5.74110948946327e-05,0.0038376683369278908,0.6577359861803658,0.03806104511022568,291917.375,520227.4375
446000,0,0.008059999999999998,0.008300503094991085,0.7605597972869873,0.0030972560867667197,0.0003166434820741415,5.322980578057468e-05,0.003841439727693796,0.6615736554486162,0.038090627640485764,292408.9375,519713.875
448000,0,0.008059999999999998,0.008300582567850767,0.7597203850746155,0.0030928088352084157,0.0003214476630091667,5.3702155128121376e-05,0.0038458884228020906,0.6654150940121568,0.03810766711831093,292861.84375,519246.40625
450000,0,0.008059999999999998,0.008300542831420898,0.7588845491409302,0.00309201218187809,0.000326956738717854,5.6014047004282475e-05,0.003859149292111397,0.6692609835991121,0.03809516504406929,293318.03125,518797.9375
452000,0,0.008059999999999998,0.008300542831420898,0.7580088376998901,0.0030898442491889,0.0003244266379624605,5.403698305599391e-05,0.0038738767616450787,0.6731201333568848,0.0380905345082283,293796.4375,518332.875
454000,0,0.008059999999999998,0.00830050309499103,0.7572265267372131,0.0030865101143717766,0.0003234531730413437,4.932340234518051e-05,0.0038958594668656588,0.6769940105841912,0.038103099912405014,294216.65625,517893.21875
456000,0,0.008059999999999998,0.008300423622131348,0.7565120458602905,0.0030804064124822614,0.000322382035665214,4.5573548413813106e-05,0.003927967511117458,0.6808898702838875,0.03810787945985794,294601.34375,517493.5
458000,0,0.008059999999999998,0.008300463358561161,0.7558496594429016,0.0030804799869656565,0.00031540589407086367,4.1100892121903596e-05,0.003958532586693764,0.6848178363980211,0.03809539973735809,294958.375,517123.25
460000,0,0.008059999999999998,0.008300463358561161,0.7552381753921509,0.003078942000865936,0.0003097706940025091,3.76235693693161e-05,0.004001666326075792,0.6887763703816987,0.0380953885614872,295288.4375,516782.53125
462000,0,0.008059999999999998,0.008300423622131348,0.7546631693840027,0.0030762212350964545,0.0003057951107621193,3.459712606854737e-05,0.00403671246021986,0.6927780371734358,0.038107819855213165,295599.4375,516465.0625
464000,0,0.008059999999999998,0.008300423622131348,0.7541318535804749,0.0030742716044187546,0.00030355092603713275,3.262409300077706e-05,0.0040568639524281025,0.6968147510306395,0.038095373660326004,295886.5,516171.09375
466000,0,0.008059999999999998,0.008300383885701479,0.7536323666572571,0.0030766695737838743,0.0003021834185346961,3.130785189568997e-05,0.004081291612237692,0.7008716145174063,0.03809533268213272,296156.125,515894.03125
468000,0,0.008059999999999998,0.008300423622131348,0.7531567215919495,0.003076945804059505,0.0003002098761498928,2.9522308614104988e-05,0.004126463085412979,0.7049529056639827,0.03810776770114899,296413.46875,515632.5625
470000,0,0.008059999999999998,0.008300383885701479,0.7527239918708801,0.0030783522874116894,0.00029835468158125874,2.8503782232291996e-05,0.004164425656199455,0.709079369215057,0.03810283541679382,296647.34375,515393.625
472000,0,0.008059999999999998,0.008300423622131348,0.7523146867752075,0.0030804747715592385,0.00029853510204702616,2.8074087458662687e-05,0.004178691655397415,0.7132437971995629,0.03809052333235741,296868.65625,515166.625
474000,0,0.008059999999999998,0.008300423622131348,0.751907229423523,0.003081583604216576,0.00029866215772926806,2.797639463096857e-05,0.004179310519248247,0.7174224879236377,0.03810320794582367,297088.3125,514940.84375
476000,0,0.008059999999999998,0.008300423622131348,0.751516580581665,0.0030870478600263595,0.0002988499589264393,2.703536010812968e-05,0.004179251380264759,0.7216017989085473,0.038103003054857254,297299.875,514726.375
478000,0,0.008059999999999998,0.008300383885701479,0.7511588931083679,0.00309259369969368,0.0002994951792061329,2.631166425999254e-05,0.004188621416687965,0.7257810507544733,0.03810775652527809,297494.15625,514531.3125
480000,0,0.008059999999999998,0.008300383885701479,0.7508206367492676,0.0030975069850683215,0.0003001193748787045,2.6304571656510236e-05,0.004211352672427893,0.7299696731024838,0.03810780495405197,297678.125,514348.125
482000,0,0.008059999999999998,0.008300383885701479,0.7504850029945374,0.003099486604332924,0.0003008094383403659,2.6146357413381335e-05,0.004245430696755648,0.734181026240573,0.03810298815369606,297860.5,514166.59375
484000,0,0.008059999999999998,0.008300423622131348,0.7501713037490845,0.0031029293313622475,0.0003026814199984074,2.5694421492516994e-05,0.004274874925613403,0.73842645740299,0.038107894361019135,298030.15625,513993.65625
486000,0,0.008059999999999998,0.008300383885701479,0.7498859763145447,0.0031061574816703794,0.0003053416730836034,2.553077065385878e-05,0.004278942011296749,0.7427013323286034,0.03810770437121391,298183.8125,513834.65625
488000,0,0.008059999999999998,0.008300423622131348,0.74962317943573,0.003109381534159183,0.0003091444028541446,2.5670693139545617e-05,0.004259902983903885,0.7469802743399001,0.03810292109847069,298325.5,513688.0625
490000,0,0.008059999999999998,0.00830034414927161,0.7493807673454285,0.003110715374350548,0.0003134211292490363,2.5056407321244478e-05,0.004237193614244461,0.7512401759268201,0.038103047758340836,298456.25,513552.84375
492000,0,0.008059999999999998,0.00830034414927161,0.7491563558578491,0.0031126035377383233,0.00031800894066691393,2.4233161821030076e-05,0.0042185476049780846,0.7554773695410646,0.03810766339302063,298577.40625,513427.6875
494000,0,0.008059999999999998,0.00830034414927161,0.7489467859268188,0.003111977502703666,0.0003219082951545715,2.3288528609555215e-05,0.004206384532153606,0.7596959185430265,0.03810665011405945,298690.59375,513311.125
496000,0,0.008059999999999998,0.00830034414927161,0.7487510442733765,0.003114146739244461,0.0003217505291104316,2.2461995831690727e-05,0.004199698567390442,0.7639023021438576,0.03810287266969681,298796.5,513202.4375
498000,0,0.008059999999999998,0.00830034414927161,0.7485665082931519,0.0031184155493974683,0.0003154974430799484,2.1828270109836013e-05,0.004199307411909103,0.7681020016425706,0.03810291737318039,298896.40625,513100.34375
500000,0,0.008059999999999998,0.00830034414927161,0.7483958005905151,0.0031187593936920165,0.00031312415376305575,2.0911049796268346e-05,0.004205665085464716,0.7723013099858023,0.038107581436634064,298988.9375,513006.03125
502000,0,0.008059999999999998,0.00830034414927161,0.7482401728630066,0.0031167531386017797,0.0003114634426310658,1.9796263950411232e-05,0.00421341136097908,0.7765069746056057,0.0381145253777504,299073.5,512920.65625
504000,0,0.008059999999999998,0.00830034414927161,0.7480971813201904,0.003114844113588333,0.00030967018101364375,1.9073372823186218e-05,0.004216011147946119,0.7807203864322461,0.038114577531814575,299151.28125,512841.75
506000,0,0.008059999999999998,0.008300264676411928,0.7479612231254578,0.003115283697843551,0.0003074391046538949,1.833962887758389e-05,0.0042170872911810875,0.7849363980458535,0.038107726722955704,299225.03125,512766.875
508000,0,0.008059999999999998,0.008300304412841797,0.7478314638137817,0.0031164411455392835,0.0003057546215131879,1.7566137830726803e-05,0.004217823501676321,0.7891534839400507,0.038107600063085556,299295.625,512695.53125
510000,0,0.008059999999999998,0.00830034414927161,0.7477065920829773,0.003114400804042816,0.00030441503040492537,1.7011389718391002e-05,0.004219661932438612,0.7933713060447432,0.0381074883043766,299363.3125,512627.21875
512000,0,0.008409999999999997,0.008650143941243527,0.7463773488998413,0.0031408969312906264,0.00033143311738967893,5.276641459204256e-05,0.004262576345354319,0.7975909665801979,0.03807989880442619,300361.4375,512221.6875
514000,0,0.008409999999999997,0.008650104204813658,0.7455329298973083,0.003137302398681641,0.0003354824148118496,5.222504260018468e-05,0.004292620345950127,0.8018535443225361,0.03807981312274933,300822.96875,511764.90625
516000,0,0.008409999999999997,0.008650223414103153,0.7447022795677185,0.003125801309943199,0.00033830755855888126,5.2521016914397475e-05,0.00431195180863142,0.8061461660654701,0.03807970881462097,301278.21875,511317.75
518000,0,0.008409999999999997,0.008650223414103153,0.7438586354255676,0.003111945278942585,0.0003408862976357341,5.3512648446485396e-05,0.004311063792556524,0.8104581164771176,0.03810470923781395,301743.03125,510869.8125
520000,0,0.008409999999999997,0.008650143941243471,0.742973268032074,0.0030885690823197363,0.00034247357398271556,5.53116900846362e-05,0.004306620452553034,0.8147691812009967,0.03812112286686897,302232.5,510405.25
522000,0,0.008409999999999997,0.008650024731953976,0.7420237064361572,0.003063167817890644,0.00034456602297723294,5.765010137110948e-05,0.004299499094486237,0.819075802119211,0.03813819959759712,302760.8125,509915.5625
524000,0,0.008409999999999997,0.008649945259094238,0.7409756779670715,0.0030300229787826537,0.0003538350341841578,6.266096606850624e-05,0.004280648194253445,0.8233753030763424,0.03813818842172623,303346.15625,509381.59375
526000,0,0.008409999999999997,0.008649905522664425,0.7397801876068115,0.002998085878789425,0.00037428359501063825,7.295931573025882e-05,0.004269544500857592,0.827655953133241,0.03813819959759712,304017.5625,508781.625
528000,0,0.008409999999999997,0.008649786313374874,0.7384095191955566,0.002960788458585739,0.00040164808742702005,8.279840694740415e-05,0.004278259817510843,0.831925496702776,0.03814185410737991,304788.53125,508093.375
530000,0,0.008409999999999997,0.008649388949076353,0.7368166446685791,0.0029536301270127294,0.0004302379675209522,9.557949961163104e-05,0.004286237992346287,0.8362037569859482,0.0382111482322216,305686.625,507299.0625
532000,0,0.008409999999999997,0.008649150530497252,0.7350438237190247,0.002976122684776783,0.00044920220971107484,0.00010099814971908927,0.004289289470762014,0.8404899935813106,0.0383136160671711,306672.875,506387.65625
534000,0,0.008409999999999997,0.008649110794067383,0.733074426651001,0.0030154315754771233,0.0004915457684546709,0.00011157495900988579,0.004310968331992626,0.8447792830520726,0.038362618535757065,307769.5625,505391.40625
536000,0,0.008409999999999997,0.00864919026692712,0.7311393022537231,0.002991322800517082,0.00046052136458456515,0.00010768764186650514,0.004325227811932564,0.8490902513840652,0.038267914205789566,308822.25,504342.1875
538000,0,0.008409999999999997,0.008649269739786802,0.7293736934661865,0.0029926938936114308,0.0004063684027642011,9.20520513318479e-05,0.004321205895394087,0.8534154801273204,0.038138069212436676,309767.375,503338.4375
540000,0,0.008409999999999997,0.00864919026692712,0.727855920791626,0.002988095209002495,0.0003806577995419502,8.279196335934103e-05,0.004315793514251709,0.8577366874196983,0.038138218224048615,310578.03125,502471.03125
542000,0,0.008409999999999997,0.008649110794067383,0.726484477519989,0.00300266332924366,0.0003665053751319647,7.688867044635117e-05,0.004322050604969263,0.8620524804682888,0.0381382592022419,311316.53125,501703.0625
544000,0,0.008409999999999997,0.00864907105763757,0.7251935005187988,0.0029926754534244536,0.00035982828121632336,7.155752973631024e-05,0.004325686488300562,0.8663745315389193,0.038138117641210556,312013.75,500991.09375
546000,0,0.008409999999999997,0.008649110794067383,0.724014401435852,0.0029967790469527245,0.000352946761995554,6.516726571135223e-05,0.0043357727117836475,0.8707002184928812,0.03813811391592026,312649.15625,500336.71875
548000,0,0.008409999999999997,0.00864907105763757,0.7229145169258118,0.003000355139374733,0.0003463787958025932,6.098204175941646e-05,0.004339094273746014,0.8750359907390035,0.03813821077346802,313243.53125,499730.6875
550000,0,0.008409999999999997,0.008649110794067383,0.7218769192695618,0.0030103124678134917,0.0003436974715441465,5.765453679487109e-05,0.0043571325950324535,0.8793750850127495,0.03813831880688667,313805.375,499162.0625
552000,0,0.008409999999999997,0.008649150530497252,0.7209153175354004,0.0030245786532759667,0.0003425612114369869,5.435934290289878e-05,0.004359053913503885,0.8837322185391046,0.03813831880688667,314323.6875,498629.8125
554000,0,0.008409999999999997,0.008649110794067383,0.7200444936752319,0.003041251562535763,0.0003469685558229685,5.265612853690982e-05,0.004361972212791443,0.8880912724526084,0.03813840076327324,314790.78125,498141.5
556000,0,0.008409999999999997,0.008649150530497196,0.7192671895027161,0.0030511751770973205,0.00035362327471375463,5.06094831507653e-05,0.004384049214422703,0.8924532441997386,0.03812144696712494,315207.625,497705.4375
558000,0,0.008409999999999997,0.008649110794067383,0.7185693383216858,0.003063376247882843,0.00035172014031559223,4.506791883613914e-05,0.004395010881125927,0.8968372938798226,0.03810478746891022,315582.1875,497313.8125
560000,0,0.008409999999999997,0.008649150530497196,0.7179368138313293,0.003073172271251678,0.0003516340395435691,4.075050237588584e-05,0.004381224978715181,0.9012323042952872,0.03810484707355499,315921.625,496959.9375
562000,0,0.008409999999999997,0.008649031321207645,0.7173625826835632,0.0030769499018788336,0.0003478463971987367,3.753030323423445e-05,0.004358789883553982,0.9056135297396637,0.038104914128780365,316230.25,496639.40625
564000,0,0.008409999999999997,0.008648991584777832,0.7168324589729309,0.0030788779258728027,0.00034547133836895224,3.494948614388704e-05,0.004344564396888018,0.9099723205545402,0.03807994723320007,316516.15625,496346.46875
566000,0,0.008409999999999997,0.008649031321207645,0.7163454294204712,0.0030799431726336477,0.000344735593535006,3.3829163294285534e-05,0.00434296065941453,0.9143168863484121,0.03807994723320007,316779.1875,496078.15625
568000,0,0.008409999999999997,0.008649031321207645,0.7158740162849426,0.0030789125710725786,0.00034400110598653555,3.368496836628765e-05,0.004353558644652367,0.9186598470078267,0.03808005154132843,317033.90625,495818.71875
570000,0,0.008409999999999997,0.008649031321207645,0.7154253125190735,0.0030786111950874325,0.00034484048373997214,3.253450558986515e-05,0.004369271919131279,0.9230134042554952,0.038079794496297836,317277.53125,495574.90625
572000,0,0.008409999999999997,0.008649031321207645,0.7149952054023743,0.0030762895941734312,0.0003464688314124942,3.210245631635189e-05,0.004372653551399708,0.9273826761746264,0.03807985782623291,317511.78125,495342.875
574000,0,0.008409999999999997,0.008648991584777832,0.7145742177963257,0.0030698111280798913,0.00034819964785128834,3.213169693481177e-05,0.00436512753367424,0.9317553297260261,0.038079846650362015,317741.6875,495117.25
576000,0,0.008409999999999997,0.008649031321207645,0.7141538858413696,0.0030636506155133246,0.000349985808134079,3.242419334128499e-05,0.004358702804893255,0.9361204595880068,0.03808003291487694,317971.875,494893.71875
578000,0,0.008409999999999997,0.008648991584777832,0.7137255668640137,0.0030567217618227005,0.00034992930013686416,3.2883582753129305e-05,0.004357193596661091,0.9404791623929001,0.038079921156167984,318206.96875,494667.53125
580000,0,0.008409999999999997,0.008649031321207645,0.7132811546325684,0.0030498042702674865,0.0003508029272779822,3.373562067281455e-05,0.004359912592917681,0.9448363564552225,0.03807992860674858,318451.3125,494434.375
582000,0,0.008409999999999997,0.008649031321207645,0.7128142714500427,0.003039116226136684,0.0003527410561218858,3.504452179186046e-05,0.004365724045783281,0.9491962681168176,0.03807983547449112,318709.25,494190.90625
584000,0,0.008409999999999997,0.008648991584777832,0.7123150825500488,0.0030294468626379965,0.00035619460977613925,3.698267973959446e-05,0.004372023977339268,0.9535619930939234,0.03807978332042694,318985.34375,493932.71875
586000,0,0.008409999999999997,0.008648991584777832,0.7117722034454346,0.0030192714184522624,0.0003619466908276081,3.9724947419017555e-05,0.004374657291918993,0.9579340180025853,0.03807993233203888,319286.25,493653.21875
588000,0,0.008409999999999997,0.008648991584777832,0.7111706733703613,0.0030086616054177283,0.0003710869932547211,4.330196243245154e-05,0.00436974223703146,0.9623086752945043,0.038079891353845596,319620.65625,493345.40625
590000,0,0.008409999999999997,0.008648991584777832,0.7105072736740112,0.002997111715376377,0.00037843773607164615,4.6658402425237e-05,0.004357344005256891,0.9666784175315357,0.038079824298620224,319990.65625,493009.53125
592000,0,0.008759999999999997,0.008998910586039244,0.7086263298988342,0.003022301010787487,0.0004160981625318527,8.238074951805174e-05,0.004383808001875877,0.97103576060547,0.03810365870594978,321314.5625,492318.40625
594000,0,0.008759999999999997,0.008998870849609375,0.707106351852417,0.003028390556573868,0.00043836324475705625,8.69263138156384e-05,0.004408557433634996,0.9754195676760233,0.038099661469459534,322156.1875,491529.03125
596000,0,0.008759999999999997,0.008998910586039244,0.7055014967918396,0.0030394341796636582,0.00045718294568359853,9.116497822105884e-05,0.00444459542632103,0.9798281269723035,0.0381036140024662,323044.34375,490695.09375
598000,0,0.008759999999999997,0.008998910586039244,0.7038211226463318,0.0030504487454891204,0.0004717244300991297,9.450859506614505e-05,0.004476600792258978,0.9842727219329632,0.038103483617305756,323971.90625,489815.4375
600000,0,0.008759999999999997,0.008998950322469113,0.7020847797393799,0.0030647050589323044,0.0004831136669963598,9.693730971775948e-05,0.0044933161698281765,0.9887493217938996,0.038086507469415665,324928.0625,488900.75
602000,0,0.008759999999999997,0.008998950322469113,0.7002565860748291,0.003065342269837856,0.0005067092366516589,0.00010260726558044552,0.004496895242482424,0.9932426374980665,0.038065940141677856,325939.09375,487946.71875
604000,0,0.008759999999999997,0.008998890717824282,0.6982808709144592,0.003055045753717422,0.0005196030251681805,0.00011138737900182604,0.004496993962675333,0.9977395318092264,0.03808317705988884,327034.1875,486921.09375
606000,0,0.008759999999999997,0.00899893045425415,0.6961256861686707,0.003064682334661484,0.0005303811281919479,0.00011436451459303498,0.0045011029578745365,1.0022365257719017,0.038099367171525955,328229.0625,485802.34375
608000,0,0.008759999999999997,0.00899893045425415,0.6940307021141052,0.0030413439497351644,0.0005123330280184746,0.00011289037065580486,0.0044949655421078205,1.0067376287297762,0.03808704391121864,329372.3125,484672.25
610000,0,0.008759999999999997,0.008998950322469113,0.6919517517089844,0.0030144568532705306,0.0005047220736742019,0.00011287196539342403,0.004489994142204523,1.011232594271884,0.038099583238363266,330508.46875,483553.75
612000,0,0.008759999999999997,0.008998950322469113,0.689857006072998,0.002996321953833103,0.0005046234931796789,0.00011377179762348532,0.004493501037359238,1.0157225865514434,0.03808620199561119,331656.25,482433.03125
614000,0,0.008759999999999997,0.008998950322469113,0.6877400279045105,0.002987552434206009,0.0005075883585959673,0.00011542085558176042,0.004497027490288019,1.02021608665748,0.03809955343604088,332817.1875,481301.90625
616000,0,0.008759999999999997,0.00899893045425415,0.6855553388595581,0.0029742226004600527,0.0005258549936115742,0.0001223801518790424,0.004499999340623617,1.0247131127507842,0.03810349851846695,334020.5,480145.5
618000,0,0.008759999999999997,0.00899893045425415,0.6831904053688049,0.002986769564449787,0.0005607145372778176,0.00013293002266436815,0.004512138199061155,1.0292131125570692,0.038103293627500534,335333.03125,478915.15625
620000,0,0.008759999999999997,0.008998990058898926,0.680656373500824,0.00297834649682045,0.0005766880698502064,0.00013601075625047088,0.004532606340944767,1.0337252507561303,0.03806600347161293,336735.1875,477586.1875
622000,0,0.008759999999999997,0.008998950322469113,0.6781253814697266,0.0029619665816426276,0.0005746758542954922,0.00013721203431487082,0.004541435744613409,1.0382578566314138,0.03808606415987015,338122.5,476230.3125
624000,0,0.008759999999999997,0.008998990058898926,0.6755533218383789,0.0029565179720520973,0.0005761594045907259,0.00014026988064870237,0.0045477719977498055,1.0427992923760272,0.03810349106788635,339536.71875,474861.09375
626000,0,0.008759999999999997,0.008999069531758663,0.6730231046676636,0.0029562853276729585,0.0005578525830060244,0.00013599589001387358,0.00455179950222373,1.0473470634424544,0.03809951990842819,340917.75,473492.0
628000,0,0.008759999999999997,0.008999029795328795,0.6705790758132935,0.0029823437333106996,0.0005479182116687297,0.0001331044244579971,0.0045518637634813786,1.0518988638760007,0.03810357302427292,342249.875,472166.53125
630000,0,0.008759999999999997,0.008999009927113832,0.6681778430938721,0.002974591217935085,0.0005459888372570277,0.00013043979415670038,0.004550465382635593,1.0564507271738208,0.03810344263911247,343562.59375,470871.5
632000,0,0.008759999999999997,0.008999009927113832,0.6657905578613281,0.0029583455994725226,0.0005506468005478382,0.0001333955442532897,0.004557609558105469,1.0610011916251338,0.03809968754649162,344871.3125,469590.53125
634000,0,0.008759999999999997,0.008999049663543701,0.663357675075531,0.002941814623773098,0.0005526850931346416,0.0001334506901912391,0.004582857713103294,1.0655588021145619,0.03810333088040352,346207.09375,468288.8125
636000,0,0.008759999999999997,0.008999009927113832,0.6609529256820679,0.0029160493984818456,0.0005448720417916775,0.00013243108987808226,0.004614276811480522,1.0701416616903103,0.03809962049126625,347522.59375,466992.46875
638000,0,0.008759999999999997,0.008999049663543701,0.6585325598716736,0.0028904544189572333,0.0005571609362959862,0.00013656605733558536,0.0046518114395439625,1.0747559380361296,0.03810345381498337,348851.6875,465697.15625
640000,0,0.008759999999999997,0.008999069531758663,0.6560195684432983,0.002891228348016739,0.0005738497246056795,0.00013941475190222262,0.004705493338406086,1.0794077490100122,0.038083355873823166,350235.78125,464359.40625
642000,0,0.008759999999999997,0.008999029795328795,0.653428852558136,0.002913985773921013,0.0005909900646656752,0.00014461370883509515,0.004764106590300798,1.084113243279741,0.03810368850827217,351663.21875,462980.40625
644000,0,0.008759999999999997,0.008999009927113832,0.6507335901260376,0.0029221683740615844,0.0006080464925616979,0.00014959893887862564,0.00480670016258955,1.0888773489387191,0.03809930384159088,353149.03125,461546.84375
646000,0,0.008759999999999997,0.008999029795328795,0.647956132888794,0.002941172756254673,0.0006173864472657442,0.00015321591636165976,0.00484086386859417,1.0936840486356474,0.038103438913822174,354678.78125,460065.875
648000,0,0.008759999999999997,0.008998990058898926,0.6451385021209717,0.002965936996042728,0.0006154754199087619,0.00015298567013815044,0.00488684605807066,1.0985249120385803,0.03808248043060303,356226.375,458555.4375
650000,0,0.008759999999999997,0.008998990058898926,0.6423608064651489,0.002992163971066475,0.000605495274066925,0.00014949901960790158,0.004953150637447834,1.1034117594936348,0.03809947893023491,357746.90625,457056.03125
652000,0,0.008759999999999997,0.008998990058898926,0.6396458148956299,0.002995555847883224,0.0006000997964292765,0.00014728019014000892,0.005026818253099918,1.1083649082684375,0.03810359537601471,359232.5,455589.25
654000,0,0.008759999999999997,0.008998990058898926,0.6369533538818359,0.003018288500607014,0.0006110217887908219,0.00014902983093634248,0.005092466715723276,1.1133917265215374,0.038099661469459534,360709.15625,454140.1875
656000,0,0.008759999999999997,0.008998990058898926,0.6339644193649292,0.002996867708861828,0.0006821244955062866,0.00016841863980516792,0.0051759895868599415,1.1184841950999058,0.03808309882879257,362375.0,452577.75
658000,0,0.008759999999999997,0.008998990058898926,0.6308755874633789,0.0029850633814930915,0.0006626011338084937,0.00016507041873410342,0.005225539673119783,1.123660185152427,0.038103584200143814,364071.5625,450917.875
660000,0,0.008759999999999997,0.008999029795328795,0.6278690099716187,0.0029888587072491647,0.0006430156063288449,0.00015962402103468775,0.005280669312924147,1.1288857238942243,0.03810353949666023,365718.34375,449294.53125
662000,0,0.008759999999999997,0.008998990058898926,0.6249624490737915,0.0029838260263204573,0.0006269372999668122,0.00015457503031939267,0.005338465329259634,1.1341663913445033,0.03810359165072441,367309.15625,447722.0625
664000,0,0.008759999999999997,0.008998990058898926,0.6221327781677246,0.002967643178999424,0.000617401348426938,0.00015123018529266118,0.005407125223428011,1.1395048543454565,0.03810346871614456,368858.40625,446192.125
666000,0,0.008759999999999997,0.008998990058898926,0.6193785071372986,0.002987431176006794,0.0006085054483264685,0.0001479706959798932,0.005473250523209572,1.144911980500207,0.038103505969047546,370366.59375,444703.21875
668000,0,0.008759999999999997,0.008998990058898926,0.6166031360626221,0.0029519299045205113,0.0006189880426973104,0.0001511440728791058,0.0055586956441402435,1.1503852328860618,0.038083191961050034,371893.5,443214.375
670000,0,0.008759999999999997,0.008998990058898926,0.613799512386322,0.002951577864587307,0.0006378570105880499,0.000158239237498492,0.005693419836461544,1.1559439280645407,0.038099560886621475,373432.21875,441703.34375
672000,0,0.009109999999999997,0.009348909060160338,0.6099686622619629,0.00302724726498127,0.000638735992833972,0.00017464060802012684,0.005946701858192682,1.1616373455726958,0.03806503862142563,375862.0,439889.0625
674000,0,0.009109999999999997,0.009348869323730469,0.6067866683006287,0.003047782927751541,0.0006166283041238785,0.00016338726272806524,0.006062536966055632,1.167584048362211,0.038065072149038315,377598.375,438154.40625
676000,0,0.009109999999999997,0.009348869323730469,0.603795051574707,0.0030607713386416433,0.000613235868513584,0.0001581488992087543,0.0061010075733065605,1.1736465843969441,0.038065169006586075,379229.40625,436521.125
678000,0,0.009109999999999997,0.009348829587300655,0.6009151935577393,0.003061988204717636,0.0006059749983251094,0.0001519069308415055,0.006136030424386263,1.179747589176283,0.03806508332490921,380802.5625,434953.1875
680000,0,0.009109999999999997,0.009348809719085693,0.5981739163398743,0.003053782135248184,0.0005920620635151862,0.00014560974668711423,0.006223219446837902,1.1858836182036854,0.038065120577812195,382299.3125,433459.78125
682000,0,0.009109999999999997,0.009348809719085693,0.5955329537391663,0.003025096468627453,0.000589781766757369,0.00014347977703437208,0.006300247274339199,1.1921068367192007,0.038065001368522644,383742.78125,432023.34375
684000,0,0.009109999999999997,0.009348809719085693,0.5928955674171448,0.0030078126117587087,0.0006217977497726678,0.00015139877796173094,0.0064733740873634815,1.1984070821308948,0.03806527704000473,385186.96875,430592.84375
686000,0,0.009109999999999997,0.009348829587300655,0.5898526310920715,0.0030151372775435448,0.000722969276830554,0.00017820906359702348,0.006747524254024029,1.2048804566839195,0.03806506469845772,386866.78125,428962.0
688000,0,0.009109999999999997,0.00934894879659015,0.5863711833953857,0.003047250211238861,0.0007243080530315637,0.00017943967832252384,0.007132218685001135,1.2116279795409597,0.038065105676651,388801.59375,427113.625
690000,0,0.009109999999999997,0.009348909060160282,0.5833799839019775,0.003054999187588691,0.0006068427581340074,0.00014102879213169215,0.0073824976570904255,1.218760198691622,0.03806512430310249,390449.4375,425503.3125
692000,0,0.009109999999999997,0.009348869323730469,0.5809456706047058,0.0030666761100292205,0.000579530606046319,0.00012803865829482674,0.007493190933018923,1.2261426963487125,0.038065094500780106,391776.4375,424173.25
694000,0,0.009109999999999997,0.009348948796590206,0.5787628889083862,0.003061079047620296,0.0005478441715240478,0.00011153691448271274,0.007628692779690027,1.2336358844877637,0.03806507587432861,392971.8125,422987.78125
696000,0,0.009109999999999997,0.009348909060160338,0.5769281983375549,0.0030721275135874746,0.0005090671591460704,9.43800900131464e-05,0.007716672960668802,1.2412645763361312,0.03806493431329727,393966.875,421978.65625
698000,0,0.009109999999999997,0.009348909060160338,0.5753588676452637,0.0030916586518287656,0.0004931130912154912,8.381763473153114e-05,0.007814737036824226,1.2489812506937839,0.0380651131272316,394814.34375,421110.125
700000,0,0.009109999999999997,0.009348909060160338,0.5739740133285522,0.0031045617535710337,0.00048395055346190925,7.504617096856236e-05,0.008000938221812248,1.256795987730608,0.038065105676651,395561.875,420343.6875
702000,0,0.009109999999999997,0.009348909060160338,0.5727211236953735,0.003110178932547569,0.0004728766158223152,6.670336006209254e-05,0.00813033152371645,1.2647969259524203,0.03806508332490921,396239.8125,419653.0625
704000,0,0.009109999999999997,0.009348869323730469,0.5715885162353516,0.0031162034720182414,0.0004662311170250177,6.099008023738861e-05,0.008163749240338802,1.2729272565448142,0.03806515410542488,396852.96875,419028.1875
706000,0,0.009109999999999997,0.009348909060160338,0.5705609917640686,0.0031204065307974815,0.0004639262333512306,5.715173319913447e-05,0.008233367465436459,1.2810910076477982,0.038065094500780106,397409.8125,418462.65625
708000,0,0.009109999999999997,0.009348909060160338,0.5696183443069458,0.0031245669350028035,0.0004641155246645212,5.452974583022296e-05,0.0083841010928154,1.2893243751132346,0.038065001368522644,397920.21875,417943.59375
710000,0,0.009109999999999997,0.009348948796590206,0.5687479376792908,0.0031282700598239898,0.00046105850487947463,5.1818543579429384e-05,0.00870384182780981,1.2977084743434049,0.03806517273187637,398392.0,417464.65625
712000,0,0.009109999999999997,0.009348948796590206,0.5679559707641602,0.0031297452747821807,0.00045477207750082015,4.664618463721126e-05,0.009158376604318619,1.3064123124459244,0.03806518018245697,398822.5625,417030.75
714000,0,0.009109999999999997,0.00934898853302002,0.5672388076782227,0.0031313538551330563,0.00045057837851345537,4.315297119319439e-05,0.00991745013743639,1.3155706899815656,0.038065291941165924,399212.59375,416637.875
716000,0,0.009109999999999997,0.00934898853302002,0.5665875673294067,0.0031351812183856966,0.00044850013218820093,4.027803370263427e-05,0.010871479287743568,1.3254881429129697,0.038065169006586075,399567.625,416282.375
718000,0,0.009109999999999997,0.00934898853302002,0.5659970045089722,0.003139721229672432,0.00044784327037632464,3.7231671740300953e-05,0.011796187609434128,1.3363596259260035,0.03806519880890846,399890.0625,415960.3125
720000,0,0.009109999999999997,0.00934898853302002,0.5654588341712952,0.0031400341540575027,0.0004470097366720438,3.424886963330209e-05,0.013104893267154694,1.3481558163294054,0.038065120577812195,400183.8125,415666.90625
722000,0,0.009109999999999997,0.00934898853302002,0.5649644732475281,0.0031345468014478683,0.00044576944783329957,3.172055585309863e-05,0.014858844690024853,1.3612607068025924,0.03806517273187637,400453.875,415397.90625
724000,0,0.009109999999999997,0.00934898853302002,0.564519464969635,0.0031356334686279295,0.0004456739407032728,2.9581962735392153e-05,0.016104334965348244,1.3761195486986495,0.03806505724787712,400696.4375,415154.78125
726000,0,0.009109999999999997,0.009349028269449833,0.5641087293624878,0.003137360513210297,0.00044523184187710284,2.8278279933147134e-05,0.01710769720375538,1.3922238836639977,0.038065165281295776,400920.28125,414930.5625
728000,0,0.009109999999999997,0.009349028269449833,0.5637216567993164,0.003138674423098564,0.0004450603388249874,2.745683887042105e-05,0.01803046278655529,1.4093315808677531,0.0380651131272316,401130.71875,414718.90625
730000,0,0.009109999999999997,0.009349028269449833,0.5633530020713806,0.003140293061733246,0.00044425050728023055,2.6633311063051223e-05,0.018843544647097588,1.4273620455169536,0.03806508705019951,401331.625,414517.375
732000,0,0.009109999999999997,0.009349028269449833,0.5630096793174744,0.003139795735478401,0.0004440926481038332,2.539534179959446e-05,0.019182128831744194,1.4462055789881803,0.03806505724787712,401518.625,414330.34375
734000,0,0.009109999999999997,0.009349068005879702,0.5626969933509827,0.003138672560453415,0.00044322465546429155,2.4438259424641727e-05,0.019989533349871635,1.4653877059572793,0.038065105676651,401689.4375,414159.75
736000,0,0.009109999999999997,0.009349068005879702,0.5624057054519653,0.0031373172998428343,0.0004423459526151419,2.3972761118784545e-05,0.02051791176199913,1.4853772374445058,0.03806509077548981,401848.28125,414001.03125
738000,0,0.009109999999999997,0.009349068005879702,0.5621305704116821,0.0031363647431135178,0.0004415985196828842,2.3668583889957513e-05,0.020989546552300453,1.5058951361679889,0.03806506469845772,401998.1875,413850.65625
740000,0,0.009109999999999997,0.009349068005879702,0.561869204044342,0.003136289119720459,0.0004412177950143814,2.3381426581181584e-05,0.021323909983038902,1.5268846752697087,0.038065146654844284,402140.5625,413708.03125
742000,0,0.009109999999999997,0.009349068005879702,0.5616209506988525,0.0031370092183351512,0.0004409425891935825,2.3059832165017722e-05,0.02160060405731201,1.5482085833901025,0.038065120577812195,402275.65625,413572.6875
744000,0,0.009109999999999997,0.009349068005879702,0.5613852143287659,0.003136380761861801,0.00044091586023569106,2.2883054043631997e-05,0.021827997639775276,1.5698091855847693,0.038065243512392044,402404.21875,413444.15625
746000,0,0.009109999999999997,0.00934910774230957,0.5611600279808044,0.0031362559646368024,0.00044087856076657767,2.2752609220333396e-05,0.02202778309583664,1.591637186949835,0.03806508705019951,402527.3125,413321.53125
748000,0,0.009109999999999997,0.00934910774230957,0.5609439015388489,0.00313543863594532,0.00044090989977121355,2.264924987684935e-05,0.022154757753014565,1.613664962595091,0.038065072149038315,402645.40625,413204.03125
750000,0,0.009109999999999997,0.00934910774230957,0.560736894607544,0.0031356699764728546,0.00044076149351894854,2.230588434031233e-05,0.022244630381464958,1.63581971476017,0.03806499391794205,402758.5,413091.0
752000,0,0.009459999999999996,0.009698947270711245,0.5594595670700073,0.003153165429830551,0.0004452653229236603,5.324218072928488e-05,0.027684509754180908,1.658064345141635,0.0380263514816761,403821.8125,412648.40625
754000,0,0.009459999999999996,0.009698907534281376,0.5585522651672363,0.003156845644116402,0.0004460947122424841,5.2604149095714094e-05,0.0337788425385952,1.6857488474452353,0.038008712232112885,404323.875,412161.46875
756000,0,0.009459999999999996,0.009698947270711245,0.5576601624488831,0.0031536381691694257,0.0004484610166400671,5.33668149728328e-05,0.044692039489746094,1.7195276974344111,0.037992212921381,404820.15625,411686.03125
758000,0,0.009459999999999996,0.009698768456776918,0.556728184223175,0.0031475387513637543,0.0004548319615423679,5.805431865155697e-05,0.10502951592206955,1.7642197481000281,0.038026243448257446,405345.0625,411197.9375
760000,0,0.009459999999999996,0.00969866911570233,0.5556809902191162,0.0031290598213672637,0.0004676945973187685,6.695031188428402e-05,0.12079134583473206,1.8692493012750007,0.03800862655043602,405944.5625,410660.875
762000,0,0.009459999999999996,0.00969866911570233,0.554388701915741,0.0030930139124393462,0.0004950491245836019,8.468997548334299e-05,0.14617285132408142,1.9900406098568297,0.03799226135015488,406697.90625,410014.84375
764000,0,0.009459999999999996,0.009698549906412779,0.5526586174964905,0.0030379908159375193,0.00055508385412395,0.0001156515092588961,0.15939107537269592,2.1362134909832333,0.03797593340277672,407720.6875,409167.46875
766000,0,0.009459999999999996,0.009698629379272461,0.5502614378929138,0.0030030565336346625,0.0006386559456586838,0.00015444335294887424,0.17524434626102448,2.2956044918501233,0.03793039172887802,409143.0625,407997.46875
768000,0,0.009459999999999996,0.009698708852132198,0.5468240976333618,0.003045042045414448,0.0007912567816674709,0.00023113556671887635,0.2020650953054428,2.4708488381111477,0.0379304438829422,411204.28125,406341.78125
770000,0,0.009459999999999996,0.009698927402496338,0.5423505306243896,0.002974584326148033,0.0008198450319468975,0.0002454859437420964,0.23214088380336761,2.6729139185154294,0.037930361926555634,413771.53125,404040.46875
772000,0,0.009459999999999996,0.009698867797851562,0.5378914475440979,0.0029829459264874457,0.0007542195264250039,0.00022829805966466664,0.23012767732143402,2.9050548619234418,0.037959106266498566,416212.6875,401603.21875
774000,0,0.009459999999999996,0.009698967138926207,0.5337132215499878,0.0029711442068219183,0.0007208490278571843,0.00021150587126612662,0.24499644339084625,3.1351825988495206,0.037992216646671295,418490.78125,399306.625
776000,0,0.009459999999999996,0.009698867797851562,0.529810905456543,0.0029742708429694176,0.0007207806222140788,0.00020255157724022866,0.2449837625026703,3.3801790124380444,0.037992365658283234,420625.875,397169.875
778000,0,0.009459999999999996,0.009698867797851562,0.5259872078895569,0.0029805123805999754,0.000735529512166977,0.00020369882695376871,0.23024405539035797,3.6251627451383923,0.038026392459869385,422743.21875,395104.4375
780000,0,0.009459999999999996,0.009698867797851562,0.5221124887466431,0.003026301227509975,0.0007856600917875767,0.0002089046174660325,0.23349347710609436,3.8554067558252667,0.038026515394449234,424899.375,393022.21875
782000,0,0.009459999999999996,0.0096989472707113,0.5181905031204224,0.0029449352994561197,0.0007367647718638181,0.0002030319534242153,0.23673474788665771,4.088900247832522,0.03800848126411438,427065.0625,390896.03125
784000,0,0.009459999999999996,0.009698987007141113,0.5144572854042053,0.0029042597860097887,0.0006997699849307536,0.00019102346850559114,0.24179036915302277,4.325634921213374,0.038026224821805954,429105.1875,388848.5625
786000,0,0.009459999999999996,0.009698987007141113,0.5109182596206665,0.002887686528265476,0.0006940359715372324,0.00018574834102764727,0.23353759944438934,4.567425230761752,0.038026269525289536,431049.0,386918.0625
788000,0,0.009459999999999996,0.009698987007141113,0.507434606552124,0.0029120469465851785,0.0007015914656221866,0.00018678756896406412,0.23481644690036774,4.800962904711947,0.03800852969288826,432977.375,385032.125
790000,0,0.009459999999999996,0.009698987007141113,0.5040472149848938,0.002945014089345932,0.0006691359914839268,0.00017350929556414485,0.24860620498657227,5.035779366513476,0.038008540868759155,434830.6875,383175.6875
792000,0,0.009459999999999996,0.009699026743570927,0.5009516477584839,0.0029672881588339805,0.0006499368697404862,0.00015848920447751879,0.23455366492271423,5.2843856460058545,0.03802638128399849,436512.78125,381467.59375
794000,0,0.009459999999999996,0.009699106216430664,0.4980747401714325,0.002975929901003837,0.0006396928336471319,0.00015548126539215447,0.24568302929401398,5.518939132114634,0.03802621737122536,438091.5,379896.4375
796000,0,0.009459999999999996,0.009699026743570927,0.4952862560749054,0.002980753220617771,0.0006249698344618082,0.0001482607563957572,0.23567736148834229,5.764622116705165,0.038026466965675354,439624.1875,378375.40625
798000,0,0.009459999999999996,0.009698987007141113,0.4925937056541443,0.0029928663745522497,0.0006240630988031625,0.00014615607215091584,0.24163983762264252,6.00029938878654,0.03799226135015488,441108.78125,376910.28125
800000,0,0.009459999999999996,0.009698987007141113,0.4899548888206482,0.002998744323849678,0.0006187860388308763,0.00014170430367812514,0.2313309907913208,6.241939300914988,0.038008514791727066,442561.5,375472.3125
802000,0,0.009459999999999996,0.009699026743570927,0.48742106556892395,0.003003726713359356,0.0006203201599419117,0.0001354584819637239,0.24557781219482422,6.473270336409793,0.03802633285522461,443952.15625,374087.84375
804000,0,0.009459999999999996,0.009699026743570982,0.4849482476711273,0.003001686558127403,0.0006129621993750334,0.0001359285321086645,0.23250266909599304,6.718848118802295,0.03802650049328804,445323.75,372750.71875
806000,0,0.009459999999999996,0.009699026743570927,0.48252683877944946,0.0029945241287350653,0.0006011432968080043,0.0001294476562179625,0.23797161877155304,6.951350832601771,0.03802642598748207,446656.15625,371429.40625
808000,0,0.009459999999999996,0.0096989472707113,0.48018258810043335,0.002990959212183952,0.0006026913411915301,0.00012935632839798926,0.2321494221687317,7.189322376867518,0.03802619129419327,447949.1875,370153.21875
810000,0,0.009459999999999996,0.009698907534281431,0.4778374135494232,0.0029880888760089874,0.0006082329433411359,0.0001296361908316612,0.24739326536655426,7.42147179903625,0.038026437163352966,449248.0625,368881.34375
812000,0,0.009459999999999996,0.00969882806142175,0.4754481911659241,0.0030000114813447,0.0006385594606399536,0.00013836915604770184,0.23801444470882416,7.668865034600482,0.03802620247006416,450582.375,367595.4375
814000,0,0.009459999999999996,0.009698907534281376,0.4728826880455017,0.0029926408082246777,0.0006422057282179594,0.00013947472907602788,0.24392570555210114,7.906879449506984,0.03802628815174103,452020.34375,366219.15625
816000,0,0.009459999999999996,0.009698867797851562,0.4704764187335968,0.0029730094596743585,0.0005780538078397512,0.00012206934625282883,0.23731160163879395,8.150805110355602,0.03802638128399849,453323.0625,364886.59375
818000,0,0.009459999999999996,0.009698867797851562,0.4683598279953003,0.0029752830043435095,0.0005550459958612919,0.00010957157937809824,0.23090794682502747,8.388116741796718,0.03802632912993431,454470.1875,363715.6875
820000,0,0.009459999999999996,0.00969882806142175,0.46648213267326355,0.002975781448185444,0.0005419902969151734,9.876037947833538e-05,0.236472025513649,8.619024718424068,0.03802633285522461,455488.40625,362677.09375
822000,0,0.009459999999999996,0.00969882806142175,0.4648066461086273,0.0029772883281111717,0.0005334308836609124,9.116291184909641e-05,0.2300443798303604,8.8554967886412,0.038008660078048706,456398.3125,361752.0625
824000,0,0.009459999999999996,0.009698867797851562,0.46328210830688477,0.002978283539414406,0.0005296049173921346,8.486333535984159e-05,0.23173822462558746,9.085541168471561,0.03802644833922386,457230.4375,360913.78125
826000,0,0.009459999999999996,0.009698867797851562,0.46187373995780945,0.002980798482894897,0.0005238592624664306,7.970955921337009e-05,0.23007304966449738,9.317279393097149,0.03802647814154625,458000.53125,360140.96875
828000,0,0.009459999999999996,0.009698768456776974,0.4605574309825897,0.0029862763360142706,0.0005171357654035091,7.547903805971146e-05,0.22492459416389465,9.547352472563968,0.0380086824297905,458721.1875,359419.21875
830000,0,0.009459999999999996,0.009698768456776918,0.45931705832481384,0.002993457019329071,0.0005127143114805221,7.107267156243324e-05,0.22937922179698944,9.772277096530186,0.038026392459869385,459400.875,358739.5
832000,0,0.009809999999999996,0.010048548380533817,0.45720624923706055,0.003012021631002426,0.0005366451106965541,9.974709246307611e-05,0.2911508083343506,10.001656407734142,0.03798713907599449,460967.96875,357789.28125
834000,0,0.009809999999999996,0.010048449039459229,0.455493688583374,0.0030266307294368744,0.0005360019393265247,9.424665477126835e-05,0.3559376895427704,10.292807335277782,0.03798786550760269,461910.5625,356853.1875
836000,0,0.009809999999999996,0.010048429171244322,0.4539123475551605,0.003039504587650299,0.0005319025367498398,8.799053030088544e-05,0.4102238118648529,10.64874499501823,0.037987712770700455,462779.03125,355987.375
838000,0,0.009809999999999996,0.010048429171244322,0.45244747400283813,0.003049997985363006,0.000525030167773366,8.250958635471762e-05,0.5033259391784668,11.05896889629005,0.0379701666533947,463583.5,355185.125
840000,0,0.009809999999999996,0.010048409303029415,0.4510806202888489,0.0030597239732742306,0.0005206801928579807,7.786586065776645e-05,0.5559567213058472,11.562294775863872,0.037987783551216125,464334.8125,354437.3125
842000,0,0.009809999999999996,0.010048369566599546,0.4497824013233185,0.0030672280117869377,0.0005195822101086378,7.485581445507704e-05,0.6149168610572815,12.11825125875114,0.03797014802694321,465050.5,353728.34375
844000,0,0.009809999999999996,0.01004834969838464,0.4485173225402832,0.0030765065923333166,0.0005225649103522301,7.426781812682747e-05,0.6479755640029907,12.733168417831646,0.037970252335071564,465752.34375,353041.59375
846000,0,0.009809999999999996,0.010048449039459229,0.4472608268260956,0.003051156550645828,0.0005511348601430654,6.931743700988591e-05,0.7052654027938843,13.381143922229992,0.0378502756357193,466450.65625,352361.125
848000,0,0.009809999999999996,0.010048548380533817,0.44592541456222534,0.003015545569360256,0.0005598276853561402,8.524126606062055e-05,0.7552909255027771,14.08640974225639,0.03795400261878967,467228.5625,351670.9375
850000,0,0.009809999999999996,0.010048468907674135,0.4443439245223999,0.0029937554150819773,0.0005791021976619959,0.00010426961816847324,0.7948662638664246,14.84170108499168,0.03798860311508179,468132.0,350835.15625
852000,0,0.009809999999999996,0.010048329830169678,0.44230955839157104,0.0029789080843329427,0.0006351152434945106,0.0001360748312436044,0.8474546670913696,15.636567468067394,0.03795384615659714,469301.75,349761.8125
854000,0,0.009809999999999996,0.010048190752665165,0.43965944647789,0.002960834465920925,0.0006881011184304952,0.00016656636726111173,0.886637270450592,16.48402171792625,0.03798787295818329,470817.84375,348356.78125
856000,0,0.009809999999999996,0.0100480318069458,0.4360868036746979,0.002942548133432865,0.0008622767403721808,0.00024085561744868753,0.9307636618614197,17.370658869167553,0.03798708692193031,472882.3125,346478.65625
858000,0,0.009809999999999996,0.010048111279805483,0.4318808317184448,0.0029407070949673654,0.00074707199819386,0.00020837467163801194,0.9563921689987183,18.301422709842907,0.037970174103975296,475223.8125,344194.78125
860000,0,0.009809999999999996,0.010048170884450258,0.42817386984825134,0.002937912382185459,0.0007070518098771572,0.00019441914046183225,0.9321380257606506,19.25781505765556,0.03798803314566612,477263.53125,342163.34375
862000,0,0.009809999999999996,0.01004813114802039,0.42476144433021545,0.0029598718509078023,0.000671943323686719,0.0001717499806545675,0.9105085134506226,20.189953262230144,0.03798779100179672,479142.59375,340294.1875
864000,0,0.009809999999999996,0.01004813114802039,0.4217371344566345,0.002990524098277092,0.0006756817921996116,0.00016433405689895154,0.885856032371521,21.100461477657543,0.03798718377947807,480806.3125,338636.5625
866000,0,0.009809999999999996,0.0100480318069458,0.4186583161354065,0.002972388453781605,0.0006905043963342905,0.00017479523085057734,0.8889203071594238,21.98631756963371,0.037987612187862396,482521.125,336964.96875
868000,0,0.009809999999999996,0.010048091411590576,0.4154069423675537,0.0029576752334833146,0.0006719636730849743,0.000166597799398005,0.8848854303359985,22.875238055607067,0.0379878468811512,484334.0625,335200.21875
870000,0,0.009809999999999996,0.010048111279805538,0.4124816060066223,0.0029478104785084724,0.0006516995374113321,0.00015308846486732363,0.872666597366333,23.760123068710552,0.03797021135687828,485945.75,333597.84375
872000,0,0.009809999999999996,0.010048111279805538,0.4097863733768463,0.002930798381567001,0.0006405746564269066,0.0001444476074539125,0.8668575882911682,24.632789427658306,0.03798787295818329,487435.96875,332125.5
874000,0,0.009809999999999996,0.010048091411590576,0.4072114825248718,0.0029118234291672707,0.0006445033475756645,0.00014479486271739005,0.8645663261413574,25.49964707555412,0.037987977266311646,488864.125,330722.0
876000,0,0.009809999999999996,0.010048091411590576,0.40455883741378784,0.00289718396961689,0.0006619384046643972,0.00015432441141456364,0.865120530128479,26.3642136997187,0.037987831979990005,490342.8125,329281.3125
878000,0,0.009809999999999996,0.010048051675160707,0.40166354179382324,0.0028798686340451235,0.0006875646766275168,0.0001696941442787647,0.8682351112365723,27.229333812614666,0.0379701666533947,491961.0,327711.21875
880000,0,0.009809999999999996,0.010047972202301025,0.3984196186065674,0.002854916639626026,0.0007199038285762071,0.00018902054289355872,0.8770232200622559,28.097569102665172,0.03798782452940941,493775.71875,325953.0625
882000,0,0.009809999999999996,0.010048011938730839,0.3948715627193451,0.00284343846142292,0.000725256372243166,0.00019626785069704056,0.8863674402236938,28.974592620750652,0.03798802196979523,495757.6875,324027.0
884000,0,0.009809999999999996,0.010047415892283085,0.39125585556030273,0.0028478922322392464,0.0007201367523521184,0.00019594933837652206,1.553784728050232,29.860960299392925,0.037987835705280304,497771.0625,322058.125
886000,0,0.009809999999999996,0.010040799776713072,0.3877984881401062,0.0028684597462415697,0.0007296560797840357,0.0001982294488698244,27.413066864013672,31.414744908233867,0.040252696722745895,499729.65625,320142.625
888000,0,0.009809999999999996,0.010033845901489258,0.3852585554122925,0.0028751030564308166,0.0007178845349699258,0.00019696156959980726,68.99669647216797,58.827800328155746,0.0627899318933487,501193.28125,318704.1875
890000,0,0.009809999999999996,0.010031481583913149,0.38332393765449524,0.0029027339071035383,0.0007163538597524166,0.00018919197609648108,88.14087677001953,127.82446628274559,0.0689697265625,502284.40625,317620.3125
892000,0,0.009809999999999996,0.010029772917429625,0.3818490207195282,0.002903969585895538,0.0006974349729716777,0.0001804460887797177,102.08834838867188,215.96537357034325,0.070770263671875,503114.34375,316793.5625
894000,0,0.009809999999999996,0.01002722978591919,0.3807255029678345,0.0029074661433696742,0.0006888562347739935,0.00017507158918306231,114.65274810791016,318.05370670022603,0.07183837890625,503743.65625,316159.9375
896000,0,0.009809999999999996,0.010025064150492369,0.379789263010025,0.00291060172021389,0.0006849602796137333,0.0001735313911922276,121.96290588378906,432.7064853257143,0.0738525539636612,504263.125,315635.4375
898000,0,0.009809999999999996,0.010026156902313232,0.37897950410842896,0.002911300770938396,0.0006810787133872509,0.00017096042865887286,128.1145782470703,554.6693683213198,0.066070556640625,504715.625,315182.9375
900000,0,0.009809999999999996,0.01002359390258789,0.3783031105995178,0.0029123121872544288,0.0006779117509722709,0.00016905354568734767,130.7631378173828,682.7839770859682,0.0732116848230362,505091.375,314808.15625
902000,0,0.009809999999999996,0.010025103886922182,0.37774208188056946,0.0029119404032826425,0.0006759492680430412,0.0001677642576396465,136.8396453857422,813.547099644562,0.0764160230755806,505405.75,314491.71875
904000,0,0.009809999999999996,0.010023057460784912,0.3772749602794647,0.002912952750921249,0.0006732056383043527,0.0001661769230850041,140.56121826171875,950.3868671006167,0.060546889901161194,505667.65625,314232.21875
906000,0,0.009809999999999996,0.010022302468617739,0.3768784999847412,0.0029126124456524847,0.00067090829834342,0.00016490736743435264,140.69351196289062,1090.9481463974917,0.0653991773724556,505887.40625,314014.5625
908000,0,0.009809999999999996,0.01002192497253418,0.3765324354171753,0.0029112078249454495,0.000668866978958249,0.0001638702698983252,141.7415313720703,1231.6416888779604,0.0678558275103569,506079.5,313823.71875
910000,0,0.009809999999999996,0.01002164681752521,0.37622517347335815,0.002910223603248596,0.0006672038231045007,0.00016305614262819289,142.5717010498047,1373.383296543976,0.070587158203125,506250.03125,313654.21875
912000,0,0.010159999999999995,0.01037051280339557,0.37513941526412964,0.002915482223033905,0.0006983790546655655,0.00019533175509423018,148.5851287841797,1515.9551654404604,0.074005126953125,507303.8125,313220.875
914000,0,0.010159999999999995,0.01036896308263141,0.3744196593761444,0.002913312241435051,0.0006919866893440485,0.00019080499187111853,161.21934509277344,1664.5403247422182,0.0650024488568306,507715.40625,312813.65625
916000,0,0.010159999999999995,0.010368724664052309,0.37382927536964417,0.002911677770316601,0.000686396611854434,0.00018599510658532382,160.91506958007812,1825.7596393174135,0.06341552734375,508041.71875,312489.1875
918000,0,0.010159999999999995,0.010369082291920961,0.3733545243740082,0.00290994755923748,0.0006829793564975262,0.00018258907366544008,153.29718017578125,1986.6747546738588,0.0785064771771431,508295.40625,312234.9375
920000,0,0.010159999999999995,0.010370492935180664,0.3729676902294159,0.002908996306359768,0.0006800239905714988,0.00018030484206974504,156.9943084716797,2139.971904332062,0.0851440504193306,508510.71875,312016.46875
922000,0,0.010159999999999995,0.0103702346483866,0.37264782190322876,0.002908073365688324,0.0006778731010854245,0.00017832949524745345,162.74844360351562,2296.9662128037417,0.060958873480558395,508692.125,311834.46875
924000,0,0.010159999999999995,0.01036973794301349,0.3723810911178589,0.002908342517912388,0.0006763978395611048,0.00017696059076115488,160.30308532714844,2459.714641148468,0.0579833984375,508835.40625,311689.75
926000,0,0.010159999999999995,0.01036945978800452,0.372152715921402,0.0029074938967823985,0.0006759962067008019,0.00017624713946133854,158.2717742919922,2620.0176806992495,0.061782848089933395,508957.25,311565.125
928000,0,0.010159999999999995,0.010369360446929932,0.37195897102355957,0.0029068861156702043,0.0006753582507371903,0.000175274012144655,156.6750030517578,2778.2894549912417,0.06378177553415298,509062.4375,311460.1875
930000,0,0.010159999999999995,0.010369300842285156,0.3717935085296631,0.0029068293049931524,0.0006751252803951502,0.00017463472904637455,155.8199920654297,2934.9645190781557,0.0646209791302681,509152.375,311369.84375
932000,0,0.010159999999999995,0.010369300842285156,0.3716476261615753,0.0029055241495370867,0.0006754800677299499,0.0001742864144034684,155.2326202392578,3090.7845264023745,0.065765380859375,509231.46875,311289.96875
934000,0,0.010159999999999995,0.010369300842285156,0.3715180456638336,0.0029055140912532806,0.0006754765287041664,0.00017398851923644543,154.94869995117188,3246.0171771592104,0.0664977952837944,509302.15625,311218.71875
936000,0,0.010159999999999995,0.010369300842285156,0.37140128016471863,0.0029058458283543584,0.0006759309209883212,0.00017389127751812338,154.73936462402344,3400.9659228867495,0.0670776516199112,509365.75,311154.5
938000,0,0.010159999999999995,0.01036924123764038,0.37129446864128113,0.0029055969789624214,0.0006767910439521073,0.00017357397591695188,154.62794494628906,3555.7052417344057,0.0674591138958931,509424.25,311095.8125
940000,0,0.010159999999999995,0.01036924123764038,0.3711963891983032,0.0029055163264274596,0.0006777728907763958,0.00017288816161453724,154.53619384765625,3710.333247715851,0.0677337720990181,509478.0,311041.8125
942000,0,0.010159999999999995,0.010369181632995605,0.37110504508018494,0.0029055101796984675,0.0006784520577639341,0.00017242601606994867,154.4846649169922,3864.869426304718,0.0679168775677681,509527.96875,310991.5625
944000,0,0.010159999999999995,0.010369141896565737,0.37101927399635315,0.002905640937387943,0.000678319251164794,0.00017203418537974357,154.46707153320312,4019.3541217392885,0.0679931640625,509575.03125,310944.40625
946000,0,0.010159999999999995,0.010369141896565737,0.37093812227249146,0.002905537374317646,0.0006784197874367237,0.0001717342995107174,154.44471740722656,4173.821239048859,0.0681457668542862,509619.78125,310899.625
948000,0,0.010159999999999995,0.010369141896565737,0.3708612322807312,0.0029053736478090284,0.0006785047240555286,0.0001715021440759301,154.4361572265625,4328.2659869736635,0.0681762844324112,509662.0,310857.25
950000,0,0.010159999999999995,0.010369141896565737,0.37078768014907837,0.002905600890517235,0.0006786049809306859,0.00017132237553596497,154.4498748779297,4482.702220494171,0.0681915208697319,509702.46875,310816.8125
952000,0,0.010159999999999995,0.010369082291920961,0.3707173466682434,0.0029050799086689947,0.0006787021178752184,0.0001711795921437442,154.4576873779297,4637.15211063089,0.06822206825017929,509741.1875,310778.1875
954000,0,0.010159999999999995,0.010369082291920961,0.37064993381500244,0.002905117720365524,0.0006788215599954128,0.0001710263779386878,154.45469665527344,4791.609843785187,0.0681610181927681,509778.21875,310741.09375
956000,0,0.010159999999999995,0.010369082291920961,0.3705851435661316,0.002904871478676796,0.0006790841929614544,0.0001709248754195869,154.4770965576172,4946.064479405304,0.0681610256433487,509814.0,310705.3125
958000,0,0.010159999999999995,0.010369082291920961,0.37052205204963684,0.0029044967144727708,0.0006787573918700218,0.00017083571292459966,154.49546813964844,5100.54159122171,0.0681762844324112,509848.71875,310670.75
960000,0,0.010159999999999995,0.010369082291920961,0.37046101689338684,0.002904747426509857,0.0006786076817661524,0.00017074948409572243,154.5004425048828,5255.037089878937,0.06817626953125,509882.25,310637.125
962000,0,0.010159999999999995,0.010369082291920961,0.3704019784927368,0.0029048705473542213,0.0006786136422306299,0.0001706527080386877,154.51351928710938,5409.537547642609,0.06817626953125,509914.9375,310604.75
964000,0,0.010159999999999995,0.010369082291920961,0.37034451961517334,0.0029048422351479527,0.0006785519886761903,0.00017058654921129346,154.52337646484375,5564.051097447296,0.0681305006146431,509946.65625,310572.96875
966000,0,0.010159999999999995,0.010369022687276186,0.37028852105140686,0.0029053548350930214,0.0006784852128475904,0.0001704786904156208,154.5372772216797,5718.574489170929,0.068023681640625,509977.59375,310542.1875
968000,0,0.010159999999999995,0.010369022687276186,0.3702342212200165,0.0029052555561065673,0.0006784505676478146,0.00017038846854120493,154.55409240722656,5873.111781651398,0.0680542066693306,510007.6875,310512.40625
970000,0,0.010159999999999995,0.010368982950846373,0.37018120288848877,0.0029053125530481335,0.0006784167606383563,0.00017034321790561078,154.5697784423828,6027.665935093781,0.0680084303021431,510036.90625,310483.28125
972000,0,0.010159999999999995,0.010368982950846373,0.37012946605682373,0.002905480004847049,0.0006784412078559399,0.00017027943395078182,154.59312438964844,6182.235728794953,0.06797792762517929,510065.46875,310455.0
974000,0,0.010159999999999995,0.010368982950846373,0.37007880210876465,0.0029056765139102935,0.0006783799733966589,0.00017023491673171518,154.6060791015625,6336.82886844339,0.0679626613855362,510093.34375,310427.03125
976000,0,0.010159999999999995,0.010368982950846373,0.37002918124198914,0.002906266786158085,0.0006783590652048588,0.00017018142389133573,154.6127166748047,6491.435008580109,0.0679473951458931,510120.78125,310399.8125
978000,0,0.010159999999999995,0.010368982950846373,0.36998090147972107,0.00290704183280468,0.0006783325225114822,0.000170129956677556,154.64151000976562,6646.0477099961245,0.06793215870857239,510147.5625,310373.375
980000,0,0.010159999999999995,0.010368982950846373,0.3699333369731903,0.002907218411564827,0.0006783910561352968,0.00017010623123496772,154.6667022705078,6800.6893115586245,0.0679016038775444,510173.8125,310347.0625
982000,0,0.010159999999999995,0.010368982950846373,0.36988645792007446,0.002907218039035797,0.0006784785538911819,0.00017006611451506613,154.67881774902344,6955.356105381867,0.06793215870857239,510199.65625,310321.5625
984000,0,0.010159999999999995,0.010368982950846373,0.3698408305644989,0.002907283417880535,0.0006785798352211713,0.0001700088148936629,154.7065887451172,7110.034953648468,0.06793215870857239,510225.03125,310296.3125
986000,0,0.010159999999999995,0.010368982950846373,0.36979618668556213,0.002906192280352116,0.0006786225829273462,0.00017000277293846008,154.71131896972656,7264.7415729111635,0.0679016262292862,510249.90625,310271.8125
988000,0,0.010159999999999995,0.010368982950846373,0.36975234746932983,0.0029063532128930088,0.0006784297060221433,0.00017000642837956546,154.7315673828125,7419.452907139679,0.06790163367986679,510274.09375,310247.6875
990000,0,0.010159999999999995,0.010368982950846373,0.3697092533111572,0.0029068103060126303,0.0006783693097531796,0.00016996199265122413,154.75506591796875,7574.18450504007,0.0678253099322319,510297.96875,310224.15625
992000,0,0.010509999999999995,0.010717729727427128,0.3688935935497284,0.0029124759137630464,0.0006944393273442983,0.0001988857751712203,162.67578125,7728.939601475617,0.0671844556927681,511206.40625,309932.25
994000,0,0.010509999999999995,0.010716398557027218,0.368458092212677,0.0029149822890758514,0.0006924161221832037,0.00019560216460376978,168.03541564941406,7891.615428501984,0.078125,511455.1875,309688.28125
996000,0,0.010509999999999995,0.010715941588083921,0.36815476417541504,0.0029157763347029686,0.0006925459019839764,0.00019449453102424739,183.5709228515625,8059.650889927765,0.0605774000287056,511636.5625,309503.84375
998000,0,0.010509999999999995,0.010715285936991392,0.36793145537376404,0.002916302904486656,0.0006930895615369081,0.00019335849210619924,178.33551025390625,8243.221843296906,0.0664978176355362,511754.21875,309385.9375
1000000,0,0.010509999999999995,0.010714987913767515,0.3677609860897064,0.0029167624190449713,0.0006953598000109196,0.00019166753627359865,180.13938903808594,8421.557338292023,0.0674743726849556,511849.6875,309289.71875
1002000,0,0.010509999999999995,0.01071476936340332,0.367626816034317,0.002916247397661209,0.0006962042767554522,0.0001902522286400199,181.2425994873047,8601.696727330109,0.06771853566169739,511924.53125,309214.4375
1004000,0,0.010509999999999995,0.010714689890543638,0.36751797795295715,0.0029160907492041584,0.0006963018793612718,0.00018937528366222978,182.11932373046875,8782.939326817414,0.0678711086511612,511985.15625,309153.53125
1006000,0,0.010509999999999995,0.010714630285898863,0.3674277067184448,0.002915834635496139,0.0006960616447031498,0.00018883058801293372,182.83482360839844,8965.058665806671,0.0677642822265625,512035.375,309102.90625
1008000,0,0.010509999999999995,0.010714530944824219,0.3673509359359741,0.0029164113104343417,0.0006959185469895601,0.00018838285468518736,183.4765625,9147.893504673859,0.0675506591796875,512078.25,309059.75
1010000,0,0.010509999999999995,0.010714550813039181,0.3672839105129242,0.0029165262356400487,0.000695811677724123,0.00018807387677952648,183.9748077392578,9331.370082432648,0.06745913624763489,512115.6875,309022.25
1012000,0,0.010509999999999995,0.010714471340179443,0.36722448468208313,0.002916373312473297,0.0006956955883651971,0.00018788932356983423,184.28753662109375,9515.344844395539,0.0673980712890625,512148.65625,308989.0
1014000,0,0.010509999999999995,0.01071443160374963,0.3671708405017853,0.002916535548865795,0.0006956099532544613,0.00018776864744722842,184.67433166503906,9699.632472569367,0.0674285963177681,512178.4375,308959.15625
1016000,0,0.010509999999999995,0.010714411735534668,0.36712217330932617,0.002917084097862244,0.0006955812685191631,0.00018763928674161434,184.89454650878906,9884.306758458039,0.06752016395330429,512205.6875,308932.1875
1018000,0,0.010509999999999995,0.010714411735534668,0.3670767843723297,0.002917393110692501,0.0006955818738788366,0.00018758588703349233,184.91073608398438,10069.201228672882,0.067626953125,512230.71875,308907.15625
1020000,0,0.010509999999999995,0.0107143719991048,0.36703428626060486,0.0029181951656937597,0.0006956153083592653,0.00018753142794594165,184.9636993408203,10254.111949498078,0.0676574856042862,512254.4375,308883.75
1022000,0,0.010509999999999995,0.010714471340179443,0.36699366569519043,0.0029185490682721135,0.0006956362631171942,0.00018751901807263495,184.78045654296875,10439.07561832132,0.06776430457830429,512276.84375,308861.625
1024000,0,0.010509999999999995,0.010714471340179443,0.3669545352458954,0.0029191838577389715,0.0006956496275961399,0.00018753480399027466,184.7134246826172,10623.856013829132,0.06799319386482239,512298.625,308840.3125
1026000,0,0.010509999999999995,0.010714491208394405,0.36691656708717346,0.0029202971607446672,0.0006957937497645616,0.00018752947216853498,184.54856872558594,10808.569407994171,0.0681457594037056,512319.875,308819.84375
1028000,0,0.010509999999999995,0.010714511076609312,0.3668794333934784,0.0029220152646303177,0.0006966070272028446,0.0001875885180197656,184.5451202392578,10993.117991978546,0.0682678148150444,512341.0625,308799.84375
1030000,0,0.010509999999999995,0.010714511076609312,0.36684444546699524,0.002919677831232548,0.0006972984410822392,0.00018738162470981478,184.5297088623047,11177.663081700226,0.0682830959558487,512363.3125,308782.25
1032000,0,0.010509999999999995,0.010714550813039181,0.3668140470981598,0.00291268415749073,0.000696064904332161,0.00018702930537983775,184.47486877441406,11362.192729527374,0.06823732703924179,512382.9375,308767.28125
1034000,0,0.010509999999999995,0.010714550813039181,0.36678507924079895,0.0029114581644535064,0.0006953882984817028,0.000186961458530277,184.48287963867188,11546.667552525421,0.0682220458984375,512400.53125,308752.375
1036000,0,0.010509999999999995,0.010714550813039181,0.3667565882205963,0.0029118604958057403,0.0006948087830096483,0.00018689183052629233,184.4833526611328,11731.150294834992,0.0682525783777237,512417.5625,308737.34375
1038000,0,0.010509999999999995,0.010714550813039181,0.36672812700271606,0.0029110329225659373,0.0006943386979401112,0.0001869073719717562,184.4820098876953,11915.633616978546,0.0682525634765625,512434.3125,308722.1875
1040000,0,0.010509999999999995,0.010714391867319761,0.3666990101337433,0.002910817973315716,0.0006939848884940147,0.00018693438032642005,184.48828125,12100.115565831085,0.068267822265625,512450.59375,308706.5
1042000,0,0.010509999999999995,0.010714391867319761,0.366669625043869,0.002910731546580791,0.0006937789730727671,0.00018698349595069885,184.5410614013672,12284.603877598664,0.0682373121380806,512467.0,308690.40625
1044000,0,0.010509999999999995,0.010714391867319761,0.3666403591632843,0.0029113419353961945,0.0006936579477041959,0.00018699197098612786,184.54530334472656,12469.144908482453,0.0682525634765625,512483.34375,308674.25
1046000,0,0.010509999999999995,0.010714391867319761,0.36661115288734436,0.0029117049649357795,0.0006934228353202343,0.00018698875792324542,184.57443237304688,12653.690166050812,0.0682373121380806,512499.34375,308658.25
1048000,0,0.010509999999999995,0.010714391867319761,0.3665822148323059,0.0029118621721863744,0.0006933511234819888,0.00018700400833040475,184.60252380371094,12838.264628941437,0.0682372972369194,512515.6875,308642.3125
1050000,0,0.010509999999999995,0.010714391867319761,0.36655348539352417,0.002912735380232334,0.0006932894233614205,0.00018701221561059352,184.61001586914062,13022.867183262726,0.06825258582830429,512531.4375,308626.4375
1052000,0,0.010509999999999995,0.010714391867319761,0.3665248453617096,0.002913183346390724,0.0006932097487151622,0.00018701965454965828,184.63172912597656,13207.477214390656,0.0682372972369194,512547.4375,308610.6875
1054000,0,0.010509999999999995,0.010714411735534668,0.3664964735507965,0.002913170494139194,0.0006930666510015725,0.00018697265768423675,184.64556884765625,13392.108851963898,0.06825258582830429,512563.21875,308595.0625
1056000,0,0.010509999999999995,0.010714411735534668,0.3664681017398834,0.002912635542452335,0.0006931874435395002,0.00018701340304687618,184.67213439941406,13576.754344517609,0.06826785206794739,512578.8125,308579.59375
1058000,0,0.010509999999999995,0.010714411735534668,0.3664399981498718,0.0029122412204742433,0.0006931318435817956,0.00018703426467254756,184.68582153320312,13761.426494175812,0.06826785206794739,512594.375,308564.0
1060000,0,0.010509999999999995,0.010714431603749575,0.36641186475753784,0.002912463247776031,0.0006930195726454258,0.00018704477697610854,184.7084503173828,13946.11223941507,0.0682373195886612,512610.03125,308548.5625
1062000,0,0.010509999999999995,0.010714411735534668,0.36638399958610535,0.002912498079240322,0.0006929384544491767,0.0001870289328508079,184.7284393310547,14130.820659214874,0.0682678371667862,512625.5625,308533.25
1064000,0,0.010509999999999995,0.010714411735534668,0.3663563132286072,0.002912511304020882,0.0006928353104740381,0.00018704733811318873,184.73471069335938,14315.549129063507,0.06829836219549179,512640.84375,308518.03125
1066000,0,0.010509999999999995,0.010714391867319761,0.36632853746414185,0.0029126221314072606,0.0006926737260073423,0.0001870324369519949,184.7632598876953,14500.283839756867,0.0682678371667862,512656.25,308502.6875
1068000,0,0.010509999999999995,0.010714391867319761,0.3663012385368347,0.0029124703258275983,0.0006924521178007125,0.00018703636014834047,184.76768493652344,14685.047084385773,0.06829836219549179,512671.46875,308487.71875
1070000,0,0.010509999999999995,0.010714391867319761,0.366274356842041,0.0029127232730388644,0.000692376447841525,0.0001870066742412746,184.78668212890625,14869.814677769562,0.06829837709665298,512686.34375,308472.9375
1072000,0,0.010859999999999995,0.011062602202097593,0.36547979712486267,0.002918177470564842,0.0007121974136680365,0.0002171571832150221,193.32774353027344,15054.60134463968,0.0689697265625,513585.34375,308189.71875
1074000,0,0.010859999999999995,0.011061151822408077,0.3650462329387665,0.002918336167931557,0.000710911676287651,0.00021589463576674462,197.53440856933594,15247.929088169953,0.0703888013958931,513830.1875,307946.78125
1076000,0,0.010859999999999995,0.011060555775960323,0.3647143244743347,0.0029182272031903268,0.0007099086884409189,0.00021465881727635857,198.56442260742188,15445.463527256867,0.07208254188299179,514014.21875,307762.1875
1078000,0,0.010859999999999995,0.01106141010920203,0.36443355679512024,0.0029185758903622627,0.000710859429091215,0.0002143324352800846,202.59376525878906,15644.0279346055,0.0842437669634819,514173.0625,307601.90625
1080000,0,0.010859999999999995,0.011060635248820005,0.3642055094242096,0.0029189489781856538,0.000712844869121909,0.00021323102992027996,195.75186157226562,15846.621745640656,0.0760498046875,514291.15625,307482.75
1082000,0,0.010859999999999995,0.011061112085978209,0.3640173673629761,0.0029191473498940464,0.000713218841701746,0.000211690878495574,192.10638427734375,16042.373607212921,0.0727691799402237,514390.96875,307382.34375
1084000,0,0.010859999999999995,0.011060496171315548,0.3638603091239929,0.002918299473822117,0.0007129828445613383,0.00021065801847726108,195.9884490966797,16234.480037266632,0.0781250074505806,514481.53125,307291.65625
1086000,0,0.010859999999999995,0.011058946450551388,0.363722562789917,0.002918672002851963,0.0007123161107301712,0.00020980893168598413,209.4695281982422,16430.468593174835,0.0663146898150444,514570.84375,307202.625
1088000,0,0.010859999999999995,0.011057734489440918,0.3636052906513214,0.0029184017330408096,0.0007119271904230118,0.0002093511400744319,209.7779083251953,16639.93824344339,0.0631103590130806,514635.5,307137.65625
1090000,0,0.010859999999999995,0.011058787504831968,0.3635052442550659,0.0029178239405155183,0.0007117682602256536,0.00020905686542391778,206.44436645507812,16849.716273838898,0.06951904296875,514686.71875,307085.21875
1092000,0,0.010859999999999995,0.011060754458109556,0.3634437620639801,0.0029234468936920168,0.0007065898273140192,0.0002041902858763933,201.20745849609375,17056.160670811554,0.0856170803308487,514721.125,307060.0
1094000,0,0.010859999999999995,0.011060913403828976,0.36338669061660767,0.0029258999973535535,0.0007057036273181438,0.0002027686685323715,193.57357788085938,17257.36826663675,0.080108642578125,514743.5,307035.9375
1096000,0,0.010859999999999995,0.011060059070587158,0.3633391857147217,0.0029266748577356336,0.0007057399954646826,0.00020225103944540023,198.17933654785156,17450.941859776398,0.0805053859949112,514774.21875,307005.34375
1098000,0,0.010859999999999995,0.011060635248820005,0.3633002042770386,0.0029269978404045105,0.0007053846959024667,0.00020211918745189904,195.63023376464844,17649.121303135773,0.0802612379193306,514792.78125,306985.96875
1100000,0,0.010859999999999995,0.011060277620951353,0.36326733231544495,0.0029270460829138754,0.0007050438318401576,0.00020196377299726008,197.81629943847656,17844.751597935578,0.0793304517865181,514813.375,306965.71875
1102000,0,0.010859999999999995,0.01106079419453937,0.36323854327201843,0.0029272710904479026,0.0007049223873764276,0.00020199567079544066,195.20330810546875,18042.567897374054,0.0804443359375,514826.28125,306951.96875
1104000,0,0.010859999999999995,0.011060476303100586,0.3632132411003113,0.0029277306050062178,0.0007045796141028404,0.0002018587663769722,196.84078979492188,18237.771342808624,0.08013916015625,514841.71875,306936.5625
1106000,0,0.010859999999999995,0.011060992876688602,0.36319074034690857,0.002927550300955772,0.0007045406382530928,0.00020195520482957363,195.31727600097656,18434.61225467386,0.0802764967083931,514852.3125,306925.21875
1108000,0,0.010859999999999995,0.011060674985249819,0.36317071318626404,0.0029278770089149475,0.0007043618708848953,0.00020185320172458888,196.43597412109375,18629.929530674835,0.0800323560833931,514864.65625,306913.125
1110000,0,0.010859999999999995,0.01106123129526776,0.3631523549556732,0.0029286209493875506,0.0007043659687042236,0.00020198095589876174,195.73046875,18826.365565831085,0.0797271803021431,514873.5,306903.3125
1112000,0,0.010859999999999995,0.011060833930969238,0.3631357252597809,0.0029288183897733687,0.0007041997741907835,0.0002018685918301344,196.60626220703125,19022.09611087503,0.0795440822839737,514883.8125,306893.40625
1114000,0,0.010859999999999995,0.011061052481333433,0.36312034726142883,0.0029290001839399338,0.0007042251992970704,0.00020203636959195136,197.9453582763672,19218.702510411164,0.0789032131433487,514893.34375,306883.3125
1116000,0,0.010859999999999995,0.011060476303100586,0.36310654878616333,0.0029292209073901176,0.0007039340678602457,0.00020177210681140422,197.80459594726562,19416.64786868753,0.0791778713464737,514901.125,306876.125
1118000,0,0.010859999999999995,0.011058211326599121,0.3630930781364441,0.002929488010704517,0.0007041925098747015,0.00020213492680341006,222.0720977783203,19614.452495152374,0.072113037109375,514932.34375,306844.46875
1120000,0,0.010859999999999995,0.011059184869130434,0.36308029294013977,0.002929233759641647,0.000703520979732275,0.00020159515552222728,204.9215850830078,19836.524623448273,0.0773162916302681,514922.9375,306854.8125
1122000,0,0.010859999999999995,0.011058231194814028,0.3630698323249817,0.002929975278675556,0.0007039037998765707,0.0002017199294641614,212.7487030029297,20041.446284825226,0.05622865632176399,514936.34375,306841.375
1124000,0,0.010859999999999995,0.011057496070861816,0.3630605936050415,0.0029299879446625706,0.0007040566764771937,0.0002017939928919077,212.45773315429688,20254.19507938089,0.0571594275534153,514941.21875,306836.84375
1126000,0,0.010859999999999995,0.011058449745178223,0.3630511164665222,0.002930016070604324,0.0007043564226478339,0.00020200496073812245,212.83444213867188,20466.652812535187,0.05464053153991699,514946.5625,306830.6875
1128000,0,0.010859999999999995,0.01105747620264691,0.36304154992103577,0.002929822728037834,0.0007040649186819791,0.00020182181615382432,212.35020446777344,20679.48723941507,0.0573730543255806,514951.59375,306826.3125
1130000,0,0.010859999999999995,0.011058489481608091,0.36303234100341797,0.002930265478789806,0.0007042477373033762,0.0002020059386268258,212.8199920654297,20891.83747440042,0.0546264722943306,514956.875,306820.375
1132000,0,0.010859999999999995,0.011057734489440918,0.3630235493183136,0.0029303714632987975,0.0007039341609925031,0.00020189196802675725,212.36473083496094,21104.657558018585,0.0559692420065403,514961.4375,306816.15625
1134000,0,0.010859999999999995,0.011058449745178223,0.3630150258541107,0.002930201217532158,0.0007039858493953943,0.00020200808066874742,212.71287536621094,21317.022334629914,0.0547485277056694,514966.15625,306810.8125
1136000,0,0.010859999999999995,0.011058449745178223,0.3630068600177765,0.0029300805181264877,0.0007038770709186792,0.00020200246945023537,212.4893798828125,21529.73528629007,0.0550079382956028,514970.5,306806.5625
1138000,0,0.010859999999999995,0.011058449745178223,0.3629988133907318,0.002930147014558315,0.0007038334850221872,0.00020204209722578524,212.36807250976562,21742.22469669046,0.05500796064734459,514974.8125,306802.1875
1140000,0,0.010859999999999995,0.01105846961339313,0.3629909157752991,0.002930193208158016,0.0007038077805191278,0.00020203269086778165,212.36912536621094,21954.59284549417,0.05505373701453209,514979.03125,306797.8125
1142000,0,0.010859999999999995,0.01105846961339313,0.36298325657844543,0.0029302902519702913,0.0007038169540464878,0.00020204631146043537,212.34800720214844,22166.962077671906,0.05505372956395149,514983.4375,306793.5625
1144000,0,0.010859999999999995,0.01105846961339313,0.36297592520713806,0.002930312976241112,0.0007037641480565071,0.00020203511230647563,212.3301544189453,22379.310252720734,0.05503847077488899,514987.5,306789.65625
1146000,0,0.010859999999999995,0.011058449745178223,0.3629685640335083,0.0029305944219231604,0.0007036761846393346,0.0002020345302298665,212.32791137695312,22591.640468174835,0.055038463324308395,514991.5625,306785.53125
1148000,0,0.010859999999999995,0.01105846961339313,0.3629612624645233,0.0029306085780262947,0.0007036495953798294,0.00020202936138957736,212.3231964111328,22803.968394810578,0.05508425086736679,514995.6875,306781.34375
1150000,0,0.010859999999999995,0.011058449745178223,0.36295416951179504,0.0029310291633009907,0.0007036168593913317,0.0002020362066105008,212.3176727294922,23016.291682774445,0.0550994910299778,514999.78125,306777.4375
1152000,0,0.011209999999999994,0.01140616337458289,0.36220160126686096,0.0029368549585342407,0.0007273172959685326,0.00023255343548953534,221.8929901123047,23228.609401280304,0.055435191839933395,515878.03125,306514.09375
1154000,0,0.011209999999999994,0.011406938234965025,0.3618374168872833,0.002935736998915672,0.0007276366464793681,0.00023138348478823898,221.58670043945312,23450.502330357453,0.0658416748046875,516080.625,306312.59375
1156000,0,0.011209999999999994,0.011405567328135191,0.3615928292274475,0.0029342725872993467,0.0007265779189765453,0.0002296355552971363,228.99424743652344,23672.089091832062,0.07208251953125,516223.96875,306170.1875
1158000,0,0.011209999999999994,0.011403938134511349,0.3614119589328766,0.002933524176478386,0.0007270277477800845,0.00022876947186887265,234.71578979492188,23901.08340030374,0.0675811767578125,516330.0,306065.0625
1160000,0,0.011209999999999994,0.011405368645985903,0.3612729012966156,0.0029319509863853454,0.000727525446563959,0.0002278479980304837,227.97776794433594,24135.79923587503,0.0622100755572319,516400.625,305994.3125
1162000,0,0.011209999999999994,0.011403302351633726,0.36116641759872437,0.0029318895190954208,0.0007285452913492917,0.00022733567748218776,241.98565673828125,24363.777064854523,0.05992128327488899,516474.0,305922.21875
1164000,0,0.011209999999999994,0.011402587095896421,0.3610786497592926,0.002930871024727821,0.0007288048043847085,0.00022680468391627072,224.9728546142578,24605.76276736917,0.0792846828699112,516506.40625,305891.28125
1166000,0,0.011209999999999994,0.011402726173400879,0.3610079288482666,0.002929980680346489,0.0007291901856660842,0.0002268119715154171,234.16522216796875,24830.735683018585,0.07904052734375,516555.0,305842.59375
1168000,0,0.011209999999999994,0.011403123537699345,0.3609505891799927,0.002930264174938202,0.0007291311398148536,0.0002265391405671835,223.84332275390625,25064.90099673929,0.0812072902917862,516576.6875,305821.75
1170000,0,0.011209999999999994,0.011403143405914307,0.36090290546417236,0.0029299527406692507,0.0007297901436686515,0.0002269949996843934,232.71978759765625,25288.74438052835,0.082794189453125,516611.46875,305785.6875
1172000,0,0.011209999999999994,0.011403540770212772,0.3608628511428833,0.002929794043302536,0.0007296759169548749,0.00022660349495708942,222.12586975097656,25521.46415286722,0.0816650539636612,516623.75,305774.59375
1174000,0,0.011209999999999994,0.011404256025950132,0.3608272075653076,0.0029298484325408934,0.0007293828763067721,0.0002263459376990795,225.4232177734375,25743.590053135773,0.0721282958984375,516647.65625,305751.625
1176000,0,0.011209999999999994,0.011402785778045654,0.360798716545105,0.0029299942776560783,0.0007290878798812627,0.00022593799512833358,226.38418579101562,25969.013362461945,0.0683746263384819,516664.1875,305735.75
1178000,0,0.011209999999999994,0.011403322219848633,0.360772043466568,0.002929360046982765,0.0007292266003787517,0.00022644030395895242,236.13983154296875,26195.39756351175,0.0590057298541069,516688.71875,305710.875
1180000,0,0.011209999999999994,0.011404673258463505,0.36075007915496826,0.0029294366016983982,0.0007297619245946406,0.00022683783899992704,227.70436096191406,26431.537440831085,0.059509292244911194,516691.28125,305705.75
1182000,0,0.011209999999999994,0.011403421560923277,0.36072832345962524,0.002928996086120605,0.0007294461131095887,0.00022630698513239622,222.38796997070312,26659.24178653421,0.0774688795208931,516699.21875,305700.1875
1184000,0,0.011209999999999994,0.011403103669484438,0.36070939898490906,0.0029290743172168733,0.0007291190791875124,0.00022623587865382435,231.8798065185547,26881.62980228128,0.06083681061863899,516719.59375,305680.9375
1186000,0,0.011209999999999994,0.011402408281962095,0.3606957495212555,0.0029298152774572374,0.0007296433672308922,0.00022668775636702776,242.89234924316406,27113.50968509378,0.0670929104089737,516736.9375,305661.1875
1188000,0,0.011209999999999994,0.01140362024307251,0.3606801927089691,0.0029299328103661536,0.000728903291746974,0.00022608153522014616,226.7867889404297,27356.402019078156,0.0642089992761612,516729.90625,305669.28125
1190000,0,0.011209999999999994,0.011403103669484438,0.3606654107570648,0.0029296874999999996,0.0007294631097465754,0.00022680475376546383,241.23553466796875,27583.18888431253,0.052220460027456284,516752.625,305646.5625
1192000,0,0.011209999999999994,0.011402428150177002,0.360653281211853,0.0029293986037373545,0.0007286631036549806,0.00022600968368351458,233.060791015625,27824.424480015656,0.0648651272058487,516751.15625,305648.34375
1194000,0,0.011209999999999994,0.01140318314234412,0.3606412410736084,0.0029294731095433238,0.0007295223418623209,0.00022692293860018253,242.17257690429688,28057.48528629007,0.05256655439734459,516766.875,305632.125
1196000,0,0.011209999999999994,0.01140169302622479,0.3606308400630951,0.002929422818124294,0.0007286432199180126,0.00022597862407565115,231.7329864501953,28299.657878453156,0.0692596510052681,516762.46875,305637.4375
1198000,0,0.011209999999999994,0.011403441429138184,0.3606216311454773,0.0029296837747097015,0.0007291606627404689,0.00022646591532975434,227.41310119628906,28531.390834385773,0.0634765625,516763.59375,305636.3125
1200000,0,0.011209999999999994,0.01140234867731732,0.36061540246009827,0.0029297513887286187,0.0007294386625289917,0.00022687145974487066,241.11024475097656,28758.80396609964,0.0693206861615181,516779.375,305618.34375
1202000,0,0.011209999999999994,0.01140373945236206,0.3606066405773163,0.00292942114174366,0.0007288176100701094,0.0002263957867398858,230.5582275390625,28999.914226109406,0.0785675123333931,516774.25,305624.09375
1204000,0,0.011209999999999994,0.011403183142344175,0.36059799790382385,0.002929840981960297,0.0007294415961951018,0.000227202451787889,244.5048828125,29230.47260623636,0.05005035176873207,516792.71875,305605.3125
1206000,0,0.011209999999999994,0.011403540770212828,0.360590398311615,0.0029296722263097764,0.0007284834980964661,0.00022624626290053128,228.2973175048828,29474.97747379007,0.06854248046875,516781.0625,305617.59375
1208000,0,0.011209999999999994,0.011403063933054625,0.3605828583240509,0.0029296917840838433,0.0007291728165000677,0.00022709313780069348,243.70480346679688,29703.27480655374,0.0598449632525444,516800.6875,305598.0625
1210000,0,0.011209999999999994,0.011401553948720333,0.3605765998363495,0.002929818071424961,0.0007283864077180624,0.00022613515611737966,234.40399169921875,29946.979671055695,0.0635528638958931,516795.4375,305604.59375
1212000,0,0.011209999999999994,0.011403640111287472,0.3605712354183197,0.0029298143461346624,0.0007287675049155951,0.0002263602800667286,220.3031463623047,30181.38357120218,0.0740966945886612,516784.40625,305615.21875
1214000,0,0.011209999999999994,0.011402885119120243,0.36056506633758545,0.0029302369803190227,0.0007286414038389921,0.00022662188857793807,233.08892822265625,30401.68677859964,0.057922378182411194,516800.65625,305599.28125
1216000,0,0.011209999999999994,0.011402289072672545,0.3605625331401825,0.002929900586605072,0.0007290803361684083,0.00022698715329170228,241.26068115234375,30634.77578311624,0.0690460354089737,516809.0,305588.8125
1218000,0,0.011209999999999994,0.011403044064839662,0.3605569005012512,0.0029298240318894387,0.0007285924162715673,0.00022654463537037374,240.59518432617188,30876.036494786164,0.0705566331744194,516811.71875,305586.4375
1220000,0,0.011209999999999994,0.01140300432840985,0.3605510890483856,0.0029300032183527946,0.000729127787053585,0.0002272291574627161,242.48477172851562,31116.631724888703,0.05072782561182976,516816.8125,305581.4375
1222000,0,0.011209999999999994,0.011402646700541197,0.3605458438396454,0.0029296889901161195,0.0007285497151315213,0.00022656486835330724,242.75299072265625,31359.116557652374,0.0703888013958931,516820.0,305577.96875
1224000,0,0.011209999999999994,0.011402885119120298,0.3605404496192932,0.002930076979100704,0.000729176914319396,0.00022724859882146118,242.68258666992188,31601.869517857453,0.0689086839556694,516823.0625,305575.15625
1226000,0,0.011209999999999994,0.01140334208806354,0.36053621768951416,0.002930205315351486,0.000728335278108716,0.00022635133937001228,229.15805053710938,31844.55218082132,0.0627136304974556,516812.25,305586.65625
1228000,0,0.011209999999999994,0.01140300432840985,0.3605315387248993,0.0029304701834917068,0.0007287511136382819,0.0002267958363518119,234.7349853515625,32073.710277134796,0.0563964769244194,516820.75,305578.8125
1230000,0,0.011209999999999994,0.011402010917663574,0.3605297803878784,0.002930271252989769,0.0007290315348654986,0.00022705923765897748,240.7198944091797,32308.445293003937,0.0688781812787056,516826.5,305571.125
1232000,0,0.011559999999999994,0.011752287546793638,0.3597918450832367,0.00293507520109415,0.0007557567209005355,0.0002565357368439436,239.1800537109375,32549.165248448273,0.0774383693933487,517687.0625,305324.46875
1234000,0,0.011559999999999994,0.011750141779581669,0.3594266474246979,0.0029342543333768845,0.0007590943016111851,0.00025695450603961943,250.18576049804688,32788.345286900425,0.05557117983698845,517903.0625,305113.15625
1236000,0,0.011559999999999994,0.011750618616739872,0.3591194450855255,0.002936161682009697,0.000766132678836584,0.00025932006537914275,260.418212890625,33038.53104739847,0.066253662109375,518082.6875,304931.9375
1238000,0,0.011559999999999994,0.011750102043151855,0.35872870683670044,0.0029519757255911825,0.0007866412401199341,0.00026913303881883623,247.3647003173828,33298.94922977152,0.06488037109375,518290.4375,304732.71875
1240000,0,0.011559999999999994,0.011750797430674254,0.35831204056739807,0.0029484156519174578,0.0007830397225916386,0.00027173045091331003,243.4333038330078,33546.313884312534,0.0694274976849556,518522.5,304506.3125
1242000,0,0.011559999999999994,0.011746366818745912,0.3579859435558319,0.0029471915215253833,0.0007816854864358901,0.000271337479352951,270.880859375,33789.74723392191,0.072296142578125,518732.78125,304299.625
1244000,0,0.011559999999999994,0.011747439702351925,0.3577283024787903,0.0029462976381182666,0.000783021654933691,0.00027226903475821015,255.99879455566406,34060.62803226175,0.0702972412109375,518859.75,304171.03125
1246000,0,0.011559999999999994,0.01174706220626831,0.3575006127357483,0.0029445251449942587,0.0007853269577026366,0.000273492094129324,258.3443298339844,34316.626842076206,0.07183840125799179,518986.03125,304041.78125
1248000,0,0.011559999999999994,0.011745850245157896,0.3572966158390045,0.0029443496838212012,0.0007858573459088803,0.00027408269234001635,272.9123840332031,34574.97120242777,0.0736541897058487,519113.0625,303913.5
1250000,0,0.011559999999999994,0.011750121911366818,0.35711830854415894,0.002945797704160213,0.0007861959747970104,0.00027406313456594943,252.8087158203125,34847.883525425816,0.0649719387292862,519192.21875,303833.28125
1252000,0,0.011559999999999994,0.011750459671020508,0.35697874426841736,0.0029461869969964025,0.0007867616601288318,0.0002742159413173795,252.76080322265625,35100.69225650492,0.0709075927734375,519269.6875,303755.875
1254000,0,0.011559999999999994,0.011746843655904116,0.3568742275238037,0.002946944534778595,0.0007870195433497428,0.0002743870951235294,270.0323181152344,35353.45312076273,0.0731964185833931,519345.15625,303681.8125
1256000,0,0.011559999999999994,0.01174672444661462,0.3567894399166107,0.0029472010210156436,0.0007869582623243332,0.0002742949640378356,277.60540771484375,35623.485591465855,0.061599742621183395,519399.46875,303626.90625
1258000,0,0.011559999999999994,0.011745711167653383,0.356723815202713,0.0029476499184966087,0.0007870505563914776,0.0002742509823292494,278.5812072753906,35901.0909991807,0.06764223426580429,519437.03125,303590.0
1260000,0,0.011559999999999994,0.011745631694793701,0.3566707372665405,0.0029481621459126472,0.0007872611284255981,0.0002742661628872156,280.31268310546875,36179.67214542093,0.0781402662396431,519468.5,303559.125
1262000,0,0.011559999999999994,0.011745989322662354,0.35662880539894104,0.0029479673132300375,0.0007875795476138592,0.00027447340544313193,276.3955078125,36459.98488956156,0.0670929104089737,519486.65625,303538.9375
1264000,0,0.011559999999999994,0.01174616813659668,0.35659199953079224,0.002948333695530891,0.0007873034104704857,0.0002740498399361968,266.834716796875,36736.38048892679,0.0701446533203125,519498.125,303528.6875
1266000,0,0.011559999999999994,0.011745870113372803,0.35656246542930603,0.0029492024332284927,0.0007870064117014408,0.0002737346105277538,269.3241271972656,37003.21526675882,0.0805511623620987,519518.0,303510.03125
1268000,0,0.011559999999999994,0.011745452880859375,0.3565361201763153,0.0029492834582924843,0.000787410046905279,0.0002739256480708718,278.98486328125,37272.5395160264,0.0675964504480362,519541.9375,303485.90625
1270000,0,0.011559999999999994,0.011745313803354862,0.35651272535324097,0.0029489966109395027,0.0007872195914387703,0.0002737055998295545,276.36322021484375,37551.52440982523,0.0765075832605362,519552.8125,303475.53125
1272000,0,0.011559999999999994,0.011745333671569824,0.35649171471595764,0.0029490696266293525,0.0007870452478528022,0.00027369458694010974,282.2810974121094,37827.88763004007,0.068603515625,519569.8125,303457.96875
1274000,0,0.011559999999999994,0.01174628734588623,0.3564721941947937,0.0029488032683730125,0.0007877330295741558,0.0002744408557191491,274.1553955078125,38110.16866641703,0.0677947998046875,519570.90625,303454.25
1276000,0,0.011559999999999994,0.01174628734588623,0.3564521074295044,0.0029487708583474156,0.0007872867397964,0.00027380448300391437,266.9358215332031,38384.32400088968,0.0768585279583931,519576.0,303451.125
1278000,0,0.011559999999999994,0.011745095252990723,0.3564341068267822,0.002948731556534767,0.0007870807312428951,0.00027380997780710457,285.3359069824219,38651.25997501078,0.0656738355755806,519604.53125,303422.6875
1280000,0,0.011559999999999994,0.011746267477671324,0.35641756653785706,0.0029485071077942843,0.0007876684889197348,0.0002744189230725169,273.8974304199219,38936.59582095804,0.0678100734949112,519601.0,303424.21875
1282000,0,0.011559999999999994,0.011746267477671324,0.3563995361328125,0.002948692813515663,0.0007871938869357109,0.00027380262035876514,265.63201904296875,39210.493251377964,0.0762176588177681,519603.71875,303423.375
1284000,0,0.011559999999999994,0.011745055516560854,0.35638293623924255,0.0029491830617189405,0.0007869318127632141,0.0002736818045377731,285.0636901855469,39476.12542300882,0.0663299709558487,519632.75,303394.9375
1286000,0,0.011559999999999994,0.011746267477671324,0.35636773705482483,0.0029490793123841284,0.0007875820621848106,0.0002743919147178531,273.87078857421875,39761.18908267679,0.0677490234375,519628.65625,303396.8125
1288000,0,0.011559999999999994,0.0117463270823161,0.35635095834732056,0.0029489427804946897,0.0007870499975979328,0.00027376844082027674,265.44677734375,40035.05990176859,0.0758361965417862,519630.71875,303396.84375
1290000,0,0.011559999999999994,0.011744995911916079,0.3563356101512909,0.0029489563778042796,0.0007868003100156784,0.00027362501714378595,284.4936828613281,40300.506740147495,0.0665283203125,519658.5,303369.40625
1292000,0,0.011559999999999994,0.011746227741241455,0.35632047057151794,0.0029492245987057684,0.0007875128649175167,0.00027436958625912664,273.82513427734375,40585.00042300882,0.067779541015625,519654.6875,303370.84375
1294000,0,0.011559999999999994,0.011746267477671324,0.35630378127098083,0.0029493620619177817,0.0007870620116591453,0.0002737664151936769,265.5631103515625,40858.82552676859,0.07618716359138489,519656.90625,303370.625
1296000,0,0.011559999999999994,0.01174507538477576,0.35628843307495117,0.0029494035989046092,0.0007867850363254547,0.0002736399183049798,284.9063720703125,41124.388728672886,0.06634521484375,519685.0,303343.0625
1298000,0,0.011559999999999994,0.0117463270823161,0.3562735915184021,0.0029496850445866587,0.0007874335162341594,0.0002743673045188188,273.81842041015625,41409.295009190464,0.0677185133099556,519680.875,303344.8125
1300000,0,0.011559999999999994,0.011746227741241455,0.3562568724155426,0.002949930727481842,0.0007869228720664977,0.0002737644361332059,265.60888671875,41683.11358218851,0.07620241492986679,519682.96875,303344.78125
1302000,0,0.011559999999999994,0.011745055516560854,0.3562414348125458,0.002949889563024044,0.0007866672240197659,0.0002736556576564908,285.0182189941406,41948.722560459995,0.0663299709558487,519711.1875,303317.03125
1304000,0,0.011559999999999994,0.011746247609456362,0.3562264144420624,0.0029496623203158377,0.000787358358502388,0.00027436972595751286,273.81353759765625,42233.7406879014,0.0677795484662056,519706.96875,303318.96875
1306000,0,0.011559999999999994,0.01174628734588623,0.356209397315979,0.002949583530426025,0.000786904152482748,0.00027377326041460036,265.51983642578125,42507.554256016636,0.0760955885052681,519709.4375,303318.59375
1308000,0,0.011559999999999994,0.011745095252990723,0.3561931848526001,0.0029494598507881164,0.0007866679690778255,0.00027362634427845477,284.489013671875,42773.07415347757,0.0664520263671875,519737.40625,303291.125
1310000,0,0.011559999999999994,0.011746247609456362,0.35617750883102417,0.0029490459710359573,0.0007875502109527588,0.00027438134420663116,273.7828369140625,43057.56325870218,0.0677490159869194,519734.21875,303292.03125
1312000,0,0.011909999999999994,0.012094537417093931,0.3554501533508301,0.002954692021012306,0.0008179368451237679,0.0003027070080861449,276.8121337890625,43331.34612613382,0.0770111083984375,520596.8125,303045.1875
1314000,0,0.011909999999999994,0.012093603610992432,0.3551258444786072,0.002957328222692013,0.0008189656771719455,0.00030167833901941773,288.7437744140625,43608.15819888773,0.0755310133099556,520789.90625,302853.5
1316000,0,0.011909999999999994,0.012093663215637207,0.35489580035209656,0.002956903725862503,0.0008190662600100041,0.0003009931882843375,281.9071960449219,43896.901942784214,0.06979373097419739,520909.875,302732.53125
1318000,0,0.011909999999999994,0.012093385060628292,0.35471221804618835,0.002957858704030514,0.0008192750625312329,0.00030081928707659245,283.665283203125,44178.809138829136,0.0696411281824112,521013.28125,302629.09375
1320000,0,0.011909999999999994,0.012093325455983517,0.35455793142318726,0.0029586942866444586,0.0008195738308131695,0.00030077858828008174,284.1163330078125,44462.47439151468,0.0702209621667862,521099.96875,302543.375
1322000,0,0.011909999999999994,0.01209336519241333,0.3544154167175293,0.002959301322698593,0.0008202651515603065,0.00030120315495878457,284.521728515625,44746.59069400492,0.0704498291015625,521179.65625,302464.3125
1324000,0,0.011909999999999994,0.012093444665273068,0.35426774621009827,0.0029586941003799435,0.0008210250176489352,0.0003019483294337988,284.2286376953125,45031.11230045023,0.0705719143152237,521262.84375,302384.15625
1326000,0,0.011909999999999994,0.012093583742777525,0.3541070818901062,0.0029596947133541103,0.0008201609365642071,0.0003020754782482982,283.4731140136719,45315.340907627964,0.07067874819040298,521352.5625,302297.3125
1328000,0,0.011909999999999994,0.012093563874562563,0.35393762588500977,0.002961549162864685,0.0008190070278942585,0.00030252204742282625,283.0966796875,45598.8139300889,0.070556640625,521447.5625,302205.375
1330000,0,0.011909999999999994,0.01209368308385217,0.35374024510383606,0.0029625320807099343,0.0008180715143680571,0.0003040730953216553,282.5340270996094,45881.91051822367,0.0700225830078125,521560.125,302099.8125
1332000,0,0.011909999999999994,0.012093881766001402,0.3534555733203888,0.002964372932910919,0.0008189855143427849,0.0003086009994149208,280.4836730957031,46164.4445148057,0.0687561109662056,521723.59375,301950.59375
1334000,0,0.011909999999999994,0.01209414005279541,0.35302263498306274,0.002964358776807785,0.0008171639405190944,0.000305836577899754,278.6498107910156,46444.92803531351,0.0694427564740181,521966.71875,301718.8125
1336000,0,0.011909999999999994,0.012093305587768555,0.35263046622276306,0.00296811331063509,0.0008182222954928874,0.00030255322344601153,295.25347900390625,46723.57781558695,0.0752105638384819,522200.15625,301485.34375
1338000,0,0.011909999999999994,0.012094557285308838,0.3523414731025696,0.0029702236875891685,0.0008190551772713662,0.0003017715411260724,285.30401611328125,47018.831142002964,0.0713043361902237,522348.71875,301333.125
1340000,0,0.011909999999999994,0.012092729409535763,0.3521340787410736,0.0029712583869695663,0.0008188623003661632,0.0003007499268278479,290.2882080078125,47304.135005528355,0.068603515625,522469.6875,301213.75
1342000,0,0.011909999999999994,0.012092888355255127,0.35198691487312317,0.002971341088414192,0.0008189899846911431,0.0003004123456776142,287.6733093261719,47594.42306094828,0.0696716457605362,522548.375,301134.09375
1344000,0,0.011909999999999994,0.012093106905619322,0.35187840461730957,0.0029716914519667625,0.0008193778805434703,0.0003002260345965624,286.5382385253906,47882.096278721714,0.070587158203125,522606.9375,301074.375
1346000,0,0.011909999999999994,0.01209302743275964,0.35179659724235535,0.0029719796031713484,0.0008197399787604809,0.0003001059405505657,287.1336364746094,48168.634334141636,0.0709686428308487,522652.34375,301028.0625
1348000,0,0.011909999999999994,0.012092928091684996,0.3517358899116516,0.0029724599793553353,0.0008199799805879593,0.00029998926911503073,287.4406433105469,48455.76790958109,0.0710754469037056,522686.1875,300993.90625
1350000,0,0.011909999999999994,0.012092828750610352,0.35168972611427307,0.0029731011018157,0.0008198602125048638,0.0002998732961714268,287.8977355957031,48743.20849185648,0.07096865028142929,522712.15625,300967.625
1352000,0,0.011909999999999994,0.012092789014180538,0.3516542315483093,0.0029735166579484937,0.0008198968134820461,0.0002998387906700372,288.2240295410156,49031.10610538187,0.0713043212890625,522732.03125,300947.53125
1354000,0,0.011909999999999994,0.012092729409535763,0.3516259491443634,0.0029734469950199126,0.0008199651725590228,0.0002997921779751778,288.32891845703125,49319.33007388773,0.071990966796875,522747.6875,300931.8125
1356000,0,0.011909999999999994,0.0120927095413208,0.35160326957702637,0.0029737988486886026,0.0008199784904718399,0.0002997746458277106,288.205810546875,49607.65887027445,0.07321169227361679,522759.9375,300919.125
1358000,0,0.011909999999999994,0.012092669804890988,0.35158464312553406,0.0029741492122411727,0.0008199999108910561,0.00029976656660437586,288.1169128417969,49895.86455875101,0.0741882473230362,522770.0,300908.78125
1360000,0,0.011909999999999994,0.012092610200246212,0.35156911611557007,0.0029743898659944533,0.000819934718310833,0.0002997730392962694,288.0924072265625,50183.98128848734,0.0751037523150444,522778.5,300900.21875
1362000,0,0.011909999999999994,0.012092610200246212,0.3515559434890747,0.0029741786420345306,0.0008200071752071381,0.0002997805597260594,288.1751403808594,50472.07360416117,0.0756378322839737,522785.875,300892.6875
1364000,0,0.011909999999999994,0.01209259033203125,0.35154440999031067,0.0029741980135440825,0.0008200496435165405,0.00029977818485349417,288.278076171875,50760.24874454203,0.0759430080652237,522792.21875,300886.3125
1366000,0,0.011909999999999994,0.01209259033203125,0.35153448581695557,0.0029740551486611365,0.00082014137879014,0.00029978323727846145,288.34735107421875,51048.52669864359,0.0761108472943306,522797.78125,300880.46875
1368000,0,0.011909999999999994,0.012092570463816343,0.35152536630630493,0.002974595129489899,0.0008201356045901774,0.00029979662504047154,288.41314697265625,51336.87395816507,0.0764312818646431,522802.84375,300875.5
1370000,0,0.011909999999999994,0.012092570463816343,0.35151737928390503,0.002974912151694298,0.0008201155811548233,0.0002997793722897768,288.456298828125,51625.28692203226,0.0764617919921875,522807.34375,300870.875
1372000,0,0.011909999999999994,0.012092570463816343,0.35150954127311707,0.00297524556517601,0.0008200258947908878,0.00029977851081639526,288.4919738769531,51913.74312930765,0.0766449049115181,522811.5625,300866.46875
1374000,0,0.011909999999999994,0.012092570463816343,0.351502388715744,0.00297551080584526,0.0008199968375265599,0.00029976721853017805,288.5207824707031,52202.23507266703,0.0767364650964737,522815.3125,300862.46875
1376000,0,0.011909999999999994,0.012092570463816343,0.3514956533908844,0.002975771389901638,0.0008199022151529788,0.00029979420360177756,288.5439453125,52490.75573306742,0.0767669826745987,522819.25,300858.875
1378000,0,0.011909999999999994,0.012092570463816343,0.35148948431015015,0.0029757067561149595,0.0008198416791856288,0.0002997910138219595,288.573974609375,52779.29952579203,0.0768432691693306,522822.71875,300855.1875
1380000,0,0.011909999999999994,0.012092570463816343,0.3514834940433502,0.002975811064243317,0.0008197691291570664,0.00029978975653648375,288.586669921875,53067.87337833109,0.0768280029296875,522825.90625,300851.96875
1382000,0,0.011909999999999994,0.012092530727386475,0.35147786140441895,0.0029757894575595857,0.0008197369053959846,0.00029979178216308353,288.6070861816406,53356.45989566507,0.07688906043767929,522829.125,300848.625
1384000,0,0.011909999999999994,0.012092530727386475,0.3514723777770996,0.0029756106436252595,0.0008197246119379996,0.0002997960429638624,288.61138916015625,53645.0668597764,0.0768890455365181,522832.15625,300845.65625
1386000,0,0.011909999999999994,0.012092570463816343,0.3514670431613922,0.002975460328161716,0.0008196837268769741,0.00029979411046952007,288.6280212402344,53933.67806583109,0.0770721510052681,522835.09375,300842.71875
1388000,0,0.011909999999999994,0.012092530727386475,0.35146188735961914,0.002975677698850632,0.0008196708746254444,0.0002997995587065816,288.6292724609375,54222.30599551859,0.0770721510052681,522837.875,300839.75
1390000,0,0.011909999999999994,0.012092530727386475,0.3514566719532013,0.00297573022544384,0.0008196489885449409,0.0002997910138219595,288.6394348144531,54510.93505435648,0.07708740234375,522840.96875,300836.6875
1392000,0,0.012259999999999993,0.012441019217173277,0.3507566452026367,0.0029832031577825546,0.0008544494397938251,0.0003288140520453453,298.6392822265625,54799.574458653355,0.0766448974609375,523696.53125,300594.8125
1394000,0,0.012259999999999993,0.012439846992492676,0.3504520058631897,0.00298435240983963,0.0008541731163859367,0.00032726211939007046,308.0496826171875,55098.213618809605,0.0806732177734375,523876.03125,300416.28125
1396000,0,0.012259999999999993,0.012440264225006104,0.3502601683139801,0.0029851043596863746,0.0008528202772140503,0.0003254761220887303,319.4152526855469,55406.26320987406,0.0711669921875,523993.875,300297.875
1398000,0,0.012259999999999993,0.012436926364898682,0.3501169681549072,0.0029865965247154232,0.0008517257869243622,0.00032429306302219626,321.0472717285156,55725.67837100687,0.0710907131433487,524075.65625,300218.5
1400000,0,0.012259999999999993,0.012439111868540464,0.350005567073822,0.002986882068216801,0.0008523975498974323,0.0003243685699999332,308.0432434082031,56046.725490147495,0.0759582668542862,524123.03125,300168.09375
1402000,0,0.012259999999999993,0.012437939643859863,0.3499128818511963,0.0029880499467253682,0.0008513762615621089,0.00032354998402297494,321.9108581542969,56354.768611485386,0.0773773193359375,524189.46875,300103.46875
1404000,0,0.012259999999999993,0.012437601884206173,0.3498367369174957,0.002988787926733494,0.0008515361696481705,0.0003235792275518179,323.0242004394531,56676.679439122105,0.0778045654296875,524232.59375,300059.96875
1406000,0,0.012259999999999993,0.012437959512074825,0.349773108959198,0.002989348955452442,0.0008519676513969898,0.0003236297983676195,318.9625549316406,56999.703670079136,0.0786743313074112,524263.46875,300028.1875
1408000,0,0.012259999999999993,0.012438098589579283,0.3497188985347748,0.0029899241402745248,0.0008523748256266117,0.0003237245371565223,317.48681640625,57318.66613345804,0.0793151929974556,524291.875,299999.34375
1410000,0,0.012259999999999993,0.012438535690307617,0.34967222809791565,0.002989730983972549,0.0008528451435267925,0.00032391708809882404,314.69989013671875,57636.15282779398,0.08021547645330429,524314.5625,299975.6875
1412000,0,0.012259999999999993,0.012439350287119566,0.34963151812553406,0.002990126237273216,0.000853278487920761,0.00032418258488178255,311.9520568847656,57950.852626377964,0.0812530592083931,524334.125,299955.21875
1414000,0,0.012259999999999993,0.012440005938212095,0.34959518909454346,0.0029897797852754594,0.0008537238463759422,0.00032443183008581397,310.5077819824219,58262.80480533304,0.0818633958697319,524352.5,299935.96875
1416000,0,0.012259999999999993,0.012440403302510561,0.34956231713294983,0.0029899025335907935,0.0008541589602828025,0.00032463376410305503,309.6611022949219,58573.31246524515,0.0822296068072319,524369.625,299918.5
1418000,0,0.012259999999999993,0.012440741062164307,0.34953275322914124,0.002989751659333706,0.0008545653894543646,0.00032487669959664346,308.8762512207031,58882.97347598734,0.0825042873620987,524385.125,299902.5
1420000,0,0.012259999999999993,0.01244084040323895,0.34950560331344604,0.002989688888192177,0.0008548320271074771,0.00032500748056918377,308.72833251953125,59191.849513584995,0.082550048828125,524399.6875,299887.5
1422000,0,0.012259999999999993,0.01244084040323895,0.34948110580444336,0.0029897820204496384,0.0008550432510674,0.0003251465735957027,308.7154541015625,59500.57781558695,0.0827178955078125,524413.25,299873.8125
1424000,0,0.012259999999999993,0.012440741062164307,0.349458247423172,0.002989765629172325,0.0008553124964237212,0.0003252663416787982,308.9258117675781,59809.29317813578,0.08279421180486679,524426.125,299860.8125
1426000,0,0.012259999999999993,0.01244056224822998,0.34943532943725586,0.0029898006469011307,0.000855718646198511,0.00032543290872126817,309.18292236328125,60118.218837315464,0.0829620510339737,524438.3125,299847.40625
1428000,0,0.012259999999999993,0.012440462907155336,0.3494130074977875,0.0029897935688495635,0.0008559745736420155,0.0003254986135289073,309.4356689453125,60427.40169864359,0.0830841138958931,524450.4375,299834.78125
1430000,0,0.012259999999999993,0.012440303961435972,0.34939298033714294,0.0029897237196564674,0.0008561349473893643,0.0003255437593907118,309.7218017578125,60736.83733707132,0.083221435546875,524461.9375,299823.3125
1432000,0,0.012259999999999993,0.012440125147501646,0.3493746221065521,0.0029897825792431832,0.0008561659604310989,0.00032563582062721246,309.9604187011719,61046.5590472764,0.08343505859375,524472.1875,299812.875
1434000,0,0.012259999999999993,0.012440025806427002,0.3493575155735016,0.002989714965224266,0.0008563513867557048,0.0003257204545661807,310.14288330078125,61356.51940494242,0.08343505859375,524481.8125,299803.15625
1436000,0,0.012259999999999993,0.012439866860707582,0.3493415117263794,0.00298952292650938,0.0008564951829612255,0.00032579496037214993,310.3707580566406,61666.66225772562,0.0834808424115181,524490.875,299794.15625
1438000,0,0.012259999999999993,0.012439906597137451,0.3493265211582184,0.0029893850907683375,0.000856633298099041,0.00032582746353000404,310.197998046875,61977.032954747105,0.0834503099322319,524499.125,299786.0
1440000,0,0.012259999999999993,0.012439469496409117,0.3493124842643738,0.0029894385486841204,0.0008567488752305507,0.0003258880926296115,311.3699951171875,62287.23089175882,0.0837555006146431,524507.875,299777.09375
1442000,0,0.012259999999999993,0.012439966201782227,0.3492994010448456,0.0029895551502704615,0.0008568583056330681,0.0003259525168687105,310.206298828125,62598.60088687601,0.0835723951458931,524514.0,299770.6875
1444000,0,0.012259999999999993,0.012439032395680727,0.3492867350578308,0.0029896680265665055,0.0008568789809942246,0.0003259597346186638,312.91802978515625,62908.8070941514,0.0836334303021431,524523.8125,299761.4375
1446000,0,0.012259999999999993,0.012439966201782227,0.3492749035358429,0.002989477291703224,0.0008569152094423772,0.0003260312136262655,310.37603759765625,63221.72509341898,0.08355712890625,524527.75,299756.9375
1448000,0,0.012259999999999993,0.012438774108886719,0.3492635190486908,0.002989641763269901,0.0008568882942199707,0.00032603051513433454,314.3790588378906,63532.10110049906,0.0838165357708931,524537.9375,299747.0625
1450000,0,0.012259999999999993,0.012439688046773256,0.34925276041030884,0.002989443950355053,0.000856966059654951,0.00032605384476482865,311.7995300292969,63846.480067784214,0.0831756591796875,524541.4375,299743.28125
1452000,0,0.012259999999999993,0.012438495953877748,0.34924235939979553,0.0029893849045038224,0.0008569016121327877,0.0003260800149291754,316.2382507324219,64158.2794757432,0.0838775709271431,524551.5625,299733.4375
1454000,0,0.012259999999999993,0.012438595294952393,0.34923237562179565,0.002989228069782257,0.0008568678982555866,0.0003259891644120216,315.99493408203125,64474.51757388773,0.08265683799982071,524557.3125,299728.125
1456000,0,0.012259999999999993,0.012437999248504639,0.3492228090763092,0.0029892925173044204,0.0008568616583943368,0.00032614306546747686,320.55096435546875,64790.51238589945,0.0839691236615181,524566.75,299718.375
1458000,0,0.012259999999999993,0.012437840302785219,0.34921348094940186,0.002989349327981472,0.0008569535799324513,0.0003261327045038342,320.284423828125,65111.06331973734,0.0853881910443306,524571.9375,299713.625
1460000,0,0.012259999999999993,0.012439449628194155,0.34920430183410645,0.0029893724247813222,0.0008565255440771579,0.0003258439479395747,309.7852783203125,65431.34765201273,0.0842285305261612,524566.6875,299718.9375
1462000,0,0.012259999999999993,0.012435873349507631,0.3491956889629364,0.0029894925653934476,0.0008571517653763294,0.00032652672380208966,337.3207702636719,65741.13296085062,0.0844574049115181,524598.75,299687.0
1464000,0,0.012259999999999993,0.012440303961435972,0.34918856620788574,0.0029894413426518438,0.0008573523722589015,0.0003264633938670158,306.5428161621094,66078.45360904398,0.0829315185546875,524570.9375,299712.5
1466000,0,0.012259999999999993,0.012438873449961363,0.3491801917552948,0.00298958458006382,0.0008569785393774509,0.00032625594176352026,313.14337158203125,66384.99633365335,0.0760345533490181,524582.5,299701.96875
1468000,0,0.012259999999999993,0.012439588705698668,0.34917157888412476,0.00298953540623188,0.0008564737625420093,0.00032578243408352134,311.6183776855469,66698.13961368265,0.0838775709271431,524586.875,299698.9375
1470000,0,0.012259999999999993,0.012437661488850948,0.349164217710495,0.002989627793431282,0.0008571072481572628,0.0003265407867729664,319.603271484375,67009.75796085062,0.0750732496380806,524598.0,299687.09375
1472000,0,0.012609999999999993,0.012787044048309326,0.3484605550765991,0.002996015548706055,0.0008921057917177678,0.0003554577240720391,320.6179504394531,67329.36117129984,0.08160403370857239,525449.5625,299451.0625
1474000,0,0.012609999999999993,0.012785236040751158,0.3481445610523224,0.0029973221942782404,0.0008930576033890247,0.00035512279719114305,335.60760498046875,67649.97884708109,0.0755157619714737,525639.5625,299259.96875
1476000,0,0.012609999999999993,0.012782275676727295,0.3479245901107788,0.002998197637498379,0.0008927451446652412,0.00035420332569628953,349.1314697265625,67985.58648257914,0.0722045972943306,525774.0,299123.9375
1478000,0,0.012609999999999993,0.012785136699676514,0.34774577617645264,0.0029958115890622136,0.000895463116466999,0.00035570221953094003,346.3327941894531,68334.7179523057,0.0734100416302681,525868.0,299025.46875
1480000,0,0.012609999999999993,0.012780984242757198,0.3475637137889862,0.0029942467808723445,0.000896023865789175,0.0003560035489499569,359.3453063964844,68681.05062442484,0.0637054443359375,525983.5,298913.65625
1482000,0,0.012609999999999993,0.012783209482828795,0.3474127948284149,0.002994433417916298,0.0008971026167273521,0.0003567385720089078,344.5203857421875,69040.39574771585,0.0760498195886612,526052.0625,298842.875
1484000,0,0.012609999999999993,0.01278531551361084,0.34729820489883423,0.0029953813180327413,0.000898000318557024,0.0003574175294488668,342.2640380859375,69384.91601138773,0.0919342115521431,526112.0625,298780.0
1486000,0,0.012609999999999993,0.012783726056416811,0.34721124172210693,0.0029960669577121734,0.0008982041850686074,0.0003575041890144348,356.1260681152344,69727.17992740335,0.0709381029009819,526174.25,298717.9375
1488000,0,0.012609999999999993,0.012781421343485533,0.3471432328224182,0.002996635437011719,0.0008978618308901787,0.0003571102395653724,350.84124755859375,70083.30578189554,0.069549560546875,526207.4375,298686.34375
1490000,0,0.012609999999999993,0.012779533863067627,0.3470895290374756,0.0029969722032546996,0.0008979205042123794,0.00035707785282284015,358.1181945800781,70434.14690738382,0.0827331691980362,526244.625,298650.125
1492000,0,0.012609999999999993,0.012780149777730343,0.34704551100730896,0.0029969491064548493,0.0008976508863270282,0.00035657857079058887,366.7380676269531,70792.26494937601,0.07232668250799179,526279.5,298617.53125
1494000,0,0.012609999999999993,0.01277889808019006,0.34700995683670044,0.0029976204037666316,0.0008975895121693611,0.00035665119066834443,369.8929748535156,71159.00286441507,0.065887451171875,526301.5625,298594.78125
1496000,0,0.012609999999999993,0.012781182924906431,0.34698009490966797,0.0029987460002303123,0.0008980864658951759,0.0003570212051272392,352.7527770996094,71528.89544254007,0.0707855299115181,526299.625,298593.9375
1498000,0,0.012609999999999993,0.012783288955688477,0.3469545543193817,0.002998855151236057,0.000898359064012766,0.0003571952925994992,359.2095642089844,71881.64803653421,0.077789306640625,526320.25,298572.3125
1500000,0,0.012609999999999993,0.01277873913447064,0.34693217277526855,0.0029993098229169845,0.0008976608514785767,0.0003565883263945579,369.50299072265625,72240.85757022562,0.0670928955078125,526344.125,298551.96875
1502000,0,0.012609999999999993,0.012781202793121338,0.3469127118587494,0.0029994839802384376,0.0008981061168015003,0.0003569099586457014,353.3010559082031,72610.36022525492,0.0704650953412056,526337.5625,298555.9375
1504000,0,0.012609999999999993,0.012781083583831787,0.3468948304653168,0.0029993699863553047,0.0008980690501630307,0.00035694006364792583,366.6265563964844,72963.66112857523,0.0835418701171875,526362.125,298533.21875
1506000,0,0.012609999999999993,0.012778798739115416,0.34687936305999756,0.0029997857287526125,0.0008975589647889137,0.00035649712663143873,373.0036926269531,73330.2875629014,0.0646209716796875,526376.875,298519.125
1508000,0,0.012609999999999993,0.012782315413157164,0.3468661904335022,0.0030000431463122366,0.0008985685184597969,0.00035718395374715326,362.1675109863281,73703.29101138773,0.0717773586511612,526371.4375,298520.46875
1510000,0,0.012609999999999993,0.012782295544942202,0.34685325622558594,0.0030004201456904412,0.0008982903324067593,0.0003568092128261924,348.6886901855469,74065.4581866807,0.0836639553308487,526365.8125,298526.90625
1512000,0,0.012609999999999993,0.01278295119603473,0.34684067964553833,0.003000552952289581,0.0008984611369669437,0.00035696004051715134,351.9897766113281,74414.14669376078,0.0893249586224556,526375.8125,298516.21875
1514000,0,0.012609999999999993,0.012780825297037779,0.3468286395072937,0.0030007472261786463,0.0008984205313026905,0.0003569890046492219,356.48236083984375,74766.13643985453,0.072662353515625,526386.5625,298505.875
1516000,0,0.012609999999999993,0.012778838475545284,0.34681564569473267,0.003000893071293831,0.0008976640179753304,0.00035642390139400954,374.1012268066406,75122.61864810648,0.0648956447839737,526413.0625,298482.75
1518000,0,0.012609999999999993,0.012782474358876528,0.34680604934692383,0.0030010391026735303,0.000898479763418436,0.00035682562738656996,349.34307861328125,75496.71969180765,0.0866546779870987,526392.375,298499.84375
1520000,0,0.012609999999999993,0.01278295119603473,0.34679552912712097,0.0030014347285032272,0.0008985790424048901,0.00035694288089871407,352.57403564453125,75846.06258731546,0.0891418531537056,526401.3125,298490.40625
1522000,0,0.012609999999999993,0.012780725955963135,0.34678491950035095,0.0030015695840120314,0.0008984872139990329,0.0003569490509107709,355.77764892578125,76198.6364703721,0.0727234035730362,526410.0625,298482.28125
1524000,0,0.012609999999999993,0.012778838475545284,0.346773236989975,0.0030015112832188604,0.0008976334705948829,0.00035638846457004543,373.9802551269531,76554.41396671,0.0645751953125,526436.4375,298459.21875
1526000,0,0.012609999999999993,0.012782792250315367,0.3467645049095154,0.003001834079623222,0.0008984934538602829,0.0003568858839571476,352.62725830078125,76928.39406924906,0.0889892652630806,526418.5,298473.375
1528000,0,0.012609999999999993,0.012780865033467648,0.34675467014312744,0.0030016027390956878,0.0008984576910734176,0.00035692730452865364,356.5456237792969,77281.02114444437,0.0727081298828125,526427.375,298464.78125
1530000,0,0.012609999999999993,0.012778838475545284,0.34674376249313354,0.0030018199235200883,0.0008976083248853683,0.0003563611768186092,374.1192626953125,77637.5665851182,0.0647735744714737,526452.75,298442.625
1532000,0,0.012609999999999993,0.012782573699951172,0.3467355966567993,0.003002051077783108,0.0008983146399259567,0.00035677477717399597,349.5904541015625,78011.68578677835,0.0873260572552681,526431.5,298460.5625
1534000,0,0.012609999999999993,0.012782911459604918,0.3467264175415039,0.0030021458864212037,0.0008984311483800411,0.00035693277604877946,355.1839599609375,78361.27599673929,0.0876922607421875,526441.9375,298449.375
1536000,0,0.012609999999999993,0.012780725955963135,0.34671682119369507,0.0030025407671928402,0.0008981316350400448,0.0003568011568859219,354.5003356933594,78716.45980411234,0.0726776197552681,526446.4375,298446.125
1538000,0,0.012609999999999993,0.01277861992518109,0.3467065989971161,0.003002694249153137,0.0008974995464086532,0.00035637507680803533,372.2183837890625,79070.96001773539,0.0660552978515625,526471.3125,298424.0
1540000,0,0.012609999999999993,0.012780805428822872,0.3466978669166565,0.0030028406530618664,0.0008980019018054008,0.000356745976023376,353.4118957519531,79443.17834048929,0.07202150672674179,526456.0625,298436.75
1542000,0,0.012609999999999993,0.01278050740559894,0.3466891944408417,0.003002838790416717,0.0008980673737823963,0.000356798549182713,356.0373840332031,79796.59014468851,0.07269287109375,526463.3125,298429.25
1544000,0,0.012609999999999993,0.012778798739115416,0.3466791808605194,0.003002713061869144,0.000897364504635334,0.0003563603153452277,373.9046936035156,80152.62734561625,0.0644531399011612,526488.375,298407.125
1546000,0,0.012609999999999993,0.012782633304595947,0.34667202830314636,0.0030026758089661595,0.0008982377126812935,0.0003569344291463494,359.17718505859375,80526.53185611429,0.0821533352136612,526476.0,298415.34375
1548000,0,0.012609999999999993,0.012780765692393004,0.34666335582733154,0.003002828918397426,0.0008979752659797668,0.00035677689593285324,354.22442626953125,80885.70894962015,0.07261661440134048,526475.875,298416.8125
1550000,0,0.012609999999999993,0.012778679529825865,0.34665414690971375,0.0030027082189917564,0.0008974083699285984,0.0003563628764823079,370.20550537109375,81239.9333453721,0.0671234279870987,526498.5,298396.9375
1552000,0,0.012959999999999992,0.013129492600758907,0.3459530472755432,0.0030087677761912344,0.0009365849196910858,0.0003868925850838423,364.5298156738281,81610.13869815531,0.07115175575017929,527341.0625,298165.8125
1554000,0,0.012959999999999992,0.01312770446141559,0.34563884139060974,0.00301065593957901,0.0009338763542473316,0.00038431149441748853,370.1551818847656,81974.66830020609,0.0820159986615181,527522.5,297986.21875
1556000,0,0.012959999999999992,0.013128519058227539,0.34542128443717957,0.003011680766940117,0.0009328963235020637,0.0003835564013570547,368.7716979980469,82344.8234210557,0.0744628980755806,527641.3125,297865.75
1558000,0,0.012959999999999992,0.013127605120340946,0.3452405333518982,0.0030141225084662437,0.000932463351637125,0.00038402050267904997,371.7201843261719,82713.59505801859,0.081817626953125,527744.9375,297763.15625
1560000,0,0.012959999999999992,0.013128221035003662,0.34506744146347046,0.003015873022377491,0.0009331069886684418,0.0003832455025985837,372.8360290527344,83085.31508975687,0.0715484768152237,527841.75,297665.65625
1562000,0,0.012959999999999992,0.013127744197845459,0.3449234962463379,0.0030181512236595156,0.0009335419163107872,0.00038269066717475656,374.07904052734375,83458.15072208109,0.07147216796875,527922.0625,297584.15625
1564000,0,0.012959999999999992,0.013126512368520138,0.3447990417480469,0.0030196083709597586,0.0009340234100818634,0.00038310321979224683,380.4851989746094,83832.2296710557,0.0710754543542862,527997.0,297508.625
1566000,0,0.012959999999999992,0.013125459353129088,0.344680517911911,0.003021657094359398,0.0009343619458377361,0.00038324971683323383,387.21929931640625,84212.7145953721,0.0712890550494194,528070.1875,297436.34375
1568000,0,0.012959999999999992,0.013125697771708189,0.3445866107940674,0.0030226388946175574,0.0009342484176158905,0.00038308182265609506,389.39727783203125,84599.93380313578,0.0708923414349556,528125.0,297382.09375
1570000,0,0.012959999999999992,0.013125995794932066,0.34450697898864746,0.0030235009267926215,0.0009348041377961635,0.0003834252478554845,385.8365173339844,84989.33101993265,0.0741272121667862,528165.125,297340.90625
1572000,0,0.012959999999999992,0.0131264328956604,0.34439852833747864,0.0030244035646319386,0.0009347603656351567,0.0003829085035249591,381.8149108886719,85375.16732364359,0.0820007473230362,528222.375,297284.59375
1574000,0,0.012959999999999992,0.013123810291290283,0.3443464934825897,0.003027106635272503,0.0009303531609475612,0.0003795170923694968,390.8067321777344,85756.98202090921,0.0729522705078125,528260.875,297249.3125
1576000,0,0.012959999999999992,0.013124287128448486,0.3442978262901306,0.0030283063650131223,0.0009303001686930656,0.00037947564851492643,387.5538635253906,86147.78869205179,0.0731353759765625,528284.125,297225.03125
1578000,0,0.012959999999999992,0.013125558694203676,0.3442539572715759,0.003029295057058334,0.0009305447340011596,0.0003796867560595274,377.7425537109375,86535.34240298929,0.0728759765625,528298.0,297209.78125
1580000,0,0.012959999999999992,0.013128280639648438,0.34421414136886597,0.003030433505773544,0.0009308218955993653,0.0003801781684160232,384.0591125488281,86913.08480411234,0.0731201246380806,528325.625,297179.71875
1582000,0,0.012959999999999992,0.01312438646952313,0.3441765606403351,0.0030311033129692077,0.0009307752363383769,0.00037994917947798963,384.96307373046875,87297.14394717875,0.0735016018152237,528347.6875,297159.65625
1584000,0,0.012959999999999992,0.013125697771708189,0.3441412150859833,0.0030314099043607713,0.0009311898611485958,0.000380228366702795,377.9559631347656,87682.1068988389,0.0724029690027237,528360.0,297146.40625
1586000,0,0.012959999999999992,0.013128717740376772,0.3441076874732971,0.003031816333532333,0.00093158558011055,0.00038066518027335405,380.5928955078125,88060.06270938578,0.0886688306927681,528381.375,297123.9375
1588000,0,0.012959999999999992,0.013126254081726074,0.34407544136047363,0.0030326964333653446,0.0009312441572546958,0.0003805562388151884,375.516357421875,88440.65539127054,0.0726928636431694,528394.25,297112.21875
1590000,0,0.012959999999999992,0.01312520106633508,0.34404292702674866,0.0030340280383825305,0.0009306229650974274,0.0003808246226981282,390.2273254394531,88816.17187076273,0.0689849928021431,528429.5625,297081.34375
1592000,0,0.012959999999999992,0.013123710950215639,0.3439992368221283,0.003022315539419651,0.0009275849908590317,0.00038225702010095123,390.8359375,89206.39907413187,0.0731048658490181,528465.6875,297062.625
1594000,0,0.012959999999999992,0.013125459353129088,0.3439687490463257,0.0030180776491761205,0.0009277322329580784,0.0003806820837780833,379.7851257324219,89597.23485904398,0.0717315822839737,528468.375,297055.0625
1596000,0,0.012959999999999992,0.013128379980723082,0.3439430296421051,0.00301915667951107,0.0009286686778068543,0.00038085256237536664,375.31231689453125,89977.01989322367,0.0912017822265625,528477.125,297043.4375
1598000,0,0.012959999999999992,0.01312758525212604,0.3439175486564636,0.0030190346762537955,0.0009290235117077827,0.00038091763854026796,378.1714782714844,90352.33196597757,0.0764465481042862,528492.5,297026.375
1600000,0,0.012959999999999992,0.013128320376078306,0.34389424324035645,0.0030179759487509727,0.0009292718023061752,0.0003808996872976422,388.417724609375,90730.50326114359,0.07440185546875,528515.625,297002.40625
1602000,0,0.012959999999999992,0.013126075267791748,0.34387028217315674,0.003018700145184994,0.0009291022084653377,0.000380593235604465,377.05322265625,91118.92095523539,0.0723114013671875,528516.875,297001.28125
1604000,0,0.012959999999999992,0.013128459453582764,0.3438470959663391,0.003019680827856064,0.0009295092895627022,0.0003808082547038793,380.8801574707031,91495.97402530375,0.0877227857708931,528533.25,296983.375
1606000,0,0.012959999999999992,0.013127267360687256,0.3438236117362976,0.0030203901231288907,0.0009294447489082813,0.0003807654837146401,378.13348388671875,91876.8542438096,0.07470705360174179,528542.75,296973.28125
1608000,0,0.012959999999999992,0.013128181298573849,0.3438014090061188,0.003021137602627277,0.0009296217933297158,0.000380783062428236,386.8771667480469,92254.98760562601,0.0765991136431694,528563.9375,296951.6875
1610000,0,0.012959999999999992,0.013126353422800663,0.3437780439853668,0.0030220430344343185,0.0009293025359511375,0.0003805278334766626,376.2715759277344,92641.86465030375,0.0730896145105362,528565.75,296950.21875
1612000,0,0.012959999999999992,0.013128379980723082,0.3437560796737671,0.0030218649655580523,0.0009295051917433738,0.00038068145513534544,375.53314208984375,93018.13613467875,0.0910797044634819,528577.4375,296937.59375
1614000,0,0.012959999999999992,0.013127605120341002,0.3437329828739166,0.0030221318826079368,0.0009293204173445701,0.00038075693883001807,378.1921691894531,93393.6691241807,0.0770263820886612,528592.125,296922.21875
1616000,0,0.012959999999999992,0.013128320376078306,0.34371107816696167,0.0030224544927477835,0.0009293540380895138,0.0003807648085057735,388.83575439453125,93771.86114078226,0.0736846849322319,528615.125,296899.1875
1618000,0,0.012959999999999992,0.013126015663146973,0.3436884880065918,0.0030229238793253897,0.0009290741756558418,0.0003804392646998167,377.1344299316406,94160.6967425889,0.0723114013671875,528615.5,296899.3125
1620000,0,0.012959999999999992,0.013128399848937988,0.34366679191589355,0.0030227776616811755,0.0009293349459767341,0.00038070175796747204,381.6464538574219,94537.83114200296,0.0867462232708931,528632.1875,296881.59375
1622000,0,0.012959999999999992,0.01312720775604248,0.3436442017555237,0.0030231280252337456,0.0009291870519518851,0.0003806471591815352,378.10943603515625,94919.47741275492,0.07443239539861679,528640.25,296873.0
1624000,0,0.012959999999999992,0.013128201166788755,0.3436231017112732,0.0030235419049859046,0.00092931455001235,0.00038070364389568566,386.5146789550781,95297.58654361429,0.0771789625287056,528660.6875,296852.4375
1626000,0,0.012959999999999992,0.013126373291015625,0.3436008095741272,0.003024064190685749,0.0009290372021496296,0.00038046734407544137,376.6502685546875,95684.10100894632,0.072906494140625,528662.625,296850.75
1628000,0,0.012959999999999992,0.013128459453582764,0.34357982873916626,0.0030238576233386993,0.0009292998351156711,0.00038057910278439523,374.6004638671875,96060.75103336039,0.0914459228515625,528672.6875,296840.09375
1630000,0,0.012959999999999992,0.013127624988555908,0.34355780482292175,0.0030243009328842162,0.0009292343631386756,0.0003806907450780272,378.1570129394531,96435.35128360453,0.0773468092083931,528687.625,296824.46875
1632000,1,0.012609999999999993,0.01278001070022583,0.34422725439071655,0.0030183803290128705,0.0009017251431941986,0.0003502733772620558,376.0177917480469,96813.5079913682,0.0736083984375,527853.6875,297045.875
1634000,1,0.012609999999999993,0.012777566909790039,0.34451085329055786,0.0030157966539263725,0.0008934485726058483,0.0003512821160256862,363.67120361328125,97189.52553897562,0.0710449293255806,527684.0625,297218.09375
1636000,1,0.012609999999999993,0.012783169746398926,0.34468910098075867,0.0030140750110149383,0.000892433151602745,0.00035259502474218604,355.36669921875,97553.1964679307,0.0849151685833931,527577.875,297324.40625
1638000,1,0.012609999999999993,0.012778878211975098,0.3448043167591095,0.0030138343572616577,0.0008920415304601192,0.0003531960071995854,377.9306335449219,97908.56289249125,0.0739135891199112,527536.6875,297368.125
1640000,1,0.012609999999999993,0.012777864933013916,0.3448794484138489,0.0030130274593830105,0.0008918775245547294,0.0003530703252181411,363.1385803222656,98286.49325137796,0.0715637132525444,527480.6875,297425.71875
1642000,1,0.012259999999999993,0.012432436148325565,0.34564486145973206,0.003006322123110294,0.0008667386136949062,0.00032254236284643415,342.9152526855469,98649.63155704203,0.0741577222943306,526578.6875,297717.96875
1644000,1,0.012259999999999993,0.012433290481567383,0.34600239992141724,0.0030023202300071715,0.0008610296994447708,0.00032519290689378975,349.37127685546875,98992.5466266221,0.07214357703924179,526386.0625,297910.40625
1646000,1,0.012259999999999993,0.012431363264719664,0.3462298512458801,0.0029991760849952696,0.000859497208148241,0.0003272659843787551,347.682861328125,99341.91781192484,0.0704498291015625,526259.0625,298039.75
1648000,1,0.012259999999999993,0.012432754039764404,0.3463820517063141,0.002997474372386932,0.0008592204190790652,0.00032787267118692396,334.4568786621094,99689.60045962992,0.078765869140625,526162.25,298137.5
1650000,1,0.012259999999999993,0.012432515621185303,0.3464891314506531,0.0029963523149490355,0.0008594034239649773,0.00032823006622493265,332.14044189453125,100024.05730777445,0.0702819973230362,526099.5625,298199.3125
1652000,1,0.011909999999999994,0.012083371480305971,0.34726575016975403,0.0029896274209022518,0.0008335056714713574,0.000297868181951344,333.8052062988281,100356.19756656351,0.0712890699505806,525212.8125,298475.34375
1654000,1,0.011909999999999994,0.012084245681762695,0.3476542830467224,0.002988270670175552,0.0008323956280946732,0.00029862804803997277,328.2200012207031,100690.00255923929,0.071563720703125,524989.9375,298695.375
1656000,1,0.011909999999999994,0.012084523836771666,0.3479660451412201,0.0029860675334930416,0.0008296958170831203,0.0002999575342983007,324.07684326171875,101018.2224078721,0.07183840125799179,524814.1875,298873.125
1658000,1,0.011909999999999994,0.012085974216461182,0.34821489453315735,0.002983461134135723,0.0008262907154858113,0.00030114164110273123,317.6921691894531,101342.29906802835,0.0708160474896431,524670.5625,299017.125
1660000,1,0.011909999999999994,0.012084881464640318,0.34840190410614014,0.00298248864710331,0.0008241553790867327,0.00030124548356980085,324.9200744628906,101659.99120670023,0.0688171461224556,524576.75,299115.8125
1662000,1,0.011559999999999994,0.011740485827128111,0.349243700504303,0.0029737303033471104,0.0007983780466020107,0.00027185818180441856,304.4989318847656,101984.91118961039,0.0724487453699112,523630.96875,299446.5
1664000,1,0.011559999999999994,0.011739611625671387,0.3496868908405304,0.002975407429039478,0.0007954981178045273,0.0002709665102884173,293.435791015625,102289.41006046,0.0763855129480362,523377.875,299705.8125
1666000,1,0.011559999999999994,0.011739710966746031,0.3500624895095825,0.0029766101390123366,0.0007906023412942886,0.000270053232088685,298.4482727050781,102582.84582095804,0.0713958889245987,523176.375,299909.84375
1668000,1,0.011559999999999994,0.0117415189743042,0.3503856062889099,0.0029768656939268114,0.0007870233617722988,0.00026913827750831845,304.9103698730469,102881.29388004007,0.0709075927734375,523003.8125,300082.0
1670000,1,0.011559999999999994,0.01174501578013104,0.350643515586853,0.0029766930267214773,0.0007861097343266009,0.0002692080102860928,286.3382263183594,103186.20412784281,0.0797424241900444,522840.625,300242.3125
1672000,1,0.011209999999999994,0.011398990948994936,0.3515375554561615,0.00296707097440958,0.0007521410938352346,0.00023955595679581165,258.26287841796875,103472.54229312601,0.080963134765625,521859.625,300608.65625
1674000,1,0.011209999999999994,0.01139847437540692,0.35197991132736206,0.002964000590145588,0.000757842743769288,0.0002436251379549503,261.107177734375,103730.80504947367,0.06755069643259048,521613.96875,300850.5
1676000,1,0.011209999999999994,0.011397898197174072,0.3522660732269287,0.002959456853568554,0.0007585906889289618,0.00024520999286323784,265.5376892089844,103991.91216617289,0.0736236646771431,521462.4375,301006.25
1678000,1,0.011209999999999994,0.011398255825042725,0.3524678349494934,0.0029568713158369063,0.0007574477698653936,0.0002460262970998883,263.9656066894531,104257.44979434671,0.065032958984375,521349.90625,301120.03125
1680000,1,0.011209999999999994,0.011398871739705385,0.35261863470077515,0.002955161407589912,0.0007570314686745404,0.0002462234580889344,258.68377685546875,104521.41543155375,0.0668792799115181,521261.59375,301209.40625
1682000,1,0.010859999999999995,0.0110482970873515,0.3534611165523529,0.0029440294951200486,0.0007177633699029685,0.00021480307914316653,255.57615661621094,104780.09914737406,0.054504409432411194,520338.09375,301522.8125
1684000,1,0.010859999999999995,0.011050879955291748,0.35391631722450256,0.0029408762231469153,0.00072123808786273,0.0002156583359465003,237.79139709472656,105035.67533450785,0.0754547193646431,520066.625,301791.65625
1686000,1,0.010859999999999995,0.011051992575327574,0.35428300499916077,0.0029409313574433327,0.0007207768969237804,0.00021545048803091048,230.73477172851562,105273.46680789652,0.0677795335650444,519859.09375,302002.8125
1688000,1,0.010859999999999995,0.011052926381429073,0.35457465052604675,0.002938981354236603,0.000721841910853982,0.000216042366810143,225.47996520996094,105504.2016254014,0.06764223426580429,519692.21875,302169.375
1690000,1,0.010859999999999995,0.01105278730392456,0.35480716824531555,0.002938689850270748,0.0007226238492876291,0.0002167904982343316,223.35479736328125,105729.6816821641,0.0646667405962944,519560.875,302299.875
1692000,1,0.010509999999999995,0.01070425907770789,0.3557371199131012,0.002928912453353405,0.0006859273184090851,0.00018567983061075212,226.40213012695312,105953.03651004496,0.0617370679974556,518593.90625,302651.53125
1694000,1,0.010509999999999995,0.010705947875976562,0.3562833070755005,0.0029257921501994128,0.0006848883815109729,0.000185032666195184,213.79112243652344,106179.43871646585,0.0647583082318306,518277.53125,302964.46875
1696000,1,0.010509999999999995,0.010707477728525816,0.35672563314437866,0.0029241085052490235,0.0006869523320347071,0.0001852382905781269,209.23277282714844,106393.22988467875,0.0622711218893528,518026.78125,303212.34375
1698000,1,0.010509999999999995,0.010707736015319824,0.35712429881095886,0.002925321087241173,0.0006898103281855584,0.00018438987899571657,208.4816436767578,106602.46268802347,0.0709991380572319,517803.5625,303431.46875
1700000,1,0.010509999999999995,0.010708292325337765,0.35753703117370605,0.002927493862807751,0.0006945741828531027,0.00018030727514997121,204.85934448242188,106810.94434695902,0.0731353685259819,517565.65625,303658.0
1702000,1,0.010159999999999995,0.010359128316243471,0.35886499285697937,0.0029272323474287985,0.0006759378127753734,0.00014507204759865998,201.49969482421875,107015.80376773539,0.0737457275390625,516359.78125,304221.71875
1704000,1,0.010159999999999995,0.010359386603037535,0.359811931848526,0.0029123710468411446,0.0006570403929799795,0.00015806183218955994,198.75650024414062,107217.30349307718,0.06715395301580429,515840.9375,304749.375
1706000,1,0.010159999999999995,0.010360479354858398,0.36050763726234436,0.0029078869149088858,0.0006505883764475584,0.00016054536681622266,191.9781951904297,107416.0598865098,0.0707855373620987,515451.0,305140.8125
1708000,1,0.010159999999999995,0.010360578695932987,0.3610561788082123,0.0029065264388918877,0.0006498418748378754,0.0001607790822163224,193.6874237060547,107608.03806644144,0.06744387745857239,515148.875,305441.53125
1710000,1,0.010159999999999995,0.0103607177734375,0.3615325391292572,0.002915370091795921,0.0006431265268474817,0.00015795856015756726,195.2492218017578,107801.7254748887,0.0548248328268528,514884.96875,305700.84375
1712000,1,0.009809999999999996,0.010012944539388002,0.3628961741924286,0.002911173179745674,0.0006093486677855253,0.00011697370791807771,184.59356689453125,107996.9746509141,0.055068980902433395,513658.75,306293.71875
1714000,1,0.009809999999999996,0.01001612345377606,0.36390218138694763,0.0029201095923781393,0.0006155970972031355,0.00012135185534134506,177.00563049316406,108181.5682483262,0.0693054273724556,513092.40625,306852.5625
1716000,1,0.009809999999999996,0.010017772515614864,0.36467716097831726,0.0029232071712613104,0.0006224878132343292,0.00012914357939735054,159.55934143066406,108358.57381778421,0.0664672926068306,512647.53125,307297.0625
1718000,1,0.009809999999999996,0.010017971197764097,0.36523377895355225,0.002922036312520504,0.0006293776910752058,0.0001362880924716592,157.38002014160156,108518.13314395609,0.0671234279870987,512339.375,307606.53125
1720000,1,0.009809999999999996,0.010019024213155148,0.3656163215637207,0.002921251580119133,0.000636690016835928,0.00014113482320681213,149.52877807617188,108675.51319461527,0.0692138597369194,512121.71875,307825.625
1722000,1,0.009809999999999996,0.010020295778910338,0.36586353182792664,0.0029162829741835594,0.0006464758422225714,0.00014640007866546513,150.46263122558594,108825.04201846781,0.08146669715642929,511986.71875,307959.875
1724000,1,0.009809999999999996,0.010019898414611816,0.366017609834671,0.002913050353527069,0.0006491901818662881,0.00014927444281056523,153.16119384765625,108975.50472598734,0.07012939453125,511906.28125,308043.15625
1726000,1,0.009809999999999996,0.01002003749211633,0.36612752079963684,0.0029110606759786607,0.000649893656373024,0.0001503939856775105,155.17019653320312,109128.66604190531,0.0642547532916069,511848.6875,308101.9375
1728000,1,0.009809999999999996,0.010019540786743164,0.3662220239639282,0.002908712066709995,0.0006501934491097927,0.0001505408901721239,155.32847595214844,109283.83642154398,0.067840576171875,511796.28125,308153.5
1730000,1,0.009809999999999996,0.010020116964976011,0.3663133680820465,0.002907057479023933,0.0006504592020064591,0.00015062486054375767,149.11587524414062,109439.16500430765,0.0722045972943306,511739.96875,308209.96875
1732000,1,0.009809999999999996,0.010019381841023745,0.3663989305496216,0.0029063370078802105,0.0006506908219307661,0.0001508380053564906,155.19374084472656,109588.28097110453,0.0664978176355362,511699.34375,308251.0625
1734000,1,0.009809999999999996,0.010019640127817808,0.36649107933044434,0.0029066374525427816,0.000651805941015482,0.00015195041196420787,154.65219116210938,109743.47481876078,0.0667877346277237,511647.28125,308301.1875
1736000,1,0.009809999999999996,0.010020434856414795,0.3665897250175476,0.00290489736944437,0.0006523342337459325,0.00015266784466803072,149.0328369140625,109898.12704044046,0.0657196119427681,511587.125,308360.375
1738000,1,0.009809999999999996,0.010020891825358036,0.36667200922966003,0.0029038129374384875,0.0006526300217956305,0.00015314315678551793,149.63905334472656,110047.15989261332,0.0623168908059597,511542.09375,308404.6875
1740000,1,0.009809999999999996,0.010021706422169985,0.3667389452457428,0.0029033815488219263,0.0006531022023409605,0.00015349477762356402,152.12022399902344,110196.79902225199,0.05558636784553528,511507.59375,308438.75
1742000,1,0.009809999999999996,0.010022123654683412,0.3667917847633362,0.0029031440615653993,0.0006534215528517961,0.00015375722432509065,152.6577606201172,110348.9192615098,0.0726471021771431,511479.0625,308466.90625
1744000,1,0.009809999999999996,0.01002242167790729,0.3668327331542969,0.002903836220502853,0.0006535666529089212,0.0001539102173410356,150.3361358642578,110501.5770373887,0.0800933986902237,511454.46875,308491.71875
1746000,1,0.009809999999999996,0.010022640228271484,0.36686375737190247,0.0029039258137345315,0.000653571542352438,0.00015401396667584776,147.0633087158203,110651.91320377054,0.0849456861615181,511434.5,308512.1875
1748000,1,0.009809999999999996,0.010022580623626709,0.3668861985206604,0.0029035914689302445,0.000653519621118903,0.00015408545732498166,144.61302185058594,110798.97655826273,0.0858306959271431,511420.09375,308527.25
1750000,1,0.009809999999999996,0.010022401809692383,0.36690157651901245,0.002904263883829117,0.0006534821353852749,0.00015421579591929914,143.2947998046875,110943.58965640726,0.0848846361041069,511410.8125,308537.1875
1752000,1,0.009809999999999996,0.010022064050038637,0.3669103980064392,0.002903798781335354,0.0006536020431667566,0.00015425223391503094,142.67030334472656,111086.88447147074,0.0839996263384819,511405.75,308543.0625
1754000,1,0.009809999999999996,0.010021964708963993,0.3669138252735138,0.002903482504189014,0.000653920229524374,0.0001542746089398861,142.52493286132812,111229.55479007425,0.0830535963177681,511404.0625,308545.40625
1756000,1,0.009809999999999996,0.010021845499674442,0.366912841796875,0.0029039163142442702,0.0006540102418512106,0.00015437304973602294,142.64776611328125,111372.07976871195,0.0820770412683487,511405.0625,308544.875
1758000,1,0.009809999999999996,0.010021686553955078,0.3669077455997467,0.0029038328677415846,0.0006541370414197445,0.00015441838186234236,142.87379455566406,111514.72756534281,0.0811309888958931,511408.3125,308542.1875
1760000,1,0.009809999999999996,0.010021547476450565,0.3668991029262543,0.0029032489284873007,0.0006542982067912817,0.00015447436599060893,143.14923095703125,111657.60135989847,0.0802307054400444,511413.5625,308537.375
1762000,1,0.009809999999999996,0.01002148787180579,0.3668877184391022,0.002903418242931366,0.0006539823953062295,0.00015452398220077156,143.4466094970703,111800.7505908555,0.0795135572552681,511420.34375,308530.84375
1764000,1,0.009809999999999996,0.010021408398946108,0.3668738007545471,0.002903217449784279,0.0006536023225635289,0.00015453831292688844,143.7930450439453,111944.19721561136,0.0787506252527237,511428.5625,308523.09375
1766000,1,0.009809999999999996,0.010021348794301332,0.3668583035469055,0.0029028600081801416,0.0006532226223498582,0.00015454243402928113,144.03416442871094,112087.9902759141,0.0782318115234375,511437.5,308514.34375
1768000,1,0.009809999999999996,0.010021328926086426,0.3668411076068878,0.002903066202998161,0.0006529413629323244,0.000154593912884593,144.28106689453125,112232.02451663675,0.0776977688074112,511447.15625,308504.96875
1770000,1,0.009809999999999996,0.010021309057871464,0.3668229281902313,0.002903658524155617,0.0006527245510369538,0.0001546350191347301,144.4445037841797,112376.30572086039,0.0773773193359375,511457.78125,308494.8125
1772000,1,0.009809999999999996,0.01002126932144165,0.366803377866745,0.0029038213193416595,0.0006525849457830191,0.0001546536339446902,144.57115173339844,112520.75033145609,0.0770416259765625,511468.59375,308484.0
1774000,1,0.009809999999999996,0.010021249453226688,0.36678290367126465,0.0029041783884167674,0.0006524675525724887,0.00015467054909095167,144.7261962890625,112665.32155948343,0.0767517015337944,511480.15625,308472.65625
1776000,1,0.009809999999999996,0.010021249453226688,0.3667616844177246,0.002904361858963966,0.0006523921620100736,0.00015466912882402536,144.8961639404297,112810.04780154886,0.0764160305261612,511492.21875,308461.03125
1778000,1,0.009809999999999996,0.010021249453226688,0.36673977971076965,0.0029046695679426195,0.0006523852236568927,0.00015466253971681,144.94552612304688,112954.94405704203,0.0763092115521431,511504.3125,308448.84375
1780000,1,0.009809999999999996,0.010021249453226688,0.36671778559684753,0.002905011735856533,0.0006523738149553537,0.00015466120094060896,145.0341796875,113099.88962894144,0.0760955885052681,511516.71875,308436.78125
1782000,1,0.009809999999999996,0.010021249453226688,0.3666952848434448,0.0029056580737233163,0.0006522973533719778,0.00015463643940165638,145.11032104492188,113244.92385440531,0.076019287109375,511529.0625,308424.28125
1784000,1,0.009809999999999996,0.010021249453226688,0.3666725754737854,0.0029058797284960748,0.0006523326970636845,0.00015462260926142333,145.1642303466797,113390.0342212266,0.0758361965417862,511541.53125,308411.9375
1786000,1,0.009809999999999996,0.010021229585011782,0.36664965748786926,0.0029059782624244685,0.0006522540003061295,0.000154625519644469,145.24179077148438,113535.19849734964,0.0756988599896431,511554.4375,308399.125
1788000,1,0.009809999999999996,0.010021229585011782,0.36662665009498596,0.0029057513922452925,0.0006522644311189651,0.00015462541487067937,145.32049560546875,113680.4403186387,0.0755615383386612,511567.21875,308386.59375
1790000,1,0.009809999999999996,0.010021189848581913,0.3666034936904907,0.0029056470841169356,0.0006522553972899913,0.00015461391303688287,145.374755859375,113825.76093631449,0.0754547193646431,511579.9375,308373.75
1792000,1,0.009459999999999996,0.009672462940216064,0.36737075448036194,0.0028992524370551106,0.0006278927903622389,0.00012527700746431947,139.16563415527344,113971.13570743265,0.0753173753619194,510701.25,308637.375
1794000,1,0.009459999999999996,0.009671767552693722,0.36779555678367615,0.0028969407081604003,0.000633853254839778,0.00012791341869160532,144.8397979736328,114110.30144839945,0.0722198560833931,510473.1875,308866.125
1796000,1,0.009459999999999996,0.009671886761983217,0.368099182844162,0.0028942029923200606,0.0006386456545442343,0.0001323154428973794,140.7292938232422,114255.14129214945,0.076812744140625,510302.59375,309037.71875
1798000,1,0.009459999999999996,0.009672323862711607,0.36831778287887573,0.002892805263400078,0.0006405383814126253,0.00013491470599547029,137.5373077392578,114395.87075381937,0.0733184888958931,510179.1875,309161.28125
1800000,1,0.009459999999999996,0.009672602017720522,0.3684776723384857,0.002892829477787018,0.0006418261677026748,0.00013665438164025545,136.32032775878906,114533.40815311136,0.0695800930261612,510089.8125,309250.28125
1802000,1,0.009459999999999996,0.009672820568084717,0.3685959577560425,0.002892373502254486,0.0006426459178328513,0.00013811399694532155,135.97215270996094,114669.7285571641,0.0672302395105362,510024.03125,309315.3125
1804000,1,0.009459999999999996,0.009672959645589174,0.3686825931072235,0.0028919152915477747,0.0006431167479604481,0.00013913545990362763,135.8580780029297,114805.70083194437,0.0657043531537056,509975.625,309362.75
1806000,1,0.009459999999999996,0.00967301925023395,0.3687472939491272,0.0028923628851771355,0.0006435251794755459,0.00013985258992761375,135.79795837402344,114941.55895572367,0.06475830078125,509939.78125,309398.1875
1808000,1,0.009459999999999996,0.00967301925023395,0.3687954545021057,0.0028929896652698517,0.0006437306292355061,0.0001404650742188096,135.76507568359375,115077.35688358011,0.0640716552734375,509913.09375,309424.4375
1810000,1,0.009459999999999996,0.009673058986663818,0.3688301146030426,0.0028928153216838835,0.0006440082099288701,0.0001409793272614479,135.74571228027344,115213.12205081644,0.0636444091796875,509893.75,309443.40625
1812000,1,0.009459999999999996,0.009673058986663818,0.36885446310043335,0.0028935594484210013,0.0006443429738283157,0.00014139004051685333,135.72508239746094,115348.86785464945,0.0632476806640625,509880.125,309456.71875
1814000,1,0.009459999999999996,0.009673118591308594,0.36887139081954956,0.0028944429010152816,0.0006438203155994416,0.00014169607311487198,135.71121215820312,115484.59292178812,0.06303409487009048,509870.84375,309465.84375
1816000,1,0.009459999999999996,0.009673118591308594,0.3688816726207733,0.002894888259470463,0.0006435845978558063,0.00014192562084645033,135.6932830810547,115620.30410342875,0.0628204271197319,509865.09375,309471.53125
1818000,1,0.009459999999999996,0.00967317819595337,0.36888691782951355,0.0028954260051250458,0.0006433383561670781,0.0001421374618075788,135.67376708984375,115755.99731021585,0.0626373291015625,509862.03125,309474.3125
1820000,1,0.009459999999999996,0.00967317819595337,0.36888769268989563,0.0028964579105377193,0.0006430639885365963,0.00014227796345949172,135.66246032714844,115891.67103152933,0.0626068264245987,509861.75,309474.59375
1822000,1,0.009459999999999996,0.009673198064168276,0.3688848614692688,0.0028967317193746567,0.0006427557207643985,0.0001424070564098656,135.6544952392578,116027.33344608011,0.0623931922018528,509863.125,309473.0625
1824000,1,0.009459999999999996,0.009673257668813051,0.36887919902801514,0.0028969015926122665,0.0006426671985536814,0.00014250929234549403,135.6387176513672,116162.987895543,0.0623474195599556,509866.15625,309469.90625
1826000,1,0.009459999999999996,0.009673237800598145,0.36887127161026,0.0028973819687962534,0.0006424922496080398,0.00014263325138017533,135.63653564453125,116298.62652164164,0.062301646918058395,509870.6875,309465.5
1828000,1,0.009459999999999996,0.009673237800598145,0.36886104941368103,0.0028975760564208027,0.0006424027495086193,0.0001427242998033762,135.63014221191406,116434.26304202738,0.062286388128995895,509876.125,309459.875
1830000,1,0.009459999999999996,0.009673257668813051,0.3688492178916931,0.002897655963897705,0.0006422618404030799,0.00014280356699600816,135.63682556152344,116569.8931689805,0.06222536042332649,509882.53125,309453.375
1832000,1,0.009459999999999996,0.009673257668813051,0.368835985660553,0.002897745743393898,0.0006421729922294617,0.00014285480137914418,135.61912536621094,116705.52993350687,0.062179576605558395,509889.8125,309446.125
1834000,1,0.009459999999999996,0.009673277537028013,0.36882203817367554,0.0028980763629078863,0.0006420886609703302,0.00014289795653894542,135.61575317382812,116841.14904361429,0.062057506293058395,509897.5625,309438.46875
1836000,1,0.009459999999999996,0.009673257668813051,0.3688074052333832,0.0028984846547245977,0.000641977321356535,0.00014292626874521373,135.62802124023438,116976.76479678812,0.06205751374363899,509905.65625,309430.28125
1838000,1,0.009459999999999996,0.009673277537028013,0.3687916398048401,0.0028988244011998177,0.0006418922916054725,0.00014297073939815164,135.62368774414062,117112.39281802835,0.062042247503995895,509914.125,309421.625
1840000,1,0.009459999999999996,0.009673277537028013,0.36877530813217163,0.002899013087153435,0.0006418372504413128,0.00014298493042588233,135.61770629882812,117248.01647525492,0.062042247503995895,509923.125,309412.6875
1842000,1,0.009459999999999996,0.009673277537028013,0.3687587082386017,0.0028988635167479515,0.0006418294738978148,0.00014301680494099855,135.61727905273438,117383.63413577738,0.0620117224752903,509932.25,309403.46875
1844000,1,0.009459999999999996,0.009673277537028013,0.368741512298584,0.0028985712677240373,0.0006417519878596067,0.0001430211355909705,135.6167449951172,117519.25138431253,0.061996471136808395,509941.8125,309394.0
1846000,1,0.009459999999999996,0.009673317273457827,0.36872366070747375,0.0028991317376494408,0.000641642790287733,0.00014302582712844014,135.61566162109375,117654.86809879007,0.061965953558683395,509951.5,309384.34375
1848000,1,0.009459999999999996,0.009673277537028013,0.3687061667442322,0.0028987521305680274,0.0006415716372430324,0.00014302628114819526,135.6132049560547,117790.48368411722,0.061965953558683395,509961.15625,309374.6875
1850000,1,0.009459999999999996,0.009673277537028013,0.3686884641647339,0.002898680604994297,0.0006415143609046935,0.0001430347329005599,135.6087188720703,117926.09687381449,0.0619354285299778,509970.90625,309364.875
1852000,1,0.009459999999999996,0.009673277537028013,0.3686700761318207,0.0028991129249334334,0.0006414653267711401,0.00014304504729807378,135.60853576660156,118061.70550113382,0.061920166015625,509980.9375,309354.78125
1854000,1,0.009459999999999996,0.009673317273457827,0.36865195631980896,0.0028988851234316823,0.0006414177361875772,0.00014302420895546673,135.6049346923828,118197.31400638285,0.06196596100926399,509990.875,309344.75
1856000,1,0.009459999999999996,0.009673317273457827,0.36863404512405396,0.002899135462939739,0.0006413152441382407,0.00014303420903161168,135.5948486328125,118332.91891055765,0.061920166015625,510000.875,309334.90625
1858000,1,0.009459999999999996,0.009673317273457827,0.3686160147190094,0.0028995441272854803,0.0006412665825337172,0.00014302808558568357,135.5972137451172,118468.51375919046,0.0619201734662056,510010.71875,309325.03125
1860000,1,0.009459999999999996,0.009673317273457827,0.3685980439186096,0.002900128625333309,0.0006411972921341657,0.00014301221817731856,135.586181640625,118604.11100345316,0.061920166015625,510020.5,309315.0625
1862000,1,0.009459999999999996,0.009673317273457827,0.36858057975769043,0.002900400571525097,0.0006411767099052667,0.00014300546608865262,135.59071350097656,118739.697169835,0.061920166015625,510030.09375,309305.5625
1864000,1,0.009459999999999996,0.009673317273457827,0.36856281757354736,0.0029002234339714048,0.0006411027163267136,0.0001430247677490115,135.59124755859375,118875.28791385355,0.0619201585650444,510039.78125,309295.71875
1866000,1,0.009459999999999996,0.009673317273457827,0.36854517459869385,0.002899949811398983,0.000641034496948123,0.0001430031144991517,135.59495544433594,119010.87916141214,0.0619201585650444,510049.59375,309285.90625
1868000,1,0.009459999999999996,0.009673317273457827,0.3685273230075836,0.0028998723253607747,0.0006409176625311373,0.00014299675822257993,135.59559631347656,119146.47411685648,0.0618896484375,510059.28125,309276.1875
1870000,1,0.009459999999999996,0.009673317273457827,0.3685099482536316,0.0028997911140322685,0.0006408960558474064,0.00014297781744971872,135.5978240966797,119282.06963687601,0.0618896558880806,510068.84375,309266.53125
1872000,1,0.009109999999999997,0.009324153264363588,0.36928901076316833,0.0028931763023138045,0.0006196652073413133,0.00011306328233331441,130.98670959472656,119417.66746097269,0.06156923994421959,509185.3125,309533.59375
1874000,1,0.009109999999999997,0.009325126806894957,0.36971214413642883,0.0028950924053788183,0.0006238988600671292,0.0001161879627034068,130.7956085205078,119548.65414004984,0.0539093054831028,508950.28125,309765.0625
1876000,1,0.009109999999999997,0.009325921535491943,0.3700183928012848,0.002897134982049465,0.0006276320200413465,0.0001189174596220255,129.18460083007812,119679.44976382914,0.0704956203699112,508779.59375,309934.0625
1878000,1,0.009109999999999997,0.00932637850443524,0.37024715542793274,0.002897880971431732,0.0006298843305557966,0.00012154057621955871,126.73493194580078,119808.63434940042,0.0762481763958931,508650.21875,310061.65625
1880000,1,0.009109999999999997,0.009326795736948668,0.37042492628097534,0.00289943628013134,0.0006311258766800165,0.00012346131261438132,125.2948226928711,119935.36930423441,0.0782623365521431,508550.28125,310159.9375
1882000,1,0.009109999999999997,0.0093269944190979,0.3705670237541199,0.002900199219584465,0.0006317198276519774,0.00012475429102778434,124.04206085205078,120060.66419559183,0.0798645168542862,508469.9375,310238.6875
1884000,1,0.009109999999999997,0.009327054023742676,0.37068432569503784,0.002901325188577175,0.0006322427652776241,0.0001257240423001349,123.2960433959961,120184.70631747904,0.0807342603802681,508404.0,310303.1875
1886000,1,0.009109999999999997,0.009327173233032227,0.3707828223705292,0.0029024813324213024,0.0006325679831206798,0.000126460928004235,122.76708984375,120308.0024066514,0.0812072828412056,508348.875,310357.25
1888000,1,0.009109999999999997,0.009327212969462095,0.37086740136146545,0.0029038175940513606,0.00063286405056715,0.00012700820807367563,122.38279724121094,120430.76953464212,0.0815124660730362,508301.125,310403.65625
1890000,1,0.009109999999999997,0.009327212969462095,0.3709407150745392,0.002904457785189152,0.0006330989301204681,0.00012746889842674136,122.13612365722656,120553.1523852891,0.0817260816693306,508260.15625,310443.71875
1892000,1,0.009109999999999997,0.009327212969462095,0.3710053861141205,0.0029060879722237584,0.0006332115270197392,0.00012779338285326958,121.95439910888672,120675.28856235209,0.08187868446111679,508224.09375,310479.09375
1894000,1,0.009109999999999997,0.009327252705891909,0.3710635304450989,0.002906008623540401,0.0006334588397294283,0.0001280721859075129,121.78050994873047,120797.24301486673,0.0820465013384819,508191.46875,310510.78125
1896000,1,0.009109999999999997,0.009327252705891909,0.37111619114875793,0.002905311249196529,0.0006336553022265434,0.00012829998740926385,121.70707702636719,120919.02354770365,0.0820923000574112,508162.1875,310539.5625
1898000,1,0.009109999999999997,0.009327212969462095,0.371163934469223,0.002906118519604206,0.0006337895058095456,0.0001285087550058961,121.6485595703125,121040.7306552476,0.0821380689740181,508135.65625,310565.59375
1900000,1,0.009109999999999997,0.009327252705891909,0.37120747566223145,0.002907169237732887,0.000633890787139535,0.00012867506593465804,121.55496215820312,121162.3792300767,0.0821685865521431,508111.25,310589.375
1902000,1,0.009109999999999997,0.009327252705891909,0.37124761939048767,0.002908218652009964,0.0006340723484754562,0.00012879177229478954,121.47036743164062,121283.93422275248,0.0822143480181694,508088.9375,310611.3125
1904000,1,0.009109999999999997,0.009327252705891909,0.371285080909729,0.002908547595143318,0.0006341349333524704,0.00012889418285340072,121.44791412353516,121405.40463596048,0.0822143629193306,508068.21875,310631.6875
1906000,1,0.009109999999999997,0.00932727257410687,0.3713197112083435,0.0029085272923111915,0.0006342873908579349,0.00012898611603304742,121.34392547607422,121526.8525729722,0.0823974758386612,508049.0625,310650.75
1908000,1,0.009109999999999997,0.00932727257410687,0.37135210633277893,0.0029090264812111854,0.0006343241780996323,0.00012905449839308857,121.33745574951172,121648.19649081888,0.082427978515625,508031.0625,310668.28125
1910000,1,0.009109999999999997,0.00932727257410687,0.37138235569000244,0.002909572422504425,0.0006343594752252101,0.00012913407990708948,121.28913116455078,121769.53395419779,0.0824432373046875,508014.28125,310684.8125
1912000,1,0.009109999999999997,0.00932727257410687,0.371410608291626,0.002910207398235798,0.0006344700697809457,0.00012917618732899427,121.32514953613281,121890.82304721537,0.08242800086736679,507998.75,310700.25
1914000,1,0.009109999999999997,0.00932727257410687,0.3714370131492615,0.0029097646474838257,0.000634667556732893,0.00012922007590532303,121.25537109375,122012.14816623392,0.0824737697839737,507984.0625,310714.75
1916000,1,0.009109999999999997,0.00932727257410687,0.3714619278907776,0.002910248190164566,0.0006346989423036575,0.00012930064694955943,121.24217987060547,122133.4035068101,0.0824737623333931,507970.21875,310728.125
1918000,1,0.009109999999999997,0.00932727257410687,0.3714853823184967,0.00291033536195755,0.0006347019225358963,0.00012934016995131968,121.2374038696289,122254.64564090433,0.0824737697839737,507957.28125,310740.9375
1920000,1,0.009109999999999997,0.00932727257410687,0.371507465839386,0.0029102973639965053,0.0006347395479679107,0.00012939119478687643,121.21331024169922,122375.88305240335,0.0824737623333931,507944.9375,310752.875
1922000,1,0.009109999999999997,0.00932727257410687,0.3715287446975708,0.002910872362554073,0.0006347360089421271,0.00012942517641931773,121.221923828125,122497.09637790384,0.0824737623333931,507933.3125,310764.53125
1924000,1,0.009109999999999997,0.00932727257410687,0.3715490400791168,0.0029111640527844426,0.0006348247174173593,0.00012946173083037136,121.20286560058594,122618.31832462015,0.0824737623333931,507921.96875,310775.53125
1926000,1,0.009109999999999997,0.00932727257410687,0.37156838178634644,0.002911437302827835,0.0006348303984850645,0.00012950776144862174,121.17523193359375,122739.52119022074,0.0824737623333931,507911.3125,310786.21875
1928000,1,0.009109999999999997,0.00932727257410687,0.3715870976448059,0.0029115723446011543,0.000634864717721939,0.00012956007849425079,121.18321228027344,122860.69642215433,0.0824737623333931,507901.0,310796.46875
1930000,1,0.009109999999999997,0.00932727257410687,0.37160542607307434,0.0029118210077285767,0.0006349146831780673,0.0001295718946494162,121.1949234008789,122981.87961154642,0.0824737548828125,507890.96875,310806.375
1932000,1,0.009109999999999997,0.00932727257410687,0.37162333726882935,0.0029116438701748846,0.0006349218543618917,0.00012959885643795132,121.14766693115234,123103.0745273179,0.0824737623333931,507881.09375,310816.15625
1934000,1,0.009109999999999997,0.00932727257410687,0.3716406226158142,0.0029117194935679436,0.0006349795963615179,0.00012961439788341522,121.17710876464844,123224.2221408433,0.0824737697839737,507871.53125,310825.71875
1936000,1,0.009109999999999997,0.00932727257410687,0.37165749073028564,0.0029113799333572382,0.0006350732408463954,0.0001296469708904624,121.15222930908203,123345.39920383158,0.0824737623333931,507862.09375,310834.875
1938000,1,0.009109999999999997,0.00932727257410687,0.3716740608215332,0.0029118206351995465,0.0006351319607347249,0.0001296611619181931,121.17662811279297,123466.55141025248,0.0824737548828125,507853.09375,310843.875
1940000,1,0.009109999999999997,0.00932727257410687,0.3716903328895569,0.0029118917882442474,0.000635225372388959,0.00012969387462362646,121.14421081542969,123587.72800784769,0.0824737697839737,507843.96875,310852.8125
1942000,1,0.009109999999999997,0.00932727257410687,0.37170645594596863,0.0029118733480572702,0.0006353578995913267,0.00012967746006324886,121.1443862915039,123708.87221103373,0.0824737697839737,507835.15625,310861.625
1944000,1,0.009109999999999997,0.009327232837677002,0.37172213196754456,0.0029116880148649213,0.0006354684010148047,0.00012972913682460783,121.13859558105469,123830.01658969584,0.0824737623333931,507826.4375,310870.15625
1946000,1,0.009109999999999997,0.009327232837677002,0.3717373311519623,0.002911664731800556,0.0006355167366564273,0.0001297422219067812,121.1457290649414,123951.15521579447,0.0824737623333931,507818.0625,310878.34375
1948000,1,0.009109999999999997,0.009327232837677002,0.3717522919178009,0.002911663055419922,0.000635584769770503,0.00012979133753105996,121.13278198242188,124072.3009524888,0.0824737697839737,507809.78125,310886.65625
1950000,1,0.009109999999999997,0.009327232837677002,0.3717668354511261,0.0029114561155438425,0.0006356447469443083,0.00012979748426005243,121.12419128417969,124193.43372684183,0.0824737623333931,507801.78125,310894.4375
1952000,1,0.008759999999999997,0.008977830410003662,0.3725869357585907,0.0029077870771288873,0.0006122645456343889,9.944443590939044e-05,117.98619842529297,124314.5579257554,0.0801849365234375,506898.125,311180.1875
1954000,1,0.008759999999999997,0.008978923161824526,0.37304744124412537,0.0029086839407682415,0.0006151614710688591,0.00010293462546542286,108.10395050048828,124432.5441241807,0.0863037109375,506632.78125,311441.53125
1956000,1,0.008759999999999997,0.008978962898254395,0.37339290976524353,0.0029100231826305386,0.0006160820368677378,0.00010616106446832418,107.9738998413086,124540.648051793,0.0868072584271431,506441.75,311630.78125
1958000,1,0.008759999999999997,0.008979082107543945,0.37366464734077454,0.002910422906279564,0.0006175935734063386,0.00010798337170854209,107.36234283447266,124648.62195163431,0.0863037258386612,506292.15625,311780.5625
1960000,1,0.008759999999999997,0.00897914171218872,0.37388795614242554,0.002911559864878654,0.0006186781451106071,0.00010933566372841596,106.88670349121094,124755.98427921,0.0859527662396431,506168.875,311903.59375
1962000,1,0.008759999999999997,0.008979221185048458,0.37407588958740234,0.0029119338840246202,0.0006193962413817644,0.00011028642766177655,106.57377624511719,124862.8709827012,0.0856933742761612,506065.4375,312006.71875
1964000,1,0.008759999999999997,0.008979201316833496,0.37423813343048096,0.002911834791302681,0.0006199531257152557,0.00011096602538600563,106.21351623535156,124969.4447970933,0.0856475904583931,505975.75,312095.9375
1966000,1,0.008759999999999997,0.008979241053263365,0.374380499124527,0.0029123131185770034,0.0006204281002283096,0.00011146444594487547,106.10664367675781,125075.65829806986,0.0854950100183487,505897.53125,312174.03125
1968000,1,0.008759999999999997,0.008979260921478271,0.3745081424713135,0.0029122406616806985,0.0006209210492670535,0.00011178781278431416,106.0343017578125,125181.7649646348,0.0854187086224556,505827.21875,312244.1875
1970000,1,0.008759999999999997,0.008979241053263365,0.37462523579597473,0.002912222221493721,0.000621525989845395,0.00011205645278096197,105.89730072021484,125287.799274022,0.0853729397058487,505762.96875,312308.3125
1972000,1,0.008759999999999997,0.008979260921478271,0.3747323453426361,0.0029118234291672707,0.0006220151670277118,0.00011232311371713878,105.84529113769531,125393.69662051859,0.0853881984949112,505704.0,312367.0625
1974000,1,0.008759999999999997,0.008979221185048403,0.3748321533203125,0.0029118726029992103,0.0006225026678293943,0.00011255451245233415,105.83818817138672,125499.54193454447,0.0853423997759819,505649.34375,312421.75
1976000,1,0.008759999999999997,0.008979260921478271,0.37492600083351135,0.0029111551120877266,0.0006229597609490156,0.00011275359429419041,105.81099700927734,125605.38012271585,0.0853424146771431,505597.875,312473.125
1978000,1,0.008759999999999997,0.008979221185048403,0.3750157654285431,0.002911088429391384,0.0006233497988432646,0.00011293961433693766,105.79306030273438,125711.19113498392,0.0853118821978569,505548.6875,312522.40625
1980000,1,0.008759999999999997,0.008979260921478271,0.3751012980937958,0.0029103292152285578,0.0006239240989089011,0.0001131658093072474,105.77850341796875,125816.98415713968,0.0853424146771431,505501.84375,312569.21875
1982000,1,0.008759999999999997,0.00897930065790814,0.37518295645713806,0.0029099058359861375,0.0006241946015506982,0.00011343184160068631,105.78936767578125,125922.76263004007,0.0853424072265625,505456.96875,312614.09375
1984000,1,0.008759999999999997,0.00897930065790814,0.37526142597198486,0.002909041196107864,0.0006245148833841084,0.0001136434031650424,105.81394958496094,126028.55201297464,0.0853118896484375,505414.09375,312657.0
1986000,1,0.008759999999999997,0.00897930065790814,0.3753371834754944,0.002908777631819248,0.0006248067133128643,0.00011384793324396015,105.77225494384766,126134.36593967142,0.0853424146771431,505372.53125,312698.5625
1988000,1,0.008759999999999997,0.008979221185048403,0.3754107356071472,0.0029088225215673446,0.000625045597553253,0.00011401741066947579,105.79393768310547,126240.13817935648,0.0852966383099556,505332.1875,312738.90625
1990000,1,0.008759999999999997,0.00897930065790814,0.3754820227622986,0.0029083982110023497,0.0006252429913729429,0.00011419641086831688,105.75436401367188,126345.93211703959,0.0853424072265625,505293.15625,312777.96875
1992000,1,0.008759999999999997,0.008979260921478271,0.3755510747432709,0.0029080886393785476,0.0006254427600651979,0.0001143683912232518,105.772705078125,126451.68647342386,0.08534242957830429,505255.46875,312815.8125
1994000,1,0.008759999999999997,0.00897930065790814,0.37561798095703125,0.002907564677298069,0.0006256341934204101,0.00011454353807494044,105.759033203125,126557.4591556138,0.0853118896484375,505218.78125,312852.5625
1996000,1,0.008759999999999997,0.00897930065790814,0.3756833076477051,0.0029078226536512373,0.000625751120969653,0.00011467724107205868,105.73155212402344,126663.2182193345,0.0853424072265625,505183.03125,312888.34375
1998000,1,0.008759999999999997,0.00897930065790814,0.37574702501296997,0.0029083793982863423,0.0006259153131395578,0.00011475123465061187,105.73462677001953,126768.94980197611,0.0853118896484375,505148.0625,312923.3125
2000000,1,0.008759999999999997,0.00897930065790814,0.3758096694946289,0.0029084663838148117,0.0006260278169065714,0.00011487151496112347,105.72901153564453,126874.68444400492,0.0853118821978569,505113.78125,312957.59375
2002000,1,0.008759999999999997,0.00897930065790814,0.3758706748485565,0.0029081122949719427,0.0006260745227336884,0.00011499874526634812,105.71891784667969,126980.41345554056,0.0853424146771431,505080.34375,312991.15625
2004000,1,0.008759999999999997,0.00897930065790814,0.37593019008636475,0.002908048219978809,0.0006261875387281179,0.00011510601034387946,105.7072525024414,127086.13236575785,0.0853424072265625,505047.75,313023.71875
2006000,1,0.008759999999999997,0.00897930065790814,0.37598857283592224,0.002907441556453705,0.0006262498442083597,0.00011518826941028237,105.73661804199219,127191.8395953721,0.0853424146771431,505015.9375,313055.875
2008000,1,0.008759999999999997,0.008979340394337954,0.3760455846786499,0.0029076009988784793,0.0006263247225433587,0.00011524698929861188,105.74760437011719,127297.57622104349,0.0853576585650444,504984.71875,313087.09375
2010000,1,0.008759999999999997,0.00897930065790814,0.3761012852191925,0.0029077645391225814,0.0006263876799494028,0.00011532508069649339,105.72248077392578,127403.32381778421,0.0853424072265625,504954.21875,313117.5
2012000,1,0.008759999999999997,0.00897930065790814,0.376155823469162,0.00290765818208456,0.0006265010684728623,0.00011540678096935152,105.74410247802734,127509.04629855814,0.0853424146771431,504924.34375,313147.4375
2014000,1,0.008759999999999997,0.008979340394337954,0.376209020614624,0.0029079537838697434,0.000626552477478981,0.00011546256719157099,105.72007751464844,127614.79041629496,0.0853576809167862,504895.25,313176.71875
2016000,1,0.008759999999999997,0.00897930065790814,0.37626102566719055,0.002908121980726719,0.0006266755051910877,0.00011553745716810226,105.7096176147461,127720.51047092142,0.0853424146771431,504866.59375,313205.09375
2018000,1,0.008759999999999997,0.008979260921478271,0.37631192803382874,0.002908666990697384,0.0006267412099987267,0.00011560502462089061,105.73003387451172,127826.22008090677,0.085357666015625,504838.9375,313233.0625
2020000,1,0.008759999999999997,0.008979300657908085,0.3763616979122162,0.002908548340201378,0.0006267424207180738,0.00011568345362320542,105.70721435546875,127931.95010715189,0.085296630859375,504811.6875,313260.21875
2022000,1,0.008759999999999997,0.00897930065790814,0.3764103949069977,0.002908917888998985,0.0006267390679568052,0.00011576468823477626,105.69218444824219,128037.65731387796,0.0853118896484375,504785.0,313287.0
2024000,1,0.008759999999999997,0.008979260921478271,0.3764580488204956,0.0029093816876411436,0.0006268132012337447,0.00011583397863432766,105.73406219482422,128143.34952884378,0.08531191200017929,504758.9375,313313.125
2026000,1,0.008759999999999997,0.008979260921478271,0.37650439143180847,0.0029093585908412933,0.00062693627551198,0.00011590487556532025,105.68981170654297,128249.0836062974,0.0853271558880806,504733.46875,313338.625
2028000,1,0.008759999999999997,0.008979260921478271,0.3765498995780945,0.002909000590443611,0.0006271122023463249,0.00011598115088418126,105.69012451171875,128354.77344089212,0.0852966383099556,504708.59375,313363.40625
2030000,1,0.008759999999999997,0.008979260921478271,0.3765939474105835,0.0029092272743582726,0.0006272336468100547,0.0001160411280579865,105.67605590820312,128460.46358066263,0.085357666015625,504684.375,313387.6875
2032000,1,0.008409999999999997,0.008629282315572084,0.377448707818985,0.00290413424372673,0.0006060325540602207,8.577353437431156e-05,104.78065490722656,128566.13965182962,0.0777587890625,503766.84375,313688.0625
2034000,1,0.008409999999999997,0.008629818757375063,0.3779483437538147,0.0029033908620476724,0.0006085474044084548,8.904421702027321e-05,100.90099334716797,128670.92030673685,0.0748443603515625,503487.5625,313965.53125
2036000,1,0.008409999999999997,0.008630037307739258,0.37833765149116516,0.0029025211930274963,0.0006094816140830517,9.17025376111269e-05,98.88299560546875,128771.82127719584,0.0731506496667862,503272.1875,314181.5625
2038000,1,0.008409999999999997,0.008630136648813902,0.37865379452705383,0.002902059629559517,0.0006096318364143371,9.370175539515913e-05,97.6998062133789,128870.7042728013,0.0722351223230362,503097.4375,314355.59375
2040000,1,0.008409999999999997,0.008630136648813902,0.37891948223114014,0.0029007826000452042,0.0006099999882280827,9.501135791651903e-05,96.81411743164062,128968.40407138529,0.0718383938074112,502950.6875,314501.96875
2042000,1,0.008409999999999997,0.008630235989888546,0.37915492057800293,0.0029003873467445375,0.0006104524247348308,9.570670081302524e-05,96.14339447021484,129065.21817355814,0.0721588283777237,502821.375,314632.125
2044000,1,0.008409999999999997,0.008630295594533322,0.3793652653694153,0.0028995512053370475,0.000610813032835722,9.634310845285654e-05,95.69575500488281,129161.36159854593,0.072113037109375,502705.5625,314747.78125
2046000,1,0.008409999999999997,0.008630235989888546,0.3795563578605652,0.0028999188914895055,0.0006109930574893952,9.690309525467455e-05,95.30133056640625,129257.0573688096,0.0722198411822319,502600.15625,314852.65625
2048000,1,0.008409999999999997,0.008630216121673584,0.3797328770160675,0.002899991534650326,0.0006112609524279832,9.732781327329575e-05,95.13509368896484,129352.35867648783,0.0725097805261612,502503.25,314949.4375
2050000,1,0.008409999999999997,0.00863017638524377,0.37989768385887146,0.0028999639675021172,0.0006117083132266999,9.766794973984361e-05,95.0094985961914,129447.49377017679,0.0726471021771431,502412.5625,315039.6875
2052000,1,0.008409999999999997,0.00863017638524377,0.380052775144577,0.0029002847149968147,0.0006119969300925731,9.79504780843854e-05,94.93053436279297,129542.5032458848,0.0727844312787056,502327.28125,315124.625
2054000,1,0.008409999999999997,0.00863017638524377,0.38020059466362,0.002899658679962158,0.000612229248508811,9.816762758418918e-05,94.8628158569336,129637.4337802476,0.0727996900677681,502246.21875,315205.5625
2056000,1,0.008409999999999997,0.008630216121673584,0.3803423345088959,0.002899487502872944,0.0006124678999185562,9.833298390731214e-05,94.7984390258789,129732.29658084574,0.0729980617761612,502168.5,315283.15625
2058000,1,0.008409999999999997,0.00863017638524377,0.3804771304130554,0.0028992196545004844,0.0006128039676696061,9.851373033598065e-05,94.74292755126953,129827.09500461283,0.072906494140625,502094.28125,315357.09375
2060000,1,0.008409999999999997,0.008630216121673584,0.3806071877479553,0.002898123674094677,0.0006131039001047611,9.862167062237858e-05,94.68572998046875,129921.83790164652,0.0728607177734375,502022.90625,315428.03125
2062000,1,0.008409999999999997,0.00863017638524377,0.3807320296764374,0.00289828609675169,0.0006134491413831711,9.881709702312947e-05,94.66632080078125,130016.52363162699,0.0731964036822319,501954.625,315496.5
2064000,1,0.008409999999999997,0.008630216121673584,0.3808523118495941,0.002898039296269417,0.0006138744764029979,9.88889718428254e-05,94.61103057861328,130111.18994479837,0.0730438306927681,501888.40625,315562.5
2066000,1,0.008409999999999997,0.00863017638524377,0.38096800446510315,0.002898064814507961,0.0006143306847661734,9.9014095030725e-05,94.58031463623047,130205.80098300638,0.0731964185833931,501825.03125,315625.6875
2068000,1,0.008409999999999997,0.00863017638524377,0.38108015060424805,0.002897351607680321,0.0006148837972432375,9.910810040310025e-05,94.56964111328125,130300.3813129014,0.0731964185833931,501763.5625,315687.1875
2070000,1,0.008409999999999997,0.008630216121673584,0.3811885714530945,0.0028979865834116935,0.0006152526009827852,9.923139587044715e-05,94.5440902709961,130394.95096927347,0.0731964185833931,501704.125,315746.46875
2072000,1,0.008409999999999997,0.00863017638524377,0.3812931180000305,0.0028980210423469543,0.0006155356299132107,9.93541325442493e-05,94.5205078125,130489.49506717386,0.07330322265625,501646.96875,315803.75
2074000,1,0.008409999999999997,0.008630216121673584,0.3813943564891815,0.002898485027253628,0.0006156193558126688,9.943385375663637e-05,94.49028015136719,130584.01559024515,0.073211669921875,501591.40625,315859.1875
2076000,1,0.008409999999999997,0.008630216121673584,0.3814924657344818,0.002898203022778034,0.0006158365868031978,9.96055663563311e-05,94.47402954101562,130678.50588565531,0.0731964111328125,501537.6875,315912.875
2078000,1,0.008409999999999997,0.00863017638524377,0.38158750534057617,0.002897873520851135,0.0006161781493574381,9.977483423426748e-05,94.47173309326172,130772.97997623148,0.0734100267291069,501485.625,315965.0
2080000,1,0.008409999999999997,0.00863017638524377,0.3816792070865631,0.002898641303181648,0.0006164649035781622,9.991073748096823e-05,94.44597625732422,130867.45169406595,0.0734100341796875,501435.375,316015.25
2082000,1,0.008409999999999997,0.00863017638524377,0.38176822662353516,0.002898616343736648,0.0006168029271066189,0.00010004658252000808,94.42627716064453,130961.89766269388,0.0734100416302681,501386.5,316064.0625
2084000,1,0.008409999999999997,0.008630216121673584,0.38185495138168335,0.0028978481888771055,0.0006171252112835646,0.00010021638590842485,94.41576385498047,131056.32394748392,0.0734252855181694,501339.125,316111.40625
2086000,1,0.008409999999999997,0.008630216121673584,0.3819386065006256,0.0028975551947951314,0.0006175308022648096,0.00010038611944764852,94.40100860595703,131150.73972659768,0.0734100341796875,501293.46875,316157.34375
2088000,1,0.008409999999999997,0.008630255858103397,0.38201960921287537,0.0028970548883080482,0.0006178529001772403,0.00010051451390609145,94.39598846435547,131245.14072757424,0.0734558254480362,501249.15625,316201.90625
2090000,1,0.008409999999999997,0.008630216121673584,0.3820986747741699,0.0028965851292014123,0.0006184185389429331,0.0001006864127703011,94.37759399414062,131339.53668552102,0.0735473781824112,501205.8125,316245.21875
2092000,1,0.008409999999999997,0.00863017638524377,0.3821750283241272,0.002896280772984028,0.0006187052465975284,0.00010090016294270753,94.3636245727539,131433.91427188576,0.07354736328125,501164.28125,316287.03125
2094000,1,0.008409999999999997,0.00863017638524377,0.38224899768829346,0.002896555885672569,0.0006187158171087503,0.00010098814964294433,94.3460693359375,131528.27788882912,0.0735473707318306,501123.65625,316327.625
2096000,1,0.008409999999999997,0.008630216121673584,0.38232138752937317,0.002896502986550331,0.0006187316495925188,0.0001011695247143507,94.32271575927734,131622.62398105324,0.0734405592083931,501084.125,316367.25
2098000,1,0.008409999999999997,0.008630216121673584,0.38239169120788574,0.0028973275795578955,0.0006188659463077784,0.00010129708098247646,94.29698944091797,131716.94667392434,0.0734405443072319,501045.53125,316405.84375
2100000,1,0.008409999999999997,0.008630216121673584,0.3824601173400879,0.0028970073908567424,0.0006190582178533077,0.00010141202947124838,94.28472137451172,131811.24364810647,0.0734405666589737,501008.125,316443.40625
2102000,1,0.008409999999999997,0.008630216121673584,0.38252684473991394,0.0028965447098016736,0.0006192637607455254,0.0001015196437947452,94.26775360107422,131905.5283389634,0.0734710767865181,500971.71875,316480.03125
2104000,1,0.008409999999999997,0.008630216121673584,0.38259178400039673,0.0028965575620532036,0.0006194998975843191,0.00010164359118789435,94.25834655761719,131999.79610782326,0.073486328125,500936.21875,316515.53125
2106000,1,0.008409999999999997,0.008630216121673584,0.3826546370983124,0.0028967298567295074,0.0006196530535817147,0.00010174062335863709,94.22915649414062,132094.0544314927,0.073486328125,500901.8125,316550.09375
2108000,1,0.008409999999999997,0.008630216121673584,0.3827163577079773,0.002896666154265404,0.0006200536154210567,0.00010181870311498642,94.21963500976562,132188.28358798684,0.0735778957605362,500868.09375,316583.90625
2110000,1,0.008409999999999997,0.008630216121673584,0.3827768564224243,0.002896282076835632,0.0006202415563166142,0.00010191902983933686,94.19422149658203,132282.5032153672,0.0736541822552681,500835.15625,316617.09375
2112000,1,0.008059999999999998,0.00828083356221515,0.3836633563041687,0.002891180105507374,0.0006015555467456579,7.089973660185933e-05,89.64446258544922,132376.69744449318,0.0747375562787056,499900.46875,316935.25
2114000,1,0.008059999999999998,0.008281946182250977,0.3842103183269501,0.00288908202201128,0.0006025015376508236,7.351578678935765e-05,85.22928619384766,132466.34192996682,0.0710601806640625,499594.65625,317238.375
2116000,1,0.008059999999999998,0.008282601833343506,0.3846626877784729,0.002888752333819866,0.0006039966363459825,7.608046289533376e-05,83.2514419555664,132551.57125430764,0.069580078125,499344.5,317487.8125
2118000,1,0.008059999999999998,0.008282919724782345,0.38504791259765625,0.002890508063137531,0.0006044831592589617,7.796058780513702e-05,82.18035888671875,132634.8227038926,0.0679321438074112,499131.53125,317699.1875
2120000,1,0.008059999999999998,0.008283038934071896,0.38538658618927,0.0028908690437674522,0.0006043498404324054,7.92231352534145e-05,81.81422424316406,132717.00305514992,0.0665740892291069,498944.53125,317884.3125
2122000,1,0.008059999999999998,0.00828297932942712,0.3856978714466095,0.0028931677341461183,0.000604624766856432,7.974961190484464e-05,81.65705108642578,132798.81730228127,0.0659790188074112,498771.3125,318053.21875
2124000,1,0.008059999999999998,0.008283058802286802,0.38601213693618774,0.0029069464653730392,0.0006115390453487635,7.704308372922242e-05,81.46858978271484,132880.4743609971,0.0656890794634819,498584.09375,318215.65625
2126000,1,0.008059999999999998,0.008283019065856934,0.38632869720458984,0.0028942935168743134,0.0006068389862775803,7.870388217270374e-05,81.39839172363281,132961.94291263283,0.0654296949505806,498408.40625,318387.25
2128000,1,0.008059999999999998,0.00828297932942712,0.3866328001022339,0.0028925089165568354,0.00060642184689641,7.994077168405056e-05,81.50778198242188,133043.34128146828,0.0650939866900444,498242.5,318553.4375
2130000,1,0.008059999999999998,0.008283019065856934,0.38691410422325134,0.0028906337916851043,0.0006061989348381757,8.097719983197747e-05,81.48233795166016,133124.84904056252,0.0650329664349556,498089.125,318707.9375
2132000,1,0.008059999999999998,0.008282979329427065,0.3871764540672302,0.0028876136988401414,0.0006048817187547683,8.14730767160654e-05,81.46367645263672,133206.3313403672,0.0649566650390625,497946.03125,318851.6875
2134000,1,0.008059999999999998,0.008283038934071896,0.3874364197254181,0.0028847377747297284,0.0006037460174411535,8.158950950019061e-05,81.3681869506836,133287.79497867287,0.0649719387292862,497802.125,318993.0
2136000,1,0.008059999999999998,0.008283098538716671,0.38768270611763,0.002883632481098175,0.0006029700394719839,8.246763609349727e-05,81.12183380126953,133369.16315036477,0.0649566724896431,497665.6875,319127.1875
2138000,1,0.008059999999999998,0.008283138275146484,0.3879092335700989,0.0028824700042605397,0.0006032098084688186,8.324766531586646e-05,80.87089538574219,133450.28498416604,0.0651245042681694,497540.625,319250.875
2140000,1,0.008059999999999998,0.008283138275146484,0.3881183862686157,0.0028821870684623717,0.0006029697600752115,8.392418967559933e-05,80.67849731445312,133531.15588718117,0.06510927528142929,497425.5,319365.25
2142000,1,0.008059999999999998,0.008283178011576353,0.3883131146430969,0.002882482670247555,0.000603215442970395,8.447966538369655e-05,80.5067138671875,133611.83437686623,0.065277099609375,497318.5,319471.71875
2144000,1,0.008059999999999998,0.008283178011576353,0.38849568367004395,0.002881084196269512,0.0006037630140781402,8.491029730066656e-05,80.37789154052734,133692.34107547463,0.06538394093513489,497218.125,319571.78125
2146000,1,0.008059999999999998,0.00828319787979126,0.38866809010505676,0.0028808940201997756,0.0006041134707629681,8.527847821824252e-05,80.28178405761719,133772.71896701516,0.0654144212603569,497123.5625,319666.0625
2148000,1,0.008059999999999998,0.00828319787979126,0.3888314664363861,0.002880980633199215,0.0006040629930794239,8.56150349136442e-05,80.20858001708984,133853.00074344338,0.0654144287109375,497033.75,319755.21875
2150000,1,0.008059999999999998,0.008283237616221129,0.38898634910583496,0.0028803037479519845,0.0006040859036147595,8.596749394200741e-05,80.14198303222656,133933.20934634865,0.0654144436120987,496948.5625,319839.78125
2152000,1,0.008059999999999998,0.008283237616221129,0.38913437724113464,0.0028811637312173843,0.000604239571839571,8.623393368907271e-05,80.08779907226562,134013.3513064927,0.0654144287109375,496867.0,319920.6875
2154000,1,0.008059999999999998,0.00828319787979126,0.3892765939235687,0.002881474606692791,0.0006043971050530672,8.638371364213526e-05,80.06172180175781,134093.43907504738,0.0654144287109375,496788.84375,319998.28125
2156000,1,0.008059999999999998,0.008283237616221129,0.3894147276878357,0.0028821060433983805,0.0006045913323760033,8.649493101984262e-05,80.01908111572266,134173.50080447854,0.0654754638671875,496713.125,320073.65625
2158000,1,0.008059999999999998,0.008283237616221129,0.3895514905452728,0.0028819074854254723,0.0006051274482160807,8.636973798274994e-05,79.99092864990234,134253.51986270607,0.0654754564166069,496638.8125,320148.90625
2160000,1,0.008059999999999998,0.008283237616221129,0.38968533277511597,0.002882033586502075,0.0006053648889064789,8.646868518553674e-05,79.9827880859375,134333.5107760972,0.0654754564166069,496565.09375,320222.15625
2162000,1,0.008059999999999998,0.008283237616221129,0.38981595635414124,0.002881276048719883,0.0006056392099708318,8.655590936541557e-05,79.94661712646484,134413.49354892434,0.06547548621892929,496493.5625,320293.375
2164000,1,0.008059999999999998,0.008283257484436035,0.3899427652359009,0.002881779335439205,0.0006059958599507808,8.665547939017415e-05,79.92256164550781,134493.4401813096,0.0655517578125,496423.90625,320362.78125
2166000,1,0.008059999999999998,0.008283237616221129,0.39006656408309937,0.002880806289613247,0.0006063106935471295,8.670763345435262e-05,79.896484375,134573.3627429551,0.0655517503619194,496356.15625,320430.375
2168000,1,0.008059999999999998,0.008283277352650942,0.3901875615119934,0.0028806501999497415,0.0006064822431653738,8.68156785145402e-05,79.8794937133789,134653.2592120713,0.0655822828412056,496289.71875,320496.375
2170000,1,0.008059999999999998,0.008283237616221129,0.39030560851097107,0.0028803177177906037,0.0006067529320716858,8.6889264639467e-05,79.86126708984375,134733.13871341408,0.0656128078699112,496224.9375,320560.84375
2172000,1,0.008059999999999998,0.008283277352650942,0.3904207646846771,0.0028800861909985542,0.0006068998482078314,8.697849116288125e-05,79.8539810180664,134812.99996524514,0.06561281532049179,496161.59375,320623.71875
2174000,1,0.008059999999999998,0.008283277352650942,0.3905337154865265,0.0028800059109926226,0.0006071412935853004,8.700570324435829e-05,79.84402465820312,134892.853961522,0.0655822902917862,496099.4375,320685.4375
2176000,1,0.008059999999999998,0.008283277352650942,0.3906446099281311,0.0028799803927540774,0.0006074361037462949,8.706558728590607e-05,79.84944152832031,134972.6979861802,0.0655517652630806,496038.6875,320745.875
2178000,1,0.008059999999999998,0.008283297220865848,0.3907538950443268,0.002879377081990242,0.0006076997146010399,8.710831752978265e-05,79.82998657226562,135052.54742007912,0.0656128004193306,495978.71875,320805.625
2180000,1,0.008059999999999998,0.008283297220865848,0.3908616602420807,0.002879727445542812,0.0006079455371946096,8.712586713954806e-05,79.82606506347656,135132.3773761338,0.06561281532049179,495919.5625,320864.46875
2182000,1,0.008059999999999998,0.008283277352650942,0.3909677267074585,0.0028791667893528937,0.0006081007421016693,8.717852178961038e-05,79.80985260009766,135212.2034106797,0.06562807410955429,495861.53125,320922.21875
2184000,1,0.008059999999999998,0.008283297220865848,0.39107176661491394,0.0028796350583434106,0.0006083284504711628,8.719656616449355e-05,79.80313873291016,135292.01324039162,0.06562807410955429,495804.25,320979.125
2186000,1,0.008059999999999998,0.008283297220865848,0.39117419719696045,0.002878984808921814,0.0006085995119065046,8.721848716959357e-05,79.7909927368164,135371.81636386574,0.06562807410955429,495748.1875,321035.03125
2188000,1,0.008059999999999998,0.008283297220865848,0.3912745714187622,0.0028789468109607693,0.0006088317837566138,8.72388482093811e-05,79.7802505493164,135451.60737186135,0.06562807410955429,495692.875,321090.0
2190000,1,0.008059999999999998,0.008283297220865848,0.39137303829193115,0.0028793368488550185,0.0006090590730309486,8.724199724383653e-05,79.77816772460938,135531.38762241066,0.06562807410955429,495639.0,321143.75
2192000,1,0.007709999999999998,0.007934192816416441,0.3923179805278778,0.0028764789924025534,0.0005999318324029446,5.5203033844009036e-05,74.84469604492188,135611.16578250588,0.0652465894818306,494674.0,321488.15625
2194000,1,0.007709999999999998,0.007934590180714907,0.39292728900909424,0.002876115217804909,0.0005992376245558262,5.825032712891698e-05,72.70870208740234,135686.0104785508,0.0646820142865181,494335.0,321821.8125
2196000,1,0.007709999999999998,0.007934749126434326,0.3934471905231476,0.002876823581755161,0.0005991124548017978,6.0683063929900526e-05,71.58055877685547,135758.7191730088,0.0643920972943306,494047.28125,322106.0625
2198000,1,0.007709999999999998,0.007934888203938784,0.39391380548477173,0.002875694073736667,0.0005986659787595272,6.169825792312622e-05,70.85303497314453,135830.29974704445,0.06427001953125,493790.09375,322361.21875
2200000,1,0.007709999999999998,0.00793506701787311,0.3943619132041931,0.002874704822897911,0.0005990898236632346,6.184201920405029e-05,70.06964111328125,135901.1527667588,0.0639495924115181,493541.78125,322605.71875
2202000,1,0.007709999999999998,0.007935146490732847,0.39476966857910156,0.0028717176988720893,0.0006006953306496143,6.327610462903976e-05,69.27791595458984,135971.22236972512,0.0637359544634819,493317.1875,322829.0625
2204000,1,0.007709999999999998,0.007935245831807436,0.39514315128326416,0.0028683668002486224,0.0006019238382577895,6.439680000767111e-05,68.67089080810547,136040.5003009385,0.06391910463571548,493111.4375,323033.5
2206000,1,0.007709999999999998,0.007935245831807436,0.39549049735069275,0.00286562442779541,0.0006025561597198248,6.545248907059431e-05,68.26380157470703,136109.1711917466,0.064117431640625,492920.0625,323223.15625
2208000,1,0.007709999999999998,0.007935285568237305,0.39581260085105896,0.0028627796098589895,0.0006026880349963903,6.661178776994348e-05,67.98013305664062,136177.43497043313,0.0643463134765625,492742.375,323398.8125
2210000,1,0.007709999999999998,0.007935365041096987,0.3961068391799927,0.0028616271913051603,0.0006024240516126156,6.767546292394399e-05,67.74821472167969,136245.4150729722,0.0645446851849556,492579.8125,323559.1875
2212000,1,0.007709999999999998,0.00793534517288208,0.39637473225593567,0.002861116826534271,0.0006020765751600266,6.873203092254697e-05,67.56756591796875,136313.1632419175,0.06455995887517929,492432.28125,323705.21875
2214000,1,0.007709999999999998,0.007935384909311893,0.3966197967529297,0.0028606558218598364,0.000601405743509531,6.967518711462616e-05,67.4133071899414,136380.73080020607,0.0646362379193306,492297.34375,323838.84375
2216000,1,0.007709999999999998,0.007935325304667173,0.39684510231018066,0.002860099077224731,0.0006006597075611352,7.043202640488744e-05,67.29478454589844,136448.14406924904,0.0647735595703125,492173.59375,323962.0625
2218000,1,0.007709999999999998,0.007935384909311893,0.3970576822757721,0.002860193885862827,0.0005998547654598952,7.116662454791367e-05,67.19342803955078,136515.43880801857,0.0648651197552681,492057.6875,324078.625
2220000,1,0.007709999999999998,0.007935365041097042,0.3972551226615906,0.0028599534183740617,0.000599555717781186,7.17361515853554e-05,67.10145568847656,136582.63222079934,0.0649414211511612,491949.375,324186.53125
2222000,1,0.007709999999999998,0.007935444513956724,0.39744022488594055,0.002859427034854889,0.0005994664970785379,7.222014828585088e-05,67.02009582519531,136649.73362308205,0.0649719387292862,491847.96875,324287.6875
2224000,1,0.007709999999999998,0.007935504118601444,0.39761537313461304,0.0028583694249391554,0.0005996802821755409,7.263121660798787e-05,66.95972442626953,136716.75369601906,0.0651092603802681,491752.03125,324383.375
2226000,1,0.007709999999999998,0.007935523986816406,0.3977813422679901,0.0028588585555553436,0.0005996768362820148,7.297304109670221e-05,66.9085922241211,136783.71339755715,0.06510927528142929,491661.25,324474.1875
2228000,1,0.007709999999999998,0.007935563723246275,0.3979392349720001,0.002857704646885395,0.0005996271967887879,7.327292114496231e-05,66.8593521118164,136850.6219516343,0.065185546875,491574.8125,324560.59375
2230000,1,0.007709999999999998,0.007935523986816406,0.3980908989906311,0.002856956236064434,0.0005995059385895729,7.348080980591476e-05,66.8233413696289,136917.4813037461,0.065155029296875,491491.9375,324643.53125
2232000,1,0.007709999999999998,0.007935523986816406,0.3982369005680084,0.0028580788522958754,0.0005994942504912614,7.370021194219589e-05,66.78585815429688,136984.30462222756,0.06513979285955429,491412.09375,324723.375
2234000,1,0.007709999999999998,0.007935563723246275,0.39837807416915894,0.0028576062992215156,0.0005995839368551969,7.385512581095099e-05,66.75855255126953,137051.09047275246,0.0652618333697319,491335.03125,324800.625
2236000,1,0.007709999999999998,0.007935504118601444,0.39851486682891846,0.002856897935271263,0.0005996914114803076,7.399784517474473e-05,66.71929168701172,137117.84899478615,0.06526186317205429,491260.28125,324875.59375
2238000,1,0.007709999999999998,0.007935504118601444,0.39864784479141235,0.0028569310903549193,0.0005997666623443364,7.412151317112147e-05,66.69003295898438,137184.568225438,0.0653076320886612,491187.5625,324948.5
2240000,1,0.007709999999999998,0.007935504118601444,0.3987770676612854,0.002856015227735042,0.000600008200854063,7.424206705763936e-05,66.65545654296875,137251.2582355088,0.0653076320886612,491117.1875,325019.28125
2242000,1,0.007709999999999998,0.007935543855031313,0.39890289306640625,0.002856022864580154,0.0006002060603350401,7.436003652401268e-05,66.6299819946289,137317.9136691636,0.06532289832830429,491048.4375,325088.0625
2244000,1,0.007709999999999998,0.007935583591461182,0.3990255892276764,0.0028556842356920243,0.0006004570517688989,7.442482747137547e-05,66.59877014160156,137384.54360538186,0.0653076320886612,490981.5625,325155.21875
2246000,1,0.007709999999999998,0.007935543855031313,0.39914536476135254,0.0028552448377013205,0.0006006019655615091,7.454270962625742e-05,66.56999969482422,137451.14233737648,0.0653076320886612,490916.0625,325220.78125
2248000,1,0.007709999999999998,0.007935523986816406,0.39926207065582275,0.0028556061908602713,0.0006006128620356322,7.459268672391773e-05,66.54718780517578,137517.71230655373,0.0653839185833931,490852.375,325284.78125
2250000,1,0.007709999999999998,0.007935523986816406,0.3993760943412781,0.002855045162141323,0.0006005229894071818,7.471466087736189e-05,66.52522277832031,137584.2594867295,0.0653839260339737,490790.09375,325347.125
2252000,1,0.007709999999999998,0.007935523986816406,0.39948731660842896,0.002855323068797588,0.0006003523711115121,7.478395709767937e-05,66.50941467285156,137650.78469424904,0.0654602199792862,490729.40625,325408.125
2254000,1,0.007709999999999998,0.007935523986816406,0.39959606528282166,0.0028548456728458406,0.000600321451202035,7.490989519283175e-05,66.49688720703125,137717.29407077492,0.06558230519294739,490670.1875,325467.65625
2256000,1,0.007709999999999998,0.007935543855031313,0.39970189332962036,0.002854320406913757,0.0006003715563565492,7.499467465095222e-05,66.48698425292969,137783.7909122056,0.0656585842370987,490612.5625,325525.65625
2258000,1,0.007709999999999998,0.007935543855031313,0.3998052179813385,0.002854027040302753,0.0006003703922033309,7.507922709919513e-05,66.46955108642578,137850.27785831154,0.0657348781824112,490556.15625,325582.25
2260000,1,0.007709999999999998,0.007935563723246275,0.3999061584472656,0.0028543114662170407,0.0006004126276820898,7.512458832934498e-05,66.44451904296875,137916.7473788804,0.06573486328125,490501.0,325637.6875
2262000,1,0.007709999999999998,0.007935603459676144,0.4000050127506256,0.002854727767407894,0.0006004201248288154,7.519734208472073e-05,66.42383575439453,137983.19187503518,0.06575014442205429,490447.1875,325691.78125
2264000,1,0.007709999999999998,0.007935563723246275,0.4001016616821289,0.002853979170322418,0.0006005223374813795,7.528898422606289e-05,66.40235137939453,138049.6156726426,0.0657501295208931,490394.53125,325744.875
2266000,1,0.007709999999999998,0.007935543855031313,0.4001958668231964,0.0028536312282085416,0.0006006102077662944,7.536647608503699e-05,66.38158416748047,138116.0180087632,0.0657501146197319,490343.125,325796.4375
2268000,1,0.007709999999999998,0.00793562332789105,0.4002876281738281,0.0028533946722745893,0.0006009468808770179,7.543362444266676e-05,66.36507415771484,138182.3995776719,0.0657958835363388,490293.125,325846.6875
2270000,1,0.007709999999999998,0.007935583591461182,0.40037715435028076,0.002852693572640419,0.0006012417376041413,7.551412563771008e-05,66.37821960449219,138248.76462894143,0.0661010816693306,490244.3125,325895.84375
2272000,1,0.0073599999999999985,0.007586081822713198,0.40131595730781555,0.002847815118730068,0.0006012486759573221,4.274152161087841e-05,62.87966537475586,138315.14282565773,0.0664825364947319,489288.5,326231.4375
2274000,1,0.0073599999999999985,0.007585922876993778,0.40188905596733093,0.0028472686186432838,0.0006000220309942961,4.5142410090193156e-05,62.79576110839844,138378.02245670022,0.0660247802734375,488972.71875,326543.9375
2276000,1,0.0073599999999999985,0.007586022218068422,0.4023590087890625,0.0028463719412684437,0.000598272169008851,4.728570056613534e-05,62.65279769897461,138440.81818729104,0.05770875886082649,488715.625,326801.46875
2278000,1,0.0073599999999999985,0.007586399714151981,0.4027566909790039,0.002845591306686401,0.000597739266231656,4.909263807348906e-05,60.39244842529297,138503.4709811753,0.056289684027433395,488495.25,327020.6875
2280000,1,0.0073599999999999985,0.0075865983963012695,0.40310463309288025,0.0028458824381232257,0.0005969641264528036,5.0582940457388755e-05,58.593650817871094,138563.86341434182,0.057769786566495895,488302.78125,327212.625
2282000,1,0.0073599999999999985,0.007586876551310184,0.4034215807914734,0.0028455251827836036,0.0005957251880317927,5.174202378839254e-05,57.302955627441406,138622.4570422715,0.0578155554831028,488128.78125,327387.4375
2284000,1,0.0073599999999999985,0.007587174574534061,0.40371397137641907,0.00284684207290411,0.0005955672357231378,5.258314777165651e-05,56.21040725708008,138679.75997501076,0.0576019324362278,487967.40625,327548.03125
2286000,1,0.0073599999999999985,0.00758737325668335,0.4039869010448456,0.0028469037264585496,0.0005951674189418553,5.318748881109059e-05,55.29458236694336,138735.97035556496,0.057449351996183395,487816.90625,327697.8125
2288000,1,0.0073599999999999985,0.00758687655131024,0.4042588770389557,0.0028451614081859587,0.0005943729542195797,5.236626602709293e-05,57.31721115112305,138791.26492267312,0.0581665076315403,487671.90625,327845.25
2290000,1,0.0073599999999999985,0.007586836814880371,0.4045748710632324,0.0028460346162319182,0.0005948166362941265,5.338144837878645e-05,58.42045974731445,138848.58212238015,0.0595092810690403,487499.6875,328015.34375
2292000,1,0.0073599999999999985,0.007586479187011719,0.40488412976264954,0.002847081981599331,0.0005960320122539997,5.4936774540692566e-05,61.205074310302734,138907.00255923928,0.05979922041296959,487332.46875,328180.78125
2294000,1,0.0073599999999999985,0.007586697737375914,0.40517324209213257,0.0028459474444389346,0.0005969422403723001,5.549110355786979e-05,60.319541931152344,138968.2076221055,0.0595397874712944,487172.90625,328339.375
2296000,1,0.0073599999999999985,0.00758671760559082,0.4054452180862427,0.0028462238609790803,0.0005974296014755963,5.589871434494852e-05,59.83014678955078,139028.52715259255,0.0596160925924778,487023.40625,328488.03125
2298000,1,0.0073599999999999985,0.00758671760559082,0.4057035446166992,0.0028468575328588486,0.0005977013614028692,5.62409870326519e-05,59.459781646728516,139088.3572917527,0.0596771165728569,486881.09375,328629.21875
2300000,1,0.0073599999999999985,0.007586777210235596,0.40595167875289917,0.00284701120108366,0.0005979007575660944,5.640794988721609e-05,59.16753387451172,139147.81706195534,0.05982973054051399,486744.625,328764.65625
2302000,1,0.0073599999999999985,0.007586797078450502,0.4061918258666992,0.0028461115434765816,0.0005978796165436506,5.6288839550688864e-05,58.662506103515625,139206.98457294167,0.0598907396197319,486612.34375,328896.1875
2304000,1,0.0073599999999999985,0.007586836814880371,0.40642228722572327,0.0028464579954743385,0.0005977124441415071,5.640802555717528e-05,58.09100341796875,139265.6470599717,0.0596771277487278,486484.9375,329022.1875
2306000,1,0.0073599999999999985,0.007586856683095278,0.4066401422023773,0.0028459558263421057,0.0005974565632641315,5.67446812056005e-05,57.78931427001953,139323.7380137986,0.0596160814166069,486365.0625,329141.0
2308000,1,0.0073599999999999985,0.00758687655131024,0.40684548020362854,0.0028480464592576028,0.0005970277357846498,5.703559145331383e-05,57.56969451904297,139381.52730136574,0.05958558991551399,486252.40625,329253.25
2310000,1,0.0073599999999999985,0.007586836814880371,0.4070402979850769,0.002847577631473541,0.0005966503638774156,5.7357631158083676e-05,57.983848571777344,139439.09695010842,0.05909730866551399,486146.4375,329359.46875
2312000,1,0.0073599999999999985,0.007586677869161007,0.4072261154651642,0.0028479136526584625,0.0005964006297290325,5.761984502896666e-05,58.685726165771484,139497.080775792,0.0587158277630806,486045.90625,329460.5
2314000,1,0.0073599999999999985,0.0075867374738057825,0.4074042737483978,0.0028488174080848693,0.000596205098554492,5.796917830593884e-05,58.412132263183594,139555.76645236672,0.05902101472020149,485948.5625,329558.46875
2316000,1,0.0073599999999999985,0.007586658000946045,0.40757858753204346,0.0028500266373157504,0.0005958751309663058,5.821743397973478e-05,58.09608459472656,139614.1785770005,0.0596313513815403,485853.71875,329654.71875
2318000,1,0.0073599999999999985,0.007586658000946045,0.4077451229095459,0.002849394083023071,0.0005958503577858209,5.8483646716922516e-05,57.8953971862793,139672.27463489235,0.0599670484662056,485763.0625,329746.15625
2320000,1,0.0073599999999999985,0.007586658000946045,0.4079040288925171,0.002850351296365261,0.0005957480985671282,5.875341594219208e-05,57.74575424194336,139730.17001300515,0.060211196541786194,485676.3125,329833.34375
2322000,1,0.0073599999999999985,0.007586658000946045,0.40805619955062866,0.002851437032222748,0.000595706095919013,5.9015071019530294e-05,57.58955383300781,139787.91572528542,0.0603637769818306,485593.4375,329917.03125
2324000,1,0.0073599999999999985,0.007586638132731138,0.40820130705833435,0.0028524901717901226,0.0005957309622317553,5.9300643624737855e-05,57.486724853515625,139845.50525623024,0.06047060713171959,485514.5625,329996.65625
2326000,1,0.0073599999999999985,0.007586697737375914,0.4083399176597595,0.0028521168977022173,0.0005960269831120968,5.954803782515228e-05,57.423011779785156,139902.99195056618,0.06036376953125,485439.28125,330072.75
2328000,1,0.0073599999999999985,0.0075867374738057825,0.40847283601760864,0.0028520662337541583,0.0005961089394986629,5.975778331048786e-05,57.350318908691406,139960.41493945778,0.060440074652433395,485366.96875,330145.8125
2330000,1,0.0073599999999999985,0.007586697737375914,0.408600389957428,0.0028527921065688135,0.0005963295698165894,5.9923832304775714e-05,57.31589126586914,140017.7652316636,0.060348521918058395,485297.75,330215.71875
2332000,1,0.0073599999999999985,0.007586757342020689,0.4087226092815399,0.0028528841212391853,0.0005964161828160286,6.0114596271887416e-05,57.257808685302734,140075.08112292946,0.06036376953125,485231.1875,330282.9375
2334000,1,0.0073599999999999985,0.007586757342020689,0.4088404178619385,0.002852879837155342,0.0005964992102235555,6.0238206060603254e-05,57.22734832763672,140132.33892017067,0.060226451605558395,485167.03125,330347.53125
2336000,1,0.0073599999999999985,0.007586757342020689,0.40895357728004456,0.002852744981646538,0.0005966147873550653,6.036471459083259e-05,57.205081939697266,140189.5662684983,0.0601806640625,485105.4375,330409.59375
2338000,1,0.0073599999999999985,0.007586757342020689,0.4090634882450104,0.0028526751324534417,0.0005967407021671533,6.050341762602329e-05,57.17436599731445,140246.77132373513,0.0601806640625,485045.78125,330469.78125
2340000,1,0.0073599999999999985,0.007586697737375914,0.40916964411735535,0.0028530731797218323,0.0005967533215880394,6.065722554922104e-05,57.20130157470703,140303.94568973244,0.0599365308880806,484988.0625,330528.03125
2342000,1,0.0073599999999999985,0.007586697737375914,0.40927138924598694,0.0028529049828648566,0.0005966117139905691,6.0766225215047594e-05,57.153743743896484,140361.14697604836,0.0599365159869194,484932.53125,330583.9375
2344000,1,0.0073599999999999985,0.00758671760559082,0.4093705415725708,0.002853134460747242,0.0005964063107967376,6.0909206513315437e-05,57.13908386230469,140418.30070071877,0.059829723089933395,484878.59375,330638.28125
2346000,1,0.0073599999999999985,0.00758671760559082,0.4094656705856323,0.002853654511272907,0.0005963570903986693,6.104872445575892e-05,57.125789642333984,140475.43979221047,0.059814453125,484826.90625,330690.34375
2348000,1,0.0073599999999999985,0.00758671760559082,0.40955856442451477,0.002852890267968178,0.0005963442381471395,6.117635639384389e-05,57.09608840942383,140532.56556277932,0.0598144605755806,484776.375,330741.15625
2350000,1,0.0073599999999999985,0.007586757342020689,0.4096481204032898,0.0028522681444883347,0.0005962887313216924,6.134129362180829e-05,57.08509063720703,140589.66163592995,0.0596618689596653,484727.5,330790.34375
2352000,1,0.007009999999999999,0.007237732410430908,0.4106045365333557,0.0028528887778520584,0.0006027521565556526,2.6219282881356774e-05,52.43587875366211,140646.74673038186,0.057785045355558395,483767.78125,331132.78125
2354000,1,0.007009999999999999,0.007238050301869747,0.4112350344657898,0.002853255532681942,0.0006072315387427806,2.722888602875173e-05,49.78705978393555,140699.18261295022,0.0568389929831028,483416.59375,331477.875
2356000,1,0.007009999999999999,0.0072382291158040735,0.41180726885795593,0.002850229293107986,0.0006093747448176145,2.8112067957408724e-05,48.422019958496094,140748.96966891945,0.056350719183683395,483101.25,331790.65625
2358000,1,0.007009999999999999,0.0072383880615234375,0.41233596205711365,0.002844392508268356,0.0006068442016839981,2.982296864502132e-05,47.52273178100586,140797.39168124855,0.0559081993997097,482810.6875,332079.59375
2360000,1,0.007009999999999999,0.007238487402598082,0.41280215978622437,0.00284307599067688,0.0006019802298396826,3.244057297706604e-05,46.734130859375,140844.91438632668,0.05554201081395149,482554.1875,332334.59375
2362000,1,0.007009999999999999,0.0072386066118876324,0.41320139169692993,0.0028410503640770913,0.0005974530708044767,3.5300879972055554e-05,45.97032928466797,140891.64851337136,0.055160533636808395,482334.71875,332553.125
2364000,1,0.007009999999999999,0.007238765557607052,0.4135379493236542,0.0028391923755407334,0.0005948075093328952,3.757325757760554e-05,45.227928161621094,140937.61883502663,0.054885875433683395,482149.34375,332737.15625
2366000,1,0.007009999999999999,0.007238845030466734,0.41382279992103577,0.002837527729570866,0.0005924035795032978,3.9456377271562816e-05,44.63038635253906,140982.84675174416,0.0545349195599556,481993.3125,332893.40625
2368000,1,0.007009999999999999,0.007238904635111509,0.41406944394111633,0.002836932614445686,0.0005901181139051914,4.1003149817697704e-05,44.08009719848633,141027.4771495408,0.0543212890625,481858.9375,333029.5625
2370000,1,0.007009999999999999,0.007238964239756285,0.41428664326667786,0.002835198678076267,0.0005888988729566335,4.2120486614294354e-05,43.67009735107422,141071.55724673928,0.0541076734662056,481740.3125,333148.9375
2372000,1,0.007009999999999999,0.007239103317260742,0.4144779443740845,0.002834419347345829,0.0005882488097995519,4.29502542829141e-05,43.31396484375,141115.22734790505,0.0539550818502903,481635.75,333254.3125
2374000,1,0.007009999999999999,0.007239103317260742,0.41465145349502563,0.0028345573693513873,0.0005877373740077018,4.350388771854341e-05,42.982669830322266,141158.5413241929,0.053787242621183395,481541.28125,333349.59375
2376000,1,0.007009999999999999,0.007239162921905518,0.41480904817581177,0.0028331076726317403,0.0005871547386050224,4.4080961379222566e-05,42.77030563354492,141201.5239978379,0.0536499060690403,481455.28125,333436.28125
2378000,1,0.007009999999999999,0.007239162921905518,0.41495534777641296,0.0028307978063821793,0.0005867266561836004,4.4455743045546106e-05,42.6148567199707,141244.29429202736,0.0536193810403347,481375.6875,333516.53125
2380000,1,0.007009999999999999,0.007239222526550293,0.41509196162223816,0.0028295977041125297,0.00058638253249228,4.4776147115044294e-05,42.463436126708984,141286.90914493264,0.0535430945456028,481301.3125,333591.625
2382000,1,0.007009999999999999,0.007239222526550293,0.4152188003063202,0.0028269687667489053,0.0005862504243850708,4.496138717513531e-05,42.26089859008789,141329.37258105935,0.053390514105558395,481232.15625,333661.375
2384000,1,0.007009999999999999,0.007239282131195068,0.41533589363098145,0.0028265099972486496,0.000586227374151349,4.5277769095264377e-05,42.08741760253906,141371.63348346413,0.0532989464700222,481168.5,333725.6875
2386000,1,0.007009999999999999,0.007239321867624882,0.4154451787471771,0.0028258716687560082,0.0005863083526492119,4.55192377557978e-05,41.91806411743164,141413.72090869606,0.0532684363424778,481108.84375,333785.875
2388000,1,0.007009999999999999,0.007239321867624882,0.4155474305152893,0.0028246289119124414,0.000586100947111845,4.570168675854802e-05,41.74078369140625,141455.63899188698,0.0530242957174778,481053.125,333842.1875
2390000,1,0.007009999999999999,0.007239321867624882,0.4156433939933777,0.0028242848813533786,0.0005857241339981556,4.585317219607532e-05,41.597381591796875,141497.37978320778,0.0529937818646431,481001.1875,333894.90625
2392000,1,0.007009999999999999,0.007239421208699526,0.4157339036464691,0.0028239332139492037,0.0005853830836713313,4.6095784637145694e-05,41.47380447387695,141538.97718005837,0.05293275788426399,480951.9375,333944.78125
2394000,1,0.007009999999999999,0.007239421208699526,0.41582009196281433,0.0028233606368303294,0.0005849530454725028,4.624877765309065e-05,41.37895965576172,141580.45098071755,0.05290224775671959,480905.375,333992.34375
2396000,1,0.007009999999999999,0.007239421208699526,0.4159063398838043,0.002822689525783062,0.0005844700615853071,4.641442210413515e-05,41.330596923828125,141621.8299403733,0.05290224775671959,480859.1875,334040.40625
2398000,1,0.007009999999999999,0.007239480813344301,0.41598689556121826,0.002821769006550312,0.0005843295250087976,4.664256412070245e-05,41.2515983581543,141663.16052585305,0.05278017371892929,480815.625,334084.78125
2400000,1,0.007009999999999999,0.007239480813344301,0.41606348752975464,0.0028208930045366285,0.0005840997211635113,4.676174139603972e-05,41.16942596435547,141704.4121356553,0.05273440480232239,480774.09375,334126.8125
2402000,1,0.007009999999999999,0.007239480813344301,0.4161361753940582,0.0028205869719386103,0.0005838586017489434,4.6887825010344383e-05,41.10554885864258,141745.58155017556,0.052734389901161194,480734.75,334166.90625
2404000,1,0.007009999999999999,0.007239480813344301,0.4162053167819977,0.002820036746561527,0.0005837406031787395,4.70314989797771e-05,41.05229949951172,141786.6871028489,0.05268862470984459,480697.28125,334205.15625
2406000,1,0.007009999999999999,0.007239480813344301,0.4162710905075073,0.0028195343911647797,0.0005835579708218574,4.715848481282592e-05,41.02674865722656,141827.7394061631,0.05262758210301399,480661.875,334241.375
2408000,1,0.007009999999999999,0.0072395404179890765,0.4163340628147125,0.0028186088427901265,0.000583510659635067,4.726947227027267e-05,40.998695373535156,141868.76613956154,0.05262758955359459,480627.65625,334275.96875
2410000,1,0.007009999999999999,0.0072395404179890765,0.41639402508735657,0.002818173170089721,0.0005834195297211408,4.738093994092196e-05,40.96311569213867,141909.76483874978,0.052627578377723694,480595.21875,334308.875
2412000,1,0.007009999999999999,0.0072395404179890765,0.41645097732543945,0.0028179483488202095,0.000583395455032587,4.747934581246227e-05,40.94981384277344,141950.72795062722,0.05262758210301399,480564.375,334340.21875
2414000,1,0.007009999999999999,0.007239500681559263,0.4165051579475403,0.002817387878894806,0.0005834620911628007,4.7583074774593115e-05,40.92140197753906,141991.67778354348,0.052612319588661194,480535.1875,334370.03125
2416000,1,0.007009999999999999,0.007239480813344301,0.4165566563606262,0.0028169989585876466,0.0005835496354848147,4.771148087456822e-05,40.91141128540039,142032.5991969651,0.05262758210301399,480507.1875,334398.28125
2418000,1,0.007009999999999999,0.007239500681559263,0.416605681180954,0.002816597931087017,0.0005835944321006536,4.7855911543592807e-05,40.88570022583008,142073.5106120652,0.052597057074308395,480480.71875,334425.25
2420000,1,0.007009999999999999,0.0072395404179890765,0.4166523814201355,0.0028156057000160214,0.0005837388802319765,4.795959684997797e-05,40.88721466064453,142114.39631992043,0.05262758210301399,480455.46875,334451.0
2422000,1,0.007009999999999999,0.0072395404179890765,0.4166972041130066,0.0028151141479611395,0.0005837035365402699,4.8035662621259684e-05,40.8582763671875,142155.28354602517,0.052612319588661194,480431.25,334475.59375
2424000,1,0.007009999999999999,0.0072395404179890765,0.41673994064331055,0.0028147777542471887,0.000583770452067256,4.812247061636299e-05,40.841163635253906,142196.14183383645,0.0526275709271431,480408.0625,334499.03125
2426000,1,0.007009999999999999,0.0072395404179890765,0.4167807102203369,0.0028148218989372253,0.0005836789030581712,4.817790177185089e-05,40.840484619140625,142236.9830051011,0.052597057074308395,480386.09375,334521.53125
2428000,1,0.007009999999999999,0.0072395404179890765,0.4168192148208618,0.002814381010830402,0.0005835083313286305,4.82550443848595e-05,40.81914520263672,142277.82349353493,0.0526123121380806,480365.3125,334542.84375
2430000,1,0.007009999999999999,0.0072395404179890765,0.41685619950294495,0.002814052626490593,0.0005833440460264683,4.83289361000061e-05,40.80979919433594,142318.64264255227,0.052597057074308395,480345.15625,334563.125
2432000,1,0.006659999999999999,0.006890137990315792,0.4177626073360443,0.0028091764077544214,0.0005905746947973967,1.4211097732186317e-05,37.03413009643555,142359.4524417466,0.050704967230558395,479416.375,334874.0625
2434000,1,0.006659999999999999,0.006890793641408266,0.4182813763618469,0.002807753905653954,0.0005871918983757496,1.7210468649864195e-05,33.45094299316406,142396.48656421364,0.0485229454934597,479127.03125,335160.0625
2436000,1,0.006659999999999999,0.006891310214996338,0.4186699688434601,0.0028064632788300514,0.0005848702974617481,1.9783945754170416e-05,30.600496292114258,142429.93749576272,0.0467376708984375,478911.03125,335375.40625
2438000,1,0.006659999999999999,0.0068916281064351215,0.41896697878837585,0.002806311473250389,0.0005833000876009464,2.125470055034384e-05,28.57134246826172,142460.53798061074,0.0451812781393528,478746.40625,335539.96875
2440000,1,0.006659999999999999,0.006891926129658998,0.4192039966583252,0.0028050290420651436,0.0005810571368783712,2.1876209939364343e-05,27.026691436767578,142489.10930591286,0.0440521314740181,478616.09375,335671.8125
2442000,1,0.006659999999999999,0.006892224152882875,0.4193979799747467,0.0028045671060681343,0.0005796690471470355,2.2433589037973434e-05,25.81867218017578,142516.1359839982,0.0431366041302681,478509.0625,335779.40625
2444000,1,0.006659999999999999,0.006892422835032164,0.4195624887943268,0.002803313545882702,0.0005784351844340563,2.2869369422551246e-05,25.00766372680664,142541.95465236367,0.042541518807411194,478418.71875,335870.46875
2446000,1,0.006659999999999999,0.006892522176106752,0.419707328081131,0.0028021013364195823,0.0005775707308202982,2.3389658599626274e-05,24.49471092224121,142566.96231036843,0.0421753004193306,478339.5,335950.375
2448000,1,0.006659999999999999,0.0068925420443217145,0.41983702778816223,0.002800565958023071,0.0005772768519818783,2.387224812991917e-05,24.26946449279785,142591.45701366127,0.0419158972799778,478268.71875,336021.75
2450000,1,0.006659999999999999,0.006892581780751528,0.4199575185775757,0.0028001712635159492,0.0005772409960627555,2.4228579422924665e-05,24.151914596557617,142615.72646861733,0.0418853797018528,478203.0625,336087.65625
2452000,1,0.006659999999999999,0.006892581780751528,0.42006996273994446,0.0027990303933620453,0.0005771185271441937,2.4683607625775037e-05,24.140491485595703,142639.8783793992,0.04185487702488899,478142.15625,336149.3125
2454000,1,0.006659999999999999,0.006892581780751528,0.4201776087284088,0.002799409069120884,0.0005767926108092069,2.5120173813775178e-05,24.205522537231445,142664.01886134804,0.0419159010052681,478084.0,336208.4375
2456000,1,0.006659999999999999,0.006892502307891846,0.4202820062637329,0.0027972372248768803,0.0005764751229435205,2.55159247899428e-05,24.322391510009766,142688.22436862648,0.0419159010052681,478027.625,336265.625
2458000,1,0.006659999999999999,0.006892522176106752,0.4203849136829376,0.002795727550983429,0.0005757355596870184,2.6026205159723758e-05,24.384662628173828,142712.54675059975,0.0419159010052681,477972.90625,336322.59375
2460000,1,0.006659999999999999,0.0068924824396768836,0.42048606276512146,0.002795454114675522,0.0005754957441240549,2.6356909074820578e-05,24.40655517578125,142736.93141322793,0.0419159010052681,477918.25,336378.09375
2462000,1,0.006659999999999999,0.006892502307891846,0.42058244347572327,0.0027943909168243407,0.0005752257071435451,2.6623616577126086e-05,24.378021240234375,142761.33796268166,0.0419159010052681,477866.0625,336431.0625
2464000,1,0.006659999999999999,0.006892502307891846,0.420674592256546,0.0027937131002545358,0.0005749725736677646,2.6877375785261392e-05,24.33919906616211,142785.71598201455,0.0418853797018528,477816.03125,336481.5625
2466000,1,0.006659999999999999,0.006892502307891846,0.4207630157470703,0.0027932340279221536,0.0005747434683144092,2.7092755772173405e-05,24.297534942626953,142810.05517917336,0.0418548658490181,477768.15625,336530.15625
2468000,1,0.006659999999999999,0.006892542044321659,0.4208482801914215,0.002792656421661377,0.0005744044203311204,2.726053644437343e-05,24.254661560058594,142834.352714116,0.041809093207120895,477722.0625,336576.8125
2470000,1,0.006659999999999999,0.0068925420443217145,0.42093026638031006,0.002791767753660679,0.0005740199238061904,2.7457569376565517e-05,24.23340606689453,142858.6073813981,0.0417938232421875,477677.34375,336621.875
2472000,1,0.006659999999999999,0.006892581780751528,0.4210091531276703,0.002791346237063408,0.0005737985018640756,2.7625897200778126e-05,24.213685989379883,142882.84079318703,0.0417480506002903,477634.5625,336665.0625
2474000,1,0.006659999999999999,0.006892581780751528,0.42108526825904846,0.002790730632841587,0.000573623226955533,2.7815427165478466e-05,24.194067001342773,142907.05447345437,0.041748058050870895,477593.25,336706.78125
2476000,1,0.006659999999999999,0.006892581780751528,0.4211590886116028,0.0027904363349080083,0.0005734840873628855,2.797743072733283e-05,24.179065704345703,142931.2485442704,0.0416717603802681,477553.09375,336747.28125
2478000,1,0.006659999999999999,0.006892581780751528,0.4212302565574646,0.0027895767241716387,0.0005733627825975418,2.8137117624282837e-05,24.145875930786133,142955.4276156968,0.041641250252723694,477514.40625,336786.15625
2480000,1,0.006659999999999999,0.006892581780751528,0.4212987422943115,0.002788611128926277,0.0005731881596148014,2.8283667052164674e-05,24.129493713378906,142979.57349544228,0.04164125397801399,477477.28125,336823.8125
2482000,1,0.006659999999999999,0.006892581780751528,0.4213642179965973,0.002787844836711883,0.000573233887553215,2.8482489869929847e-05,24.123271942138672,143003.7029872483,0.0416412390768528,477441.78125,336859.71875
2484000,1,0.006659999999999999,0.006892581780751528,0.4214259386062622,0.002788436226546764,0.0005732047371566295,2.8636373463086782e-05,24.122920989990234,143027.8262610978,0.0416412390768528,477409.0,336894.0625
2486000,1,0.006659999999999999,0.006892581780751528,0.42148393392562866,0.00278887040913105,0.000572955748066306,2.883232373278588e-05,24.109275817871094,143051.94918018044,0.0416107214987278,477377.53125,336926.0625
2488000,1,0.006659999999999999,0.006892641385396359,0.4215397536754608,0.0027917206287384035,0.0005727436393499375,2.883357519749552e-05,24.038496017456055,143076.05844455422,0.041595470160245895,477346.125,336956.40625
2490000,1,0.006659999999999999,0.006892641385396303,0.42159074544906616,0.002792885527014732,0.0005726410541683435,2.8887734515592456e-05,23.906414031982422,143100.09693484963,0.0414886474609375,477318.21875,336984.21875
2492000,1,0.006659999999999999,0.006892661253611265,0.42163825035095215,0.002793372422456741,0.0005726005416363477,2.8893334092572332e-05,23.76346206665039,143124.00333934487,0.0414581298828125,477292.0625,337010.0625
2494000,1,0.006659999999999999,0.006892661253611265,0.4216834306716919,0.00279347263276577,0.0005725825671106577,2.8905508224852385e-05,23.69675064086914,143147.76679950417,0.0413665808737278,477267.25,337034.5
2496000,1,0.006659999999999999,0.006892681121826172,0.42172759771347046,0.002793136984109878,0.0005726546049118042,2.8876832220703364e-05,23.648025512695312,143171.46355014504,0.0412750244140625,477242.75,337058.3125
2498000,1,0.006659999999999999,0.006892681121826172,0.42177194356918335,0.002793795987963676,0.000572760310024023,2.881448599509895e-05,23.61859703063965,143195.1115737504,0.0412750318646431,477218.125,337082.28125
2500000,1,0.006659999999999999,0.006892681121826172,0.42181798815727234,0.0027943171560764314,0.000572977215051651,2.8673766064457595e-05,23.609111785888672,143218.73017268837,0.0412750281393528,477192.4375,337107.125
2502000,1,0.006659999999999999,0.006892720858256041,0.42186853289604187,0.002795608155429363,0.0005735054612159728,2.8362873126752672e-05,23.60319709777832,143242.33928447426,0.0412750318646431,477163.5625,337134.03125
2504000,1,0.006659999999999999,0.006892800331115723,0.4219266474246979,0.002797667309641838,0.0005745281465351581,2.7875477098859846e-05,23.598398208618164,143265.94247394265,0.0412750281393528,477129.4375,337165.1875
2506000,1,0.006659999999999999,0.006892840067545591,0.42198947072029114,0.002799625881016254,0.0005750574637204409,2.7886620955541727e-05,23.585424423217773,143289.54086642922,0.0412750281393528,477093.40625,337199.46875
2508000,1,0.006659999999999999,0.006892859935760498,0.42205020785331726,0.0028000839054584505,0.0005750464741140604,2.812672755680978e-05,23.600923538208008,143313.12629085244,0.0412750318646431,477060.0625,337233.125
2510000,1,0.006659999999999999,0.006892840067545591,0.4221074879169464,0.0028000667691230772,0.0005748860538005828,2.831941237673163e-05,23.61087989807129,143336.7272086686,0.0412750281393528,477028.9375,337264.5
2512000,1,0.00631,0.006544053554534912,0.4230419397354126,0.0027963722124695776,0.0005819851066917181,6.97098730597645e-06,18.397281646728516,143360.33809238137,0.03791014105081558,476085.6875,337589.90625
2514000,1,0.00631,0.006546914577484131,0.42354506254196167,0.0028044333681464194,0.0005792594514787197,7.815945718903094e-06,7.031827449798584,143378.7353663987,0.037922684103250504,475791.375,337874.375
2516000,1,0.00631,0.006548821926116943,0.4239554703235626,0.002779226005077362,0.0005795035511255264,1.3256186502985657e-05,1.0266730785369873,143385.767195279,0.037910155951976776,475552.8125,338099.3125
2518000,1,0.00631,0.0065492987632751465,0.42439383268356323,0.0027715157717466354,0.0005763019435107708,1.27569364849478e-05,0.45491692423820496,143386.79386859597,0.03792271018028259,475309.125,338335.65625
2520000,1,0.00631,0.006549437840779604,0.4248092472553253,0.002772426791489124,0.0005749324336647987,1.1109373008366673e-05,0.3007974624633789,143387.2487854606,0.037909965962171555,475081.15625,338561.28125
2522000,1,0.00631,0.006549576918284117,0.42519769072532654,0.0027726070955395696,0.000573982810601592,9.865210449788719e-06,0.21437668800354004,143387.54958286346,0.037910234183073044,474868.0625,338772.4375
2524000,1,0.00631,0.006549576918284117,0.4255664646625519,0.002770956978201866,0.0005745815113186836,8.751792483963072e-06,0.14465659856796265,143387.76395959617,0.03791012614965439,474667.09375,338973.6875
2526000,1,0.00631,0.006549954414367676,0.4259149432182312,0.0027701513841748237,0.0005744724534451961,7.62616255087778e-06,0.05622550845146179,143387.90861622454,0.037910085171461105,474476.28125,339162.96875
2528000,1,0.00631,0.006549954414367676,0.42624709010124207,0.00276839267462492,0.0005743667483329773,6.8718341935891655e-06,0.047401633113622665,143387.96484171436,0.037922609597444534,474294.34375,339343.4375
2530000,1,0.00631,0.006549954414367676,0.42656409740448,0.0027669742703437805,0.0005742660723626614,6.1362363339867445e-06,0.04023789241909981,143388.01224334748,0.03792266920208931,474120.65625,339515.65625
2532000,1,0.00631,0.006549994150797489,0.42686760425567627,0.0027658591046929356,0.0005744765046983957,5.433075784821995e-06,0.03594818711280823,143388.052481225,0.03791005164384842,473954.59375,339680.59375
2534000,1,0.00631,0.006549954414367676,0.4271574318408966,0.002764623984694481,0.0005747140385210514,4.7253422962967305e-06,0.03220609202980995,143388.08842940093,0.03792278841137886,473796.0,339838.09375
2536000,1,0.00631,0.006549974282582638,0.4274357557296753,0.002762693166732788,0.0005744085647165775,4.018400795757771e-06,0.028718365356326103,143388.12063549669,0.03792267292737961,473644.625,339989.84375
2538000,1,0.00631,0.006549954414367676,0.42769768834114075,0.0027603065595030785,0.0005742854438722133,3.164853114867583e-06,0.024848150089383125,143388.1493538639,0.03791000321507454,473501.46875,340132.40625
2540000,1,0.00631,0.006549914677937807,0.4279443323612213,0.0027603195980191227,0.0005740823689848185,2.47992775257444e-06,0.022297190502285957,143388.17420202703,0.037909381091594696,473366.5625,340266.5
2542000,1,0.00631,0.006549954414367676,0.42817601561546326,0.0027607368305325505,0.0005737587343901396,1.8086988347931764e-06,0.021304668858647346,143388.19649921567,0.0379226915538311,473239.84375,340392.5
2544000,1,0.00631,0.006549954414367676,0.4283919930458069,0.0027598464861512185,0.0005734829232096672,1.0513179404370021e-06,0.020154720172286034,143388.2178038957,0.03791005164384842,473121.625,340509.75
2546000,1,0.00631,0.006549914677937807,0.42859458923339844,0.0027595873922109603,0.0005731497425585985,5.088562829769217e-07,0.01943436823785305,143388.23795861774,0.037922777235507965,473010.71875,340619.84375
2548000,1,0.00631,0.006549974282582638,0.428785502910614,0.0027584852650761604,0.0005729874595999717,9.033634000843449e-08,0.018748698756098747,143388.25739298598,0.03792193904519081,472906.21875,340723.5
2550000,1,0.00596,0.006200035413106264,0.4298945367336273,0.0027550101280212403,0.0005802950356155633,3.133850404992699e-05,0.016870152205228806,143388.27614168846,0.03793139010667801,471877.40625,341133.09375
2552000,1,0.00596,0.006200075149536133,0.43068885803222656,0.0027530057355761527,0.000578298419713974,2.8057181043550373e-05,0.015595239587128162,143388.2930118444,0.03793151304125786,471441.125,341562.6875
2554000,1,0.00596,0.006200114885965946,0.4314088225364685,0.002750237844884395,0.0005770382937043904,2.5209205341525374e-05,0.014734840951859951,143388.30860708584,0.03793145716190338,471047.1875,341953.40625
2556000,1,0.00596,0.006200075149536133,0.43208301067352295,0.0027478989213705063,0.0005766851361840963,2.4154537823051214e-05,0.01443807315081358,143388.32334192493,0.03793149068951607,470678.90625,342319.375
2558000,1,0.00596,0.006200075149536133,0.4327985346317291,0.0027381567284464835,0.0005864235572516918,3.273260954301804e-05,0.014685005880892277,143388.33777999063,0.03793160244822502,470284.15625,342704.6875
2560000,1,0.00596,0.006200154622395815,0.43366584181785583,0.002737368829548359,0.0005874257534742355,3.6333329626359044e-05,0.014409800991415977,143388.35246498906,0.037931546568870544,469802.9375,343169.90625
2562000,1,0.00596,0.006200154622395815,0.434649258852005,0.002755996212363243,0.000607007136568427,4.708353080786764e-05,0.014317048713564873,143388.36687479005,0.03793132305145264,469257.8125,343697.09375
2564000,1,0.00596,0.006200154622395815,0.43587610125541687,0.0027469275519251823,0.0006178153678774833,5.8435369282960885e-05,0.014329077675938606,143388.38119183783,0.037931475788354874,468571.9375,344349.6875
2566000,1,0.00596,0.006200154622395815,0.4372965395450592,0.002752692066133022,0.0006322602275758982,6.859830464236438e-05,0.013923806138336658,143388.3955209183,0.037931449711322784,467783.15625,345109.15625
2568000,1,0.00596,0.006200134754180908,0.4389514625072479,0.0027799075469374652,0.0006620433647185564,8.495940128341318e-05,0.013565398752689362,143388.4094447263,0.03793158009648323,466866.28125,345996.21875
2570000,1,0.00596,0.006200114885965946,0.44093579053878784,0.002802424319088459,0.0006954293698072433,0.00010342642199248075,0.013211067765951157,143388.42301012506,0.03793150559067726,465763.96875,347057.59375
2572000,1,0.00596,0.006200114885965946,0.44325610995292664,0.002825927548110485,0.0007216024212539196,0.00011911198962479829,0.012605428695678711,143388.4362211891,0.03793136030435562,464476.1875,348299.375
2574000,1,0.00596,0.006200075149536133,0.44580283761024475,0.002838909439742565,0.0007156945299357176,0.00012248916318640112,0.012104570865631104,143388.44882662804,0.03793143108487129,463066.03125,349664.71875
2576000,1,0.00596,0.006200114885965946,0.44826024770736694,0.00284176729619503,0.0006830452010035514,0.000111930794082582,0.011699700728058815,143388.46093120263,0.03793149068951607,461717.375,350991.90625
2578000,1,0.00596,0.006200075149536133,0.45053836703300476,0.00286035668104887,0.0006655744276940821,0.00010422506602481008,0.011131400242447853,143388.47263090615,0.037931475788354874,460468.71875,352223.78125
2580000,1,0.00596,0.0062000354131063196,0.4526721239089966,0.002856648899614811,0.0006539348978549242,9.724092087708414e-05,0.010546746663749218,143388.4837623064,0.037931375205516815,459298.59375,353376.71875
2582000,1,0.00596,0.006200075149536133,0.4546225070953369,0.00284643042832613,0.0006352216936647892,8.817337220534682e-05,0.010225624777376652,143388.49430905865,0.03793149068951607,458233.03125,354434.09375
2584000,1,0.00596,0.006200075149536133,0.45656618475914,0.0028640974313020704,0.0006577264051884413,9.557181037962436e-05,0.00982615351676941,143388.50453468622,0.03793157637119293,457158.40625,355476.53125
2586000,1,0.00596,0.006200114885965946,0.45847997069358826,0.0028495417907834055,0.000629783608019352,8.314236765727401e-05,0.009601506404578686,143388.51436083694,0.03793139010667801,456109.59375,356510.9375
2588000,1,0.00596,0.006200075149536133,0.4602091908454895,0.0028500987216830255,0.0006205464247614145,7.70745042245835e-05,0.009326737374067307,143388.52396234428,0.03793153911828995,455164.5,357447.6875
2590000,1,0.00596,0.006200114885965946,0.46196529269218445,0.002816304750740528,0.0006252129096537828,7.898446056060491e-05,0.009096488356590271,143388.53328907792,0.0379314087331295,454193.34375,358389.1875
2592000,1,0.00596,0.006200114885965946,0.46361976861953735,0.00281523372977972,0.0006088241469115018,7.266996544785798e-05,0.009095290675759315,143388.54238556162,0.037931449711322784,453290.625,359286.375
2594000,1,0.00596,0.006200075149536133,0.4651586413383484,0.002810278162360191,0.0005926230922341346,6.306796567514538e-05,0.00897590909153223,143388.55148085323,0.0379314087331295,452449.9375,360120.40625
2596000,1,0.00596,0.006200114885965946,0.466470330953598,0.0028031440451741214,0.0005692331120371819,5.004308768548071e-05,0.008820759132504463,143388.56045676046,0.037931445986032486,451741.25,360838.3125
2598000,1,0.00596,0.006200075149536133,0.4675517976284027,0.002792607806622982,0.0005538602825254201,4.003339563496411e-05,0.008867720142006874,143388.5692775168,0.03793124854564667,451158.71875,361431.6875
2600000,1,0.00596,0.006200154622395815,0.46844595670700073,0.002785659395158291,0.000542577588930726,3.1942044734023506e-05,0.0088143115863204,143388.57814523694,0.03793143853545189,450676.34375,361921.875
2602000,1,0.00596,0.006200154622395815,0.4691997468471527,0.0027777254581451416,0.000535169430077076,2.5728813488967715e-05,0.008766940794885159,143388.58695954853,0.037931352853775024,450269.25,362334.5625
2604000,1,0.00596,0.006200075149536133,0.4698500335216522,0.0027700550854206085,0.0005320120602846145,2.1996749273967e-05,0.008805557154119015,143388.59572649398,0.0379314124584198,449916.3125,362689.4375
2606000,1,0.00596,0.006200114885965946,0.47042733430862427,0.0027642263099551196,0.0005324163939803839,2.055081131402403e-05,0.008664927445352077,143388.60453204834,0.03793128579854965,449604.15625,363005.21875
2608000,1,0.00596,0.006200154622395815,0.47094792127609253,0.0027585705742239953,0.0005337540991604328,1.8617520981933922e-05,0.008603368885815144,143388.61319697206,0.03793136030435562,449320.71875,363288.3125
2610000,1,0.00596,0.006200114885965946,0.4714260995388031,0.0027521310374140737,0.0005349066574126482,1.7285079229623077e-05,0.00852123461663723,143388.62180034467,0.037931375205516815,449060.71875,363548.5
2612000,1,0.00596,0.006200114885965946,0.4718744456768036,0.0027463644742965697,0.0005361577030271291,1.5873194206506015e-05,0.008525599725544453,143388.6303215793,0.03793162479996681,448817.59375,363793.28125
2614000,1,0.00596,0.006200114885965946,0.47230052947998047,0.002740771137177944,0.0005347523372620344,1.441919303033501e-05,0.0084281787276268,143388.63884717808,0.03793128579854965,448585.28125,364024.90625
2616000,1,0.00596,0.006200114885965946,0.47270190715789795,0.002737838588654995,0.000533002894371748,1.3167806901037692e-05,0.008358710445463657,143388.6472753568,0.03793139383196831,448366.375,364242.6875
2618000,1,0.00596,0.006200154622395815,0.47308680415153503,0.0027324037626385686,0.0005313264206051826,1.2198279000585898e-05,0.008335794322192669,143388.65563406446,0.03793146461248398,448156.5625,364451.96875
2620000,1,0.00596,0.006200114885965946,0.47345951199531555,0.002728762850165367,0.0005303667392581701,1.1212733807042242e-05,0.008326055482029915,143388.66396986065,0.037931520491838455,447953.28125,364654.25
2622000,1,0.00596,0.006200194358825684,0.4738198220729828,0.002724463678896427,0.0005297534633427858,1.0416451550554484e-05,0.008375443518161774,143388.67229591706,0.03793131932616234,447756.78125,364849.6875
2624000,1,0.00596,0.006200154622395815,0.4741692543029785,0.002721230126917362,0.0005296926945447921,9.615567978471518e-06,0.008410879410803318,143388.68067135965,0.0379314087331295,447566.125,365039.34375
2626000,1,0.00596,0.006200154622395815,0.4745120406150818,0.002718997746706009,0.0005299372132867575,9.138109453488141e-06,0.00840342789888382,143388.68908223906,0.037931449711322784,447379.34375,365225.71875
2628000,1,0.00596,0.006200154622395815,0.4748477339744568,0.0027172472327947617,0.0005299540236592293,8.787112165009603e-06,0.008359209634363651,143388.69748566602,0.037931427359580994,447195.875,365407.53125
2630000,1,0.00561,0.005850235621134403,0.4761626720428467,0.0027055053040385244,0.0005494063254445791,4.347678332123905e-05,0.008181458339095116,143388.7058448738,0.03797057643532753,446074.03125,365904.625
2632000,1,0.00561,0.005850315093994141,0.4771954417228699,0.0027040537446737286,0.0005516987759619951,4.3974744039587675e-05,0.008148244582116604,143388.71402633027,0.03797043114900589,445505.25,366459.09375
2634000,1,0.00561,0.0058504541714986535,0.4783056378364563,0.0028253449127078056,0.0006040564272552729,6.352813798002899e-05,0.008037058636546135,143388.72217457392,0.03797052055597305,444888.21875,367049.6875
2636000,1,0.00561,0.005850434303283691,0.48031508922576904,0.0027555556967854495,0.0006867629010230302,0.00010702840518206357,0.007902078330516815,143388.73021163442,0.037970494478940964,443724.6875,368074.34375
2638000,1,0.00561,0.005850394566853823,0.4826437532901764,0.0027694320306181908,0.0006882513873279095,0.0001176256686449051,0.007762580178678036,143388.73811371275,0.03797037899494171,442434.96875,369316.03125
2640000,1,0.00561,0.00585047403971356,0.48539695143699646,0.002839883416891098,0.0007713485043495894,0.00015814561629667875,0.007645679172128439,143388.7458762948,0.03797047212719917,440884.40625,370758.75
2642000,1,0.00561,0.005850354830423954,0.4888456463813782,0.0028478737920522687,0.0007680539041757583,0.00016615553759038445,0.007502516265958548,143388.75352197397,0.037970397621393204,438939.59375,372562.03125
2644000,1,0.00561,0.005850255489349365,0.49242401123046875,0.002922901511192322,0.000846797227859497,0.0001859755953773856,0.007285512052476406,143388.76102449163,0.03797047957777977,436927.84375,374437.46875
2646000,1,0.00561,0.005850315093994141,0.49590885639190674,0.0028958957642316817,0.0007265411317348479,0.00015699040377512575,0.007176659069955349,143388.76831000694,0.03797048702836037,435058.96875,376350.84375
2648000,1,0.00561,0.005850315093994141,0.4988689720630646,0.0028533970937132834,0.0006328430492430926,0.00012262745294719935,0.007044704165309668,143388.77548666229,0.03797035291790962,433492.0,377998.21875
2650000,1,0.00561,0.005850275357564327,0.5012083053588867,0.0028312589973211286,0.0005980779882520437,9.893460664898158e-05,0.006848668679594994,143388.78253136785,0.03797052428126335,432255.75,379302.875
2652000,1,0.00561,0.005850354830423954,0.5031136870384216,0.002813468128442764,0.0005712619051337241,7.896030438132582e-05,0.006831719074398279,143388.78938003653,0.03797047585248947,431244.09375,380361.75
2654000,1,0.00561,0.005850354830423954,0.5047190189361572,0.0028076065704226495,0.000557892071083188,7.125118863768875e-05,0.006868966855108738,143388.79621175653,0.03797054663300514,430379.71875,381241.4375
2656000,1,0.00561,0.005850414435068785,0.506335437297821,0.0028350424021482464,0.0005803380627185106,8.48202034831047e-05,0.0066879065707325935,143388.80308072665,0.037970468401908875,429482.71875,382099.375
2658000,1,0.00561,0.005850354830423954,0.508118212223053,0.002777516096830368,0.0005713379010558129,7.658076938241721e-05,0.006593083962798119,143388.80976863415,0.03797054663300514,428498.9375,383051.5625
2660000,1,0.00561,0.005850354830423954,0.5096950531005859,0.0027654973790049555,0.0005596228409558534,6.82233483530581e-05,0.006546303164213896,143388.81636171998,0.03797048702836037,427651.09375,383916.375
2662000,1,0.00561,0.005850354830423954,0.5111229419708252,0.0027580229565501214,0.0005497243255376816,6.117748562246561e-05,0.006496491841971874,143388.8229080222,0.03797028213739395,426880.0,384696.40625
2664000,1,0.00561,0.005850354830423954,0.5124274492263794,0.0027530724182724953,0.00054294029250741,5.524359294213354e-05,0.006443782243877649,143388.82940451032,0.03797037899494171,426174.75,385408.5
2666000,1,0.00561,0.005850434303283691,0.5136498808860779,0.0027483588084578517,0.0005410111043602228,5.208861548453569e-05,0.006409964524209499,143388.8358482935,0.037970513105392456,425510.28125,386071.90625
2668000,1,0.00561,0.005850474039713505,0.5148388743400574,0.002745915949344635,0.0005425124894827604,5.170756485313177e-05,0.0064559029415249825,143388.84225825756,0.0379704125225544,424860.09375,386712.6875
2670000,1,0.00561,0.005850513776143373,0.5160430073738098,0.0027437452226877213,0.0005474803037941456,5.335542955435813e-05,0.006446850020438433,143388.84871416003,0.03797053173184395,424198.34375,387358.09375
2672000,1,0.00561,0.005850513776143373,0.5172722935676575,0.0027426671236753463,0.0005495715420693159,5.3798395674675704e-05,0.0064387330785393715,143388.85516100726,0.03797043114900589,423522.9375,388017.84375
2674000,1,0.00561,0.005850513776143373,0.5185017585754395,0.002747538313269615,0.0005498742684721947,5.3444120567291975e-05,0.006421905010938644,143388.86159973987,0.03797052055597305,422850.28125,388679.84375
2676000,1,0.00561,0.005850513776143373,0.5197316408157349,0.002763918414711952,0.0005558483768254518,5.458552623167634e-05,0.006414986681193113,143388.86802164535,0.03797039017081261,422175.65625,389340.40625
2678000,1,0.00561,0.005850613117218018,0.5210987329483032,0.00297873355448246,0.0007101124152541161,8.760150521993637e-05,0.006417589262127876,143388.87443663203,0.03797049820423126,421391.15625,390037.09375
2680000,1,0.00561,0.005850632985432924,0.5232647061347961,0.002903955243527889,0.0007453172001987695,0.00011638305149972438,0.006546960212290287,143388.88085422176,0.037970446050167084,420120.8125,391107.78125
2682000,1,0.00561,0.0058505932490030554,0.5256706476211548,0.0028432825580239295,0.0006635347846895457,0.00011111856438219547,0.006662924308329821,143388.8874011815,0.03797052800655365,418810.75,392408.125
2684000,1,0.00561,0.0058505932490030554,0.5279000401496887,0.00280341412872076,0.0006140643265098333,0.00010016879532486199,0.006742474623024464,143388.89406410675,0.0379704125225544,417616.0625,393634.6875
2686000,1,0.00561,0.0058505932490030554,0.5299363732337952,0.0027835074812173843,0.0005910360254347324,9.204206289723515e-05,0.006738260388374329,143388.9008065795,0.0379704125225544,416519.1875,394749.5
2688000,1,0.00561,0.005850672721862793,0.5318205952644348,0.0027747439220547673,0.0005766339600086212,8.483578567393122e-05,0.006605593487620354,143388.9075448413,0.03797047957777977,415501.09375,395777.09375
2690000,1,0.00561,0.005850672721862793,0.5335661768913269,0.0027683593332767484,0.0005636574234813452,7.86366406828165e-05,0.006435546092689037,143388.91415043757,0.03797048702836037,414557.28125,396728.9375
2692000,1,0.00561,0.005850712458292606,0.5352180600166321,0.0027788404375314714,0.0005657509434968233,7.743738242425024e-05,0.006332714110612869,143388.92058598367,0.037970446050167084,413657.625,397621.6875
2694000,1,0.00561,0.005850712458292606,0.5368780493736267,0.0027920238673686984,0.0005716265179216861,7.835096330381929e-05,0.006262069568037987,143388.92691869684,0.037970397621393204,412743.8125,398507.90625
2696000,1,0.00561,0.005850672721862793,0.5385071039199829,0.00279543474316597,0.0005599332507699728,7.38717324566096e-05,0.0062153455801308155,143388.93318076734,0.037970468401908875,411858.5625,399390.65625
2698000,1,0.00561,0.005850672721862793,0.5400315523147583,0.002795777283608913,0.0005481523461639881,6.800763076171279e-05,0.006195397581905127,143388.93939611292,0.03797047585248947,411035.09375,400222.375
2700000,1,0.00561,0.005850632985432924,0.5414422154426575,0.0028001455590128898,0.0005383537616580724,6.273461040109395e-05,0.006160890683531761,143388.94559151423,0.037970367819070816,410272.53125,400991.5
2702000,1,0.00561,0.005850752194722475,0.5427826046943665,0.002841676026582718,0.0005386305041611194,6.248048739507794e-05,0.006130887661129236,143388.95175240398,0.03794187307357788,409539.84375,401710.40625
2704000,1,0.00561,0.005850275357564272,0.5442249774932861,0.0027890892699360846,0.0005319977179169654,6.235031760297715e-05,0.006170982960611582,143388.9578832907,0.037942074239254,408733.90625,402452.3125
2706000,1,0.00561,0.00585019588470459,0.5455537438392639,0.0027819879353046416,0.0005249369889497756,5.73288241866976e-05,0.006177901290357113,143388.96405427274,0.03795383870601654,408012.96875,403171.21875
2708000,1,0.00561,0.005850156148274721,0.5467898845672607,0.002771721966564655,0.0005213041324168444,5.375266191549599e-05,0.006173614878207445,143388.97023217403,0.03795372322201729,407342.90625,403843.21875
2710000,1,0.005260000000000001,0.005500316619873047,0.5490060448646545,0.002756563387811184,0.0005491751711815595,8.480791584588588e-05,0.006221901625394821,143388.9764057889,0.03799717128276825,405768.78125,404796.65625
2712000,1,0.005260000000000001,0.00550035635630286,0.5507861375808716,0.0027557408437132833,0.0005467734299600124,8.084821165539324e-05,0.006050706375390291,143388.9826276924,0.037997178733348846,404794.40625,405753.6875
2714000,1,0.005260000000000001,0.0055007139841715125,0.552487313747406,0.0027660295367240907,0.0005479272454977035,7.766635972075164e-05,0.0059583489783108234,143388.98867839924,0.03795187547802925,403858.1875,406665.5
2716000,1,0.005260000000000001,0.005500833193461063,0.5541256070137024,0.0027734851464629173,0.0005430882330983877,7.402410265058278e-05,0.005901827942579985,143388.99463674962,0.03795187547802925,402955.0625,407545.9375
2718000,1,0.005260000000000001,0.005500872929890932,0.5557131767272949,0.0027859378606081005,0.0005415854509919881,7.192193297669291e-05,0.005913561210036278,143389.0005385771,0.03789385408163071,402081.3125,408397.90625
2720000,1,0.005260000000000001,0.005500872929890932,0.5572687983512878,0.0027960145846009257,0.0005415139254182576,7.123291143216193e-05,0.005991249345242977,143389.00645213923,0.03789364919066429,401223.71875,409229.96875
2722000,1,0.005260000000000001,0.005500872929890932,0.5588054656982422,0.002812807448208332,0.0005431748926639557,7.085094111971557e-05,0.0061062476597726345,143389.01244338858,0.03789375349879265,400375.0625,410050.0
2724000,1,0.005260000000000001,0.005500952402750614,0.5603243112564087,0.0028317829594016073,0.0005447115749120712,6.98726624250412e-05,0.006180025637149811,143389.01854963717,0.03789360821247101,399536.15625,410861.625
2726000,1,0.005260000000000001,0.005500912666320801,0.5618225336074829,0.0028482714667916295,0.0005463957786560059,6.894335383549332e-05,0.006063657812774181,143389.02472966327,0.037893664091825485,398708.875,411664.625
2728000,1,0.005260000000000001,0.005500833193461063,0.563281774520874,0.002860947884619236,0.0005395151674747467,6.598065374419093e-05,0.005969265941530466,143389.03079332015,0.037893470376729965,397906.71875,412454.65625
2730000,1,0.005260000000000001,0.005500833193461063,0.5646642446517944,0.0028648138046264643,0.0005300856195390224,6.104680942371487e-05,0.005890490487217903,143389.03676258703,0.037876445800065994,397155.625,413216.6875
2732000,1,0.005260000000000001,0.005500912666320801,0.5659363269805908,0.0028674809262156484,0.0005223946645855904,5.538011901080609e-05,0.005811180919408798,143389.04265307751,0.037876129150390625,396472.0,413930.5
2734000,1,0.005260000000000001,0.005500992139180483,0.5670955777168274,0.0028676990419626235,0.0005167598370462656,4.959750222042203e-05,0.005741329863667488,143389.0484642589,0.037859730422496796,395851.90625,414585.875
2736000,1,0.005260000000000001,0.0055010318756103516,0.5681408643722534,0.0028710495680570602,0.0005066217854619026,4.359801823738962e-05,0.005731882061809301,143389.0542055897,0.037876177579164505,395295.3125,415182.875
2738000,1,0.005260000000000001,0.005501190821329716,0.569077730178833,0.0028709637001156805,0.0005014928057789803,3.8386526284739375e-05,0.005736326798796654,143389.0599374727,0.03785974532365799,394797.375,415720.46875
2740000,1,0.005260000000000001,0.005501270294189453,0.5699216723442078,0.0028723573312163355,0.0004995626863092184,3.528971574269235e-05,0.0057990578934550285,143389.06567379902,0.03785993158817291,394348.09375,416204.90625
2742000,1,0.005260000000000001,0.005501389503479004,0.5706868171691895,0.002871246263384819,0.000501035526394844,3.229073190595954e-05,0.0058325412683188915,143389.07147285598,0.03785973787307739,393940.8125,416642.9375
2744000,1,0.005260000000000001,0.005501468976338686,0.5713769197463989,0.002871774695813656,0.0004991482943296432,2.924637810792774e-05,0.005857802461832762,143389.07730539865,0.03784726932644844,393572.65625,417037.15625
2746000,1,0.005260000000000001,0.005501429239908817,0.572005569934845,0.0028668096289038657,0.000498657114803791,2.5696124066598713e-05,0.005889081861823797,143389.08316320018,0.037847381085157394,393236.5,417394.875
2748000,1,0.005260000000000001,0.005501588185628237,0.5725772976875305,0.002863067016005516,0.0004941618535667658,2.2712323698215183e-05,0.006010009907186031,143389.0890522811,0.037847306579351425,392931.1875,417720.0
2750000,1,0.005260000000000001,0.0055016279220581055,0.5731066465377808,0.0028613321483135223,0.0004904995672404765,1.9926781533285972e-05,0.005960625130683184,143389.09506229148,0.037847407162189484,392647.84375,418019.1875
2752000,1,0.005260000000000001,0.005501667658487919,0.5735867023468018,0.0028585094958543775,0.00048265308141708373,1.8113240366801618e-05,0.005887857172638178,143389.10102291754,0.037835754454135895,392390.875,418290.5
2754000,1,0.005260000000000001,0.005501588185628237,0.5740401148796082,0.0028565134853124614,0.00047910735011100767,1.5775758947711437e-05,0.005822235718369484,143389.1069107738,0.03783561289310455,392147.3125,418545.96875
2756000,1,0.005260000000000001,0.0055016279220581055,0.5744545459747314,0.002855350077152252,0.00047787996008992196,1.3623709673993289e-05,0.005756435450166464,143389.1127330095,0.03783562406897545,391924.28125,418777.65625
2758000,1,0.005260000000000001,0.0055016279220581055,0.5748387575149536,0.0028520379215478896,0.00047578108496963977,1.2393927318044006e-05,0.005668580997735262,143389.11848944542,0.0378066822886467,391718.0,418993.0
2760000,1,0.005260000000000001,0.0055016279220581055,0.5752097368240356,0.0028507331386208533,0.00047496515326201917,1.1447079305071383e-05,0.005652850493788719,143389.12415802875,0.03780665248632431,391518.75,419200.3125
2762000,1,0.005260000000000001,0.005501667658487919,0.5755580067634583,0.0028489824384450913,0.00047410326078534126,1.0349441436119379e-05,0.005741665605455637,143389.12981088017,0.03780655935406685,391331.03125,419393.375
2764000,1,0.005260000000000001,0.0055016279220581055,0.5758862495422363,0.0028451623395085333,0.00047549661248922346,9.674335160525514e-06,0.005782454740256071,143389.13555254717,0.03780677169561386,391154.21875,419576.0
2766000,1,0.005260000000000001,0.0055016279220581055,0.5761904120445251,0.002844648063182831,0.0004759441595524549,8.604177128290757e-06,0.005825255531817675,143389.14133499912,0.037806637585163116,390989.6875,419744.3125
2768000,1,0.005260000000000001,0.005501667658487919,0.5764790773391724,0.0028448563069105146,0.00047616697847843167,8.055118087213486e-06,0.005826848559081554,143389.14716025372,0.03780665621161461,390833.625,419903.15625
2770000,1,0.005260000000000001,0.005501667658487919,0.5767680406570435,0.0028430841863155364,0.0004768434911966324,8.212633110815659e-06,0.005795670207589865,143389.1529871032,0.03780663385987282,390677.78125,420063.28125
2772000,1,0.005260000000000001,0.005501747131347656,0.5770618319511414,0.0028434136882424356,0.0004783071577548981,8.562881703255698e-06,0.005774803925305605,143389.15878277482,0.03780658543109894,390519.625,420225.8125
2774000,1,0.005260000000000001,0.0055017073949177875,0.5773646831512451,0.0028440410271286963,0.00047993184998631474,9.754171333042904e-06,0.005824018269777298,143389.1645575806,0.0378066822886467,390355.5625,420391.9375
2776000,1,0.005260000000000001,0.005501747131347656,0.57769775390625,0.0028442997485399243,0.00048410557210445406,1.2541112664621323e-05,0.005782939027994871,143389.17038159887,0.03780672699213028,390174.4375,420573.375
2778000,1,0.005260000000000001,0.005501747131347656,0.5780879855155945,0.0028344452381134032,0.0004912026692181825,1.6054281149990857e-05,0.005701003596186638,143389.1761645421,0.03780670836567879,389961.25,420784.34375
2780000,1,0.005260000000000001,0.005501747131347656,0.5785326361656189,0.0028207382187247277,0.0004927459172904492,1.7069006571546196e-05,0.0056452336721122265,143389.1818655457,0.03780675679445267,389717.75,421023.96875
2782000,1,0.005260000000000001,0.005501747131347656,0.5789825916290283,0.0028115289285778997,0.0004902887623757124,1.6489239351358263e-05,0.005650695413351059,143389.1875107789,0.03780684620141983,389471.46875,421266.3125
2784000,1,0.005260000000000001,0.005501747131347656,0.579421877861023,0.002806738018989563,0.0004893198143690825,1.6446082736365496e-05,0.005714509170502424,143389.19316147477,0.03780672699213028,389231.78125,421503.65625
2786000,1,0.005260000000000001,0.005501826604207338,0.5799401998519897,0.002807678282260895,0.0005223392508924007,2.8046095394529402e-05,0.005720522720366716,143389.198875983,0.03780675679445267,388949.5,421784.53125
2788000,1,0.005260000000000001,0.005501747131347656,0.5806356072425842,0.0028060464188456534,0.000526132108643651,2.8275285148993132e-05,0.005601282697170973,143389.20459650853,0.0378069207072258,388564.625,422152.4375
2790000,1,0.004910000000000001,0.005151867866516113,0.5823484659194946,0.0028024697676301003,0.0005275015719234943,5.988141638226807e-05,0.005530179478228092,143389.21019779448,0.03784465417265892,387282.0,422829.40625
2792000,1,0.004910000000000001,0.005151947339375795,0.5836454629898071,0.0028043678030371666,0.0005238703917711973,5.5979925673454996e-05,0.005437681917101145,143389.2157279735,0.037844542413949966,386577.3125,423533.03125
2794000,1,0.004910000000000001,0.0051519076029459265,0.5848489999771118,0.002804311364889145,0.0005234236363321543,5.16339496243745e-05,0.005333155859261751,143389.22116565355,0.03784465417265892,385925.25,424188.625
2796000,1,0.004910000000000001,0.005151947339375795,0.5859742760658264,0.0028042415156960486,0.000520647969096899,4.8371817683801055e-05,0.005241387523710728,143389.22649880894,0.03784933686256409,385315.3125,424800.53125
2798000,1,0.004910000000000001,0.005151987075805664,0.5870473980903625,0.0028076909482479097,0.0005161557812243699,4.673461080528795e-05,0.005174257326871157,143389.23174019647,0.03784932568669319,384734.125,425384.53125
2800000,1,0.004910000000000001,0.005151987075805664,0.5880869030952454,0.0028108071535825727,0.0005129422061145306,4.462679207790643e-05,0.00509234331548214,143389.23691445333,0.0378195121884346,384169.5,425948.3125
2802000,1,0.004910000000000001,0.005151987075805664,0.5890765190124512,0.002816226705908775,0.000506954500451684,4.0976752643473446e-05,0.00502863060683012,143389.24200679525,0.03784928470849991,383633.1875,426486.125
2804000,1,0.004910000000000001,0.005151987075805664,0.589993953704834,0.0028186302632093427,0.0005004210863262414,3.6612915573641656e-05,0.005008792970329523,143389.24703542632,0.03779046609997749,383135.53125,426984.28125
2806000,1,0.004910000000000001,0.005151987075805664,0.5908353328704834,0.0028185416013002396,0.0004959143698215485,3.2942224061116575e-05,0.004948573652654886,143389.25204421836,0.03784933686256409,382680.15625,427442.34375
2808000,1,0.004910000000000001,0.005151987075805664,0.5916152000427246,0.0028163136914372442,0.0004934616386890412,3.042710304725915e-05,0.004965064115822315,143389.25699279294,0.037806861102581024,382258.28125,427866.84375
2810000,1,0.004910000000000001,0.005151987075805664,0.5923436284065247,0.0028148174285888674,0.0004924850072711706,2.8715320513583717e-05,0.004963309969753027,143389.26195785613,0.03781166672706604,381863.78125,428262.8125
2812000,1,0.004910000000000001,0.005151987075805664,0.5930390954017639,0.002819438837468624,0.0004945250693708658,2.8432041290216148e-05,0.004946138244122267,143389.2669211675,0.03779034689068794,381486.90625,428640.40625
2814000,1,0.004910000000000001,0.005152026812235533,0.5937657356262207,0.003002290055155754,0.0005499329883605242,4.310652730055153e-05,0.004977310076355934,143389.27186730574,0.0378241091966629,381093.1875,429034.03125
2816000,1,0.004910000000000001,0.005152006944020626,0.5951992869377136,0.00286371037364006,0.0006357673089951276,7.032937137410044e-05,0.004982861690223217,143389.27684461442,0.03784939646720886,380284.65625,429758.9375
2818000,1,0.004910000000000001,0.005152006944020626,0.5966933369636536,0.0028611814603209497,0.0006011389195919037,6.334775825962424e-05,0.0049309744499623775,143389.2818274775,0.03784926235675812,379466.03125,430551.6875
2820000,1,0.004910000000000001,0.005152006944020626,0.5980567932128906,0.0028592331334948537,0.000572940893471241,5.713757127523422e-05,0.00493269506841898,143389.28675845242,0.03784461319446564,378722.65625,431282.75
2822000,1,0.004910000000000001,0.005151987075805664,0.599314272403717,0.00285240076482296,0.0005541547201573849,5.275457515381276e-05,0.0050079841166734695,143389.29169114656,0.037849389016628265,378038.34375,431959.46875
2824000,1,0.004910000000000001,0.005151987075805664,0.6004770994186401,0.0028435660526156424,0.0005318790674209594,4.8924441216513515e-05,0.004954335745424032,143389.29669912928,0.03784540668129921,377407.5,432589.15625
2826000,1,0.004910000000000001,0.005151987075805664,0.6015352606773376,0.00284426212310791,0.0005157052539288997,4.36901900684461e-05,0.005049635656177998,143389.30165346363,0.03783201798796654,376835.625,433167.125
2828000,1,0.004910000000000001,0.005151987075805664,0.6025053858757019,0.0028506157919764514,0.0005059544462710619,3.984763752669096e-05,0.004995458759367466,143389.30670309695,0.03780772536993027,376310.8125,433696.25
2830000,1,0.004910000000000001,0.005151987075805664,0.6034465432167053,0.002853132039308548,0.0005042091943323612,3.7923548370599745e-05,0.005002529360353947,143389.3116985585,0.03780699521303177,375798.3125,434204.125
2832000,1,0.004910000000000001,0.005152026812235477,0.6043024659156799,0.002865772135555744,0.000500473054125905,3.797715471591801e-05,0.004954844247549772,143389.31670108554,0.037790145725011826,375337.875,434675.375
2834000,1,0.004910000000000001,0.005152026812235477,0.6053203344345093,0.002850164845585823,0.0005216383840888738,4.377411678433418e-05,0.0048840162344276905,143389.32165593072,0.03781536966562271,374775.59375,435210.5625
2836000,1,0.004910000000000001,0.005152026812235477,0.6062711477279663,0.002849741466343403,0.00050736078992486,3.9155848207883535e-05,0.004807009361684322,143389.32653994788,0.03780699521303177,374261.3125,435727.5
2838000,1,0.004910000000000001,0.005152026812235477,0.6071445941925049,0.0028471982106566427,0.0004991594236344099,3.583219368010759e-05,0.004806939512491226,143389.33134695864,0.03780679032206535,373788.09375,436202.59375
2840000,1,0.004910000000000001,0.005151987075805664,0.6079698204994202,0.0028468335047364232,0.0004989800974726676,3.449678770266473e-05,0.004759890027344227,143389.33615389862,0.037806883454322815,373341.09375,436651.5625
2842000,1,0.004910000000000001,0.005151987075805664,0.6088250279426575,0.0028962276875972746,0.0005282316356897354,4.656256933230906e-05,0.00469031510874629,143389.3409137868,0.037790559232234955,372873.09375,437108.03125
2844000,1,0.004910000000000001,0.005151987075805664,0.6098992228507996,0.002854493446648121,0.0005361913237720728,4.881776694674045e-05,0.0046371761709451675,143389.34560410096,0.03781551867723465,372278.1875,437668.15625
2846000,1,0.004910000000000001,0.005151987075805664,0.6109700202941895,0.0028536878526210785,0.0005300136283040046,4.772456013597548e-05,0.004584862384945154,143389.35024127807,0.037790387868881226,371693.5625,438240.25
2848000,1,0.004910000000000001,0.005151987075805664,0.6120090484619141,0.002839248441159725,0.0005193238146603107,4.5184680493548514e-05,0.004590030759572983,143389.35482613812,0.037831999361515045,371127.96875,438798.625
2850000,1,0.004910000000000001,0.005151987075805664,0.612995982170105,0.0028246987611055376,0.0005079837515950203,4.2081376886926594e-05,0.004581816494464874,143389.3594161698,0.03783209249377251,370592.1875,439332.25
2852000,1,0.004910000000000001,0.005151987075805664,0.6139172911643982,0.0028140779584646222,0.0004979659337550401,3.858707495965063e-05,0.004568294622004032,143389.36399798677,0.037785861641168594,370093.0,439831.34375
2854000,1,0.004910000000000001,0.005151987075805664,0.614782989025116,0.0028039954602718355,0.0004926851484924555,3.536928561516106e-05,0.004579124040901661,143389.36856628186,0.037806712090969086,369624.65625,440302.125
2856000,1,0.004910000000000001,0.005151987075805664,0.6155997514724731,0.0027941463515162466,0.00048822932876646513,3.277731302659958e-05,0.004566497169435024,143389.37314540683,0.03778555244207382,369182.28125,440746.15625
2858000,1,0.004910000000000001,0.005151987075805664,0.6163703203201294,0.0027887195348739622,0.00048401416279375553,3.084441705141216e-05,0.0045303162187337875,143389.37771190447,0.03780687600374222,368764.875,441164.9375
2860000,1,0.004910000000000001,0.005152066548665346,0.6170961260795593,0.0027829887345433234,0.00048106452450156215,2.880162792280316e-05,0.004488545469939709,143389.38224222022,0.037790343165397644,368372.0625,441559.375
2862000,1,0.004910000000000001,0.005152066548665346,0.6177920699119568,0.0027784792706370353,0.00047898031771183015,2.6888618594966826e-05,0.004455105401575565,143389.3867307643,0.03780696913599968,367995.21875,441937.375
2864000,1,0.004910000000000001,0.005152066548665346,0.6184563636779785,0.002774130180478096,0.0004786796402186155,2.615740231703967e-05,0.004434878937900066,143389.3911858683,0.03776215389370918,367635.84375,442299.90625
2866000,1,0.004910000000000001,0.005152146021525028,0.6190913319587708,0.0027702480554580686,0.0004775806330144405,2.452641201671213e-05,0.004407809115946293,143389.39562074537,0.0377902090549469,367291.6875,442643.71875
2868000,1,0.004910000000000001,0.005152146021525028,0.6196987628936768,0.002768835984170437,0.00047876564785838123,2.4204057990573343e-05,0.0043772258795797825,143389.4000285545,0.03776675835251808,366962.625,442973.84375
2870000,1,0.0045600000000000016,0.004802266756693485,0.6213431358337402,0.0027561290189623833,0.0004934584721922874,5.4111663484945896e-05,0.00431615486741066,143389.40440578037,0.03782040998339653,365738.625,443602.15625
2872000,1,0.0045600000000000016,0.004802306493123354,0.6225731372833252,0.002765124663710594,0.0004961074329912663,5.4027489386498925e-05,0.0042647975496947765,143389.40872193663,0.037797074764966965,365069.625,444267.125
2874000,1,0.0045600000000000016,0.004802306493123354,0.6238254308700562,0.0027602013200521466,0.0004966071806848049,5.607804632745683e-05,0.004228868521749973,143389.4129867314,0.03779707849025726,364382.9375,444934.34375
2876000,1,0.0045600000000000016,0.004802385965983036,0.6251469850540161,0.0028123186901211736,0.0005184527020901441,6.509228842332959e-05,0.00422087823972106,143389.4172155999,0.03779697045683861,363652.0,445627.59375
2878000,1,0.0045600000000000016,0.004802425702412905,0.6267023682594299,0.0027770483866333957,0.0005296317394822836,7.475604652427136e-05,0.004215576685965061,143389.42143647862,0.03779706731438637,362781.84375,446424.28125
2880000,1,0.0045600000000000016,0.004802425702412905,0.6283427476882935,0.002772572822868824,0.0005278712138533591,7.64991738833487e-05,0.004220586270093918,143389.4256520553,0.03779711201786995,361882.40625,447293.21875
2882000,1,0.0045600000000000016,0.004802425702412905,0.629996657371521,0.002758992835879326,0.0005223863758146763,7.586508290842175e-05,0.004187973216176033,143389.42987264018,0.037797097116708755,360980.84375,448177.65625
2884000,1,0.0045600000000000016,0.004802425702412905,0.6316159963607788,0.0027500297874212265,0.0005157441832125187,7.292148075066507e-05,0.004149579908698797,143389.4340606148,0.037797246128320694,360102.25,449050.46875
2886000,1,0.0045600000000000016,0.004802425702412905,0.633181095123291,0.002744763344526291,0.0005110728088766336,7.02586374245584e-05,0.004116942640393972,143389.4382101933,0.03779689222574234,359254.1875,449896.28125
2888000,1,0.0045600000000000016,0.0048024654388427734,0.6347087621688843,0.0027443058788776398,0.0005084601696580648,6.888544303365051e-05,0.004084963351488113,143389.44232713687,0.0377969890832901,358425.5,450719.53125
2890000,1,0.0045600000000000016,0.0048024654388427734,0.6362345814704895,0.002768220007419586,0.0005133925005793571,7.082486990839243e-05,0.0040535531006753445,143389.44641210255,0.03779706731438637,357593.15625,451533.84375
2892000,1,0.0045600000000000016,0.004802564779917418,0.637886643409729,0.0028733689337968825,0.0005445025395601987,8.729272522032261e-05,0.004031103104352951,143389.45046565752,0.037797167897224426,356676.0625,452387.59375
2894000,1,0.0045600000000000016,0.004802584648132324,0.64012610912323,0.003086525201797485,0.0006877331994473934,0.00012632892467081546,0.004010236356407404,143389.45449676155,0.037797100841999054,355396.9375,453478.0625
2896000,1,0.0045600000000000016,0.004802485307057736,0.6430296897888184,0.0029002169147133825,0.0006563530303537845,0.00015123019693419337,0.004003275651484728,143389.4585069979,0.03779987618327141,353769.65625,454936.0625
2898000,1,0.0045600000000000016,0.004802405834197998,0.6462520956993103,0.0029387196525931356,0.0006544479634612799,0.00015502051683142782,0.0039820303209125996,143389.46251027402,0.037845611572265625,351996.125,456604.0625
2900000,1,0.0045600000000000016,0.004802127679189083,0.6497148871421814,0.002926080301403999,0.0006877364125102757,0.00017656447598710657,0.003913142252713442,143389.46649230295,0.03787931054830551,350088.4375,458352.03125
2902000,1,0.0045600000000000016,0.0048020084698995325,0.6534732580184937,0.002917628735303879,0.0006806529127061367,0.00018896326655521987,0.0038559352979063988,143389.4704054452,0.03787940740585327,348019.34375,460283.875
2904000,1,0.0045600000000000016,0.004802068074544252,0.657802939414978,0.0031059261411428454,0.0007954937405884266,0.0002482896903529763,0.003776383586227894,143389.47426138236,0.037879470735788345,345588.5625,462428.21875
2906000,1,0.0045600000000000016,0.004801829655965151,0.6633042097091675,0.003036338090896606,0.0008716403506696224,0.0002695887349545955,0.003661098424345255,143389.47803776688,0.03793295845389366,342506.0625,465142.375
2908000,1,0.0045600000000000016,0.004801034927368164,0.6696335077285767,0.0029496680945158005,0.0008169311098754406,0.0002543669193983078,0.003629486309364438,143389.481698866,0.03792351111769676,339000.65625,468261.0625
2910000,1,0.0045600000000000016,0.004801571369171143,0.674622118473053,0.0029446085914969443,0.0007234587799757719,0.0002539405366405845,0.0036874799989163876,143389.48532835208,0.03792031109333038,336395.09375,471166.3125
2912000,1,0.0045600000000000016,0.0048018693923950195,0.6790183782577515,0.0028668299317359926,0.0006132097914814948,0.0002042375039309263,0.003722967579960823,143389.48901583254,0.03787920996546745,334088.5625,473712.5625
2914000,1,0.0045600000000000016,0.004801591237386049,0.6836049556732178,0.0028629634529352185,0.0006506694015115499,0.00020690418314188718,0.0036843866109848022,143389.49273879942,0.03792364522814751,331567.28125,476091.125
2916000,1,0.0045600000000000016,0.0048018693923950195,0.6870591640472412,0.002792365290224552,0.0005154076963663102,0.00014998511178418992,0.003643587464466691,143389.49642318743,0.037879522889852524,329808.6875,478226.71875
2918000,1,0.0045600000000000016,0.004801928997039795,0.6898947358131409,0.002776055596768856,0.0004908987786620856,0.0001358776120468974,0.0036155127454549074,143389.5000667763,0.037879545241594315,328313.5625,479884.03125
2920000,1,0.0045600000000000016,0.004801968733469664,0.6926642656326294,0.0027325039729475973,0.00048631448298692704,0.00012830354971811174,0.003588266670703888,143389.50368228904,0.0378795824944973,326818.90625,481392.84375
2922000,1,0.0045600000000000016,0.004801928997039795,0.6952275037765503,0.0027271160855889317,0.000471361493691802,0.00011862256797030569,0.003550161374732852,143389.5072705571,0.0378655344247818,325444.46875,482810.59375
2924000,1,0.0045600000000000016,0.004801968733469664,0.6976308822631836,0.0027354706078767774,0.00045980522409081457,0.00011021306272596121,0.00352192809805274,143389.51082071848,0.037863150238990784,324154.0,484136.6875
2926000,1,0.0045600000000000016,0.0048020283381143836,0.6998286843299866,0.002738637290894985,0.0004504561424255371,0.00010111022274941205,0.0035041046794503927,143389.5143426468,0.03784862160682678,322978.9375,485365.90625
2928000,1,0.0045600000000000016,0.004802068074544252,0.7018112540245056,0.0027337891981005667,0.00043902061879634856,9.006586624309421e-05,0.003493075491860509,143389.51784675312,0.03784564882516861,321921.0625,486483.71875
2930000,1,0.0045600000000000016,0.004802107810974121,0.7035931348800659,0.002728620357811451,0.0004265447612851858,8.10357043519616e-05,0.0034796514082700014,143389.52133982698,0.03782057762145996,320970.9375,487491.1875
2932000,1,0.0045600000000000016,0.004802187283833803,0.7052031755447388,0.0027173085138201716,0.00040913796983659266,7.070184219628572e-05,0.0034661339595913887,143389.52481947932,0.037820495665073395,320111.28125,488398.96875
2934000,1,0.0045600000000000016,0.004802306493123354,0.7066842317581177,0.002700894698500633,0.00040667676366865633,6.613920559175312e-05,0.0034542412031441927,143389.52828561259,0.03779686614871025,319317.6875,489226.53125
2936000,1,0.0045600000000000016,0.004802306493123354,0.7080660462379456,0.0026920257136225697,0.0004043280147016048,6.102779298089444e-05,0.003441006410866976,143389.53173985286,0.037796903401613235,318576.125,489994.75
2938000,1,0.0045600000000000016,0.004802306493123354,0.709384024143219,0.002699914202094078,0.0003939929418265819,5.7994638336822386e-05,0.0034249562304466963,143389.53518085834,0.03779718652367592,317866.46875,490720.25
2940000,1,0.0045600000000000016,0.004802405834197998,0.7107239365577698,0.0027799224480986595,0.0004173570778220892,6.44609797745943e-05,0.003401790279895067,143389.53860581247,0.03780019283294678,317138.625,491440.46875
2942000,1,0.0045600000000000016,0.004802445570627867,0.712471604347229,0.002777815610170364,0.0004873255267739296,8.460390381515025e-05,0.0033639101311564445,143389.54200760182,0.03780016675591469,316166.46875,492312.75
2944000,1,0.0045600000000000016,0.004802445570627867,0.7143132090568542,0.002732141315937042,0.0004822890739887953,8.330004056915641e-05,0.0033564467448741198,143389.54537151102,0.03782058134675026,315165.84375,493291.71875
2946000,1,0.0045600000000000016,0.004802445570627867,0.7161217331886292,0.0027052622288465497,0.0004717534407973289,8.250934770330787e-05,0.0033454138319939375,143389.54872795916,0.03780004009604454,314184.0625,494256.03125
2948000,1,0.0045600000000000016,0.004802445570627867,0.7179115414619446,0.002686608023941517,0.00046602352522313596,8.284859359264374e-05,0.0033292085863649845,143389.55207337323,0.037800151854753494,313212.1875,495211.65625
2950000,1,0.004210000000000002,0.004452526569366455,0.7208088636398315,0.0026513431221246715,0.0004962028004229068,0.0001191268558613956,0.003279696684330702,143389.55540258205,0.03783499822020531,311356.09375,496475.15625
2952000,1,0.004210000000000002,0.004452606042226193,0.723275363445282,0.0026385746896266933,0.0005077666137367487,0.00012072118697687983,0.0032443481031805277,143389.55868227966,0.03782321512699127,310018.375,497796.25
2954000,1,0.004210000000000002,0.004452606042226193,0.7257640957832336,0.002626397646963596,0.0005170776508748532,0.0001221751095727086,0.0032096593640744686,143389.56192662776,0.037823110818862915,308667.53125,499122.90625
2956000,1,0.004210000000000002,0.004452606042226193,0.7282994389533997,0.002607475221157074,0.0005243071354925632,0.00012404489098116755,0.0031768172048032284,143389.5651362876,0.03783492371439934,307289.6875,500468.625
2958000,1,0.004210000000000002,0.004452685515085875,0.7308686375617981,0.00258056353777647,0.0005296123679727315,0.00012586659286171198,0.0031447994988411665,143389.56831310526,0.03781063109636307,305893.9375,501832.1875
2960000,1,0.004210000000000002,0.004452705383300781,0.7335561513900757,0.0026193974539637566,0.0005528631620109082,0.00013224204303696752,0.0031057936139404774,143389.571457905,0.03782305866479874,304427.53125,503238.34375
2962000,1,0.004210000000000002,0.004452685515085875,0.7362399101257324,0.0026553256437182424,0.0005421206355094909,0.00012851381907239554,0.003066255943849683,143389.57456369838,0.03782231733202934,302973.40625,504670.0
2964000,1,0.004210000000000002,0.004452685515085875,0.7388490438461304,0.002703793533146381,0.0005376391112804413,0.000127260060980916,0.003032512264326215,143389.57762995525,0.03781051188707352,301561.40625,506067.84375
2966000,1,0.004210000000000002,0.0044525861740112305,0.7415085434913635,0.002726409956812858,0.000547454971820116,0.00013099239440634845,0.00300102517940104,143389.58066246728,0.03782334551215172,300114.71875,507470.0
2968000,1,0.004210000000000002,0.004452606042226193,0.7441189289093018,0.002696928754448891,0.0005235199816524982,0.00012353757629171013,0.0029786364175379276,143389.58366349177,0.03782312199473381,298704.0625,508872.75
2970000,1,0.004210000000000002,0.004452606042226193,0.746589720249176,0.0026957685127854346,0.0005055958405137062,0.00011821523075923323,0.002967513632029295,143389.58664212702,0.03781045228242874,297371.9375,510212.625
2972000,1,0.004210000000000002,0.004452606042226193,0.7490045428276062,0.002674269489943981,0.0004955383017659187,0.00011781554203480481,0.00295951496809721,143389.58960964181,0.037810612469911575,296065.375,511507.5
2974000,1,0.004210000000000002,0.004452606042226193,0.7514456510543823,0.0026549896225333213,0.000502708600834012,0.00012004771269857882,0.0029492888133972883,143389.59256915655,0.03778144717216492,294740.03125,512801.46875
2976000,1,0.004210000000000002,0.004452606042226193,0.7539038062095642,0.002628391422331333,0.0005030281841754912,0.00011867316206917166,0.0029379238840192556,143389.5955184463,0.03781062364578247,293407.25,514108.4375
2978000,1,0.004210000000000002,0.004452606042226193,0.7563217878341675,0.0026279034093022345,0.0004964216612279415,0.00011829554568976164,0.0029267631471157074,143389.5984563704,0.03781058266758919,292098.5,515400.21875
2980000,1,0.004210000000000002,0.004452645778656006,0.7588054537773132,0.0026900459080934523,0.0005318054929375648,0.00012985082576051355,0.0029103048145771027,143389.60138313472,0.03778156638145447,290745.09375,516697.1875
2982000,1,0.004210000000000002,0.0044525861740112305,0.7615822553634644,0.0026810707524418833,0.0005653980653733014,0.00013513194862753154,0.0028803665190935135,143389.60429344187,0.037835169583559036,289223.03125,518110.625
2984000,1,0.004210000000000002,0.004452546437581362,0.7643458247184753,0.002691140025854111,0.0005522619932889938,0.00013318907003849744,0.002855694619938731,143389.60717380792,0.037835024297237396,287725.125,519572.4375
2986000,1,0.004210000000000002,0.004452486832936642,0.7670365571975708,0.002699100784957409,0.0005328160244971514,0.00012946692295372485,0.0028401720337569714,143389.61002950114,0.03782312199473381,286272.65625,521016.71875
2988000,1,0.004210000000000002,0.0044525067011515485,0.7697259783744812,0.0027520855888724326,0.0005411301273852586,0.00013414289569482207,0.002830332377925515,143389.6128696741,0.03782301023602486,284813.625,522437.71875
2990000,1,0.004210000000000002,0.004452486832936642,0.7724097371101379,0.002706987969577312,0.0005277702119201421,0.00012971361866220832,0.0028246717993170023,143389.61570000648,0.037823084741830826,283363.375,523873.3125
2992000,1,0.004210000000000002,0.00445246696472168,0.7752331495285034,0.0027229653671383856,0.0005671959836035966,0.0001470964401960373,0.002817826811224222,143389.61852467852,0.037835121154785156,281817.875,525315.8125
2994000,1,0.004210000000000002,0.004452546437581362,0.7781962752342224,0.002717500925064087,0.0005572062917053699,0.0001447147340513766,0.0028080937918275595,143389.6213425058,0.03783492371439934,280208.78125,526867.1875
2996000,1,0.004210000000000002,0.00445246696472168,0.7812913060188293,0.0027602266520261763,0.000590762635692954,0.00015908241039142013,0.002798777772113681,143389.62415059912,0.03783510625362396,278520.46875,528459.6875
2998000,1,0.004210000000000002,0.004452367623647091,0.7849307060241699,0.0028495142236351968,0.0007029096595942974,0.00018812068738043307,0.002776223002001643,143389.62694937736,0.037858571857213974,276508.5625,530223.6875
3000000,1,0.004210000000000002,0.00445224841435754,0.7889317870140076,0.0029448570683598516,0.0007066742517054082,0.0001927969162352383,0.0027517899870872498,143389.6297256013,0.03785887733101845,274321.0,532236.9375
3002000,1,0.004210000000000002,0.00445224841435754,0.7928138971328735,0.00295471865683794,0.0006543444003909827,0.00018506237538531422,0.0027419142425060272,143389.63247739198,0.03788403794169426,272228.0625,534305.5
3004000,1,0.004210000000000002,0.004452228546142578,0.79616779088974,0.002945062145590782,0.0005096824374049902,0.00013912961585447193,0.002744564786553383,143389.63521930645,0.03785880282521248,270459.09375,536256.8125
3006000,1,0.004210000000000002,0.0044522881507873535,0.798599123954773,0.0028721315786242488,0.0004230485763400793,0.00010838067391887307,0.0027674860320985317,143389.637963871,0.03785872831940651,269206.0,537815.5625
3008000,1,0.004210000000000002,0.004452367623647091,0.800589919090271,0.002824748121201992,0.0003823374398052692,8.955022203736008e-05,0.0027892449870705605,143389.6407313568,0.037834931164979935,268161.875,539037.3125
3010000,1,0.004210000000000002,0.004452506701151493,0.8023027181625366,0.002794199623167515,0.00036424368154257535,7.783113978803158e-05,0.002802319824695587,143389.6435206011,0.037781279534101486,267254.40625,540056.8125
3012000,1,0.004210000000000002,0.004452506701151493,0.8038135170936584,0.0027692534029483793,0.0003448300994932651,6.705226260237395e-05,0.0028076916933059692,143389.64632292,0.03778139501810074,266449.5625,540939.6875
3014000,1,0.004210000000000002,0.0044526656468709125,0.8051779270172119,0.0027486566454172135,0.0003364972537383437,6.0018169460818174e-05,0.0028111524879932404,143389.64913060982,0.037781212478876114,265720.0,541723.875
3016000,1,0.004210000000000002,0.004452705383300781,0.8064455986022949,0.002733004093170166,0.00033418773673474786,5.558601696975529e-05,0.0028131920844316483,143389.65194176254,0.03776472434401512,265039.375,542438.875
3018000,1,0.004210000000000002,0.004452784856160463,0.8076791763305664,0.002722090110182762,0.0003319949842989445,5.5225315736606714e-05,0.0028140281792730093,143389.6547549551,0.03776492178440094,264373.34375,543112.8125
3020000,1,0.004210000000000002,0.004452864329020145,0.8089724779129028,0.0027182629331946374,0.0003392387414351105,5.94753073528409e-05,0.0028118134941905737,143389.65756898187,0.037781257182359695,263669.9375,543789.0625
3022000,1,0.004210000000000002,0.004452824592590332,0.8103768229484558,0.002709241211414337,0.0003407606855034828,6.469184882007539e-05,0.0028043901547789574,143389.66038079653,0.03778130188584328,262904.3125,544503.8125
3024000,1,0.004210000000000002,0.0044527451197305945,0.8119499683380127,0.0027238694950938226,0.00035695151891559365,7.522196392528713e-05,0.002791733480989933,143389.66318518668,0.03782312944531441,262045.6875,545286.625
3026000,1,0.004210000000000002,0.0044527451197305945,0.8138704895973206,0.002768355049192905,0.0004074668977409601,9.86443948931992e-05,0.002772021573036909,143389.66597692156,0.03785865381360054,260989.03125,546190.1875
3028000,1,0.004210000000000002,0.004452705383300781,0.8163156509399414,0.0027768410742282862,0.00045507373288273807,0.00012481374433264135,0.0027410266920924187,143389.66874894314,0.03788387030363083,259642.53125,547323.75
3030000,1,0.003860000000000002,0.004102528095245361,0.8207102417945862,0.002894771844148636,0.000579769816249609,0.00020178998820483682,0.0026711267419159412,143389.6714899696,0.03793921694159508,256986.5625,549083.25
3032000,1,0.003860000000000002,0.004102667172749819,0.8255354166030884,0.0030407959595322607,0.0006928537506610154,0.00024985449854284523,0.0026015678886324167,143389.6741610961,0.03795652091503143,254334.9375,551327.6875
3034000,1,0.003860000000000002,0.004102826118469238,0.8303987383842468,0.0030290760099887844,0.0006084812805056571,0.0002142927376553416,0.0025429094675928354,143389.67676266446,0.037939224392175674,251718.109375,553919.375
3036000,1,0.003860000000000002,0.004103302955627441,0.8344455361366272,0.003083022870123386,0.0005461348220705985,0.00019153348403051497,0.0025173763278871775,143389.6793055751,0.03792267665266991,249558.15625,556264.125
3038000,1,0.003860000000000002,0.004103740056355776,0.8378419876098633,0.0031541135162115094,0.0004772699438035488,0.00015420189592987298,0.002509355079382658,143389.68182295212,0.037922680377960205,247754.78125,558314.625
3040000,1,0.003860000000000002,0.004104296366373661,0.8404598236083984,0.0031690046191215518,0.000424285838380456,0.00011969649931415917,0.002519778208807111,143389.68433230696,0.03782004490494728,246372.3125,559976.75
3042000,1,0.003860000000000002,0.004104574521382631,0.8425740599632263,0.003161079809069633,0.00040170005522668364,9.934233967214822e-05,0.0025364996399730444,143389.68685208564,0.037820253521203995,245249.640625,561296.75
3044000,1,0.003860000000000002,0.004104693730672182,0.8443853855133057,0.0031352277845144274,0.00038388287648558614,8.509884355589747e-05,0.002550895791500807,143389.68938858504,0.03775186091661453,244284.46875,562392.0
3046000,1,0.003860000000000002,0.0041048526763916016,0.8459849953651428,0.003124864585697651,0.00036462522111833093,7.377061992883683e-05,0.0025618167128413916,143389.69193947967,0.037735264748334885,243429.765625,563336.375
3048000,1,0.003860000000000002,0.004104932149251284,0.8474469184875488,0.003136083483695984,0.00035716623533517123,6.717898068018257e-05,0.0025694563519209623,143389.69450129662,0.037735287100076675,242645.6875,564175.75
3050000,1,0.003860000000000002,0.004104971885681152,0.84892737865448,0.003149637579917908,0.0003687187796458602,6.900805165059865e-05,0.0025727972388267517,143389.6970707532,0.0377352312207222,241844.65625,564962.4375
3052000,1,0.003860000000000002,0.004104892412821415,0.8504335284233093,0.0031295116990804673,0.0003662461647763848,6.856237887404859e-05,0.002571559976786375,143389.6996435488,0.03773532435297966,241031.8125,565763.6875
3054000,1,0.003860000000000002,0.0041048526763916016,0.8519235253334045,0.0031116344034671783,0.0003635243279859424,6.795401568524539e-05,0.002568107098340988,143389.70221510832,0.03773518651723862,240227.328125,566561.5625
3056000,1,0.003860000000000002,0.004104812939961733,0.8534216284751892,0.0030975222587585447,0.0003646220779046416,6.877261912450195e-05,0.002563643269240856,143389.70478321658,0.03773513063788414,239416.921875,567358.125
3058000,1,0.003860000000000002,0.0041048526763916016,0.8548979759216309,0.003096028603613376,0.00035840547643601895,6.6965795122087e-05,0.002559068612754345,143389.7073468601,0.037735212594270706,238618.515625,568157.625
3060000,1,0.003860000000000002,0.004104971885681152,0.8563050031661987,0.003126303479075432,0.0003510583657771349,6.338973180390893e-05,0.002555710496380925,143389.70990592916,0.03773532807826996,237858.390625,568937.75
3062000,1,0.003860000000000002,0.004105170567830385,0.8576618432998657,0.0031748119741678237,0.0003506084438413381,6.231634761206805e-05,0.00255468487739563,143389.71246163943,0.037735212594270706,237123.515625,569684.5625
3064000,1,0.003860000000000002,0.004105210304260254,0.8590958118438721,0.0032211456447839735,0.0003614077111706137,6.822848808951676e-05,0.0025532208383083344,143389.71501632384,0.037735242396593094,236342.828125,570427.5625
3066000,1,0.003860000000000002,0.004105210304260254,0.8607630133628845,0.0032039951533079144,0.0003819951089099049,7.977150380611418e-05,0.0025461306795477867,143389.71756954514,0.03773530200123787,235432.6875,571237.0625
3068000,1,0.003860000000000002,0.004105329513549805,0.8625161051750183,0.003228150680661201,0.0003876905189827084,8.375164470635355e-05,0.0025365634355694056,143389.7201156756,0.03776979073882103,234480.5,572135.75
3070000,1,0.003860000000000002,0.0041054487228393555,0.8642840385437012,0.0032702393829822543,0.0003890284104272723,8.609528886154294e-05,0.0025274085346609354,143389.72265223903,0.03777002543210983,233521.3125,573066.125
3072000,1,0.003860000000000002,0.004105766614278139,0.8660295009613037,0.0032862409949302672,0.00038014557212591167,8.132093935273587e-05,0.002519447822123766,143389.72517964803,0.03775171935558319,232575.0625,574012.625
3074000,1,0.003860000000000002,0.004106640815734863,0.8675570487976074,0.0033250603824853896,0.00035636357497423885,7.001091144047678e-05,0.002517686691135168,143389.72769909538,0.03773517161607742,231750.6875,574905.8125
3076000,1,0.003860000000000002,0.004106958707173647,0.8689495921134949,0.003353795036673546,0.0003468420822173357,6.315144710242747e-05,0.002519825706258416,143389.73021678347,0.037735164165496826,230998.734375,575710.3125
3078000,1,0.003860000000000002,0.004107316335042299,0.8702614903450012,0.003373124450445175,0.0003473532386124134,5.9078575577586887e-05,0.0025234275963157415,143389.7327366094,0.03773518279194832,230288.21875,576453.875
3080000,1,0.003860000000000002,0.0041075944900512695,0.871476411819458,0.003387654200196266,0.00034320522099733346,5.448062438517809e-05,0.0025268737226724625,143389.7352600377,0.037735335528850555,229627.703125,577150.125
3082000,1,0.003860000000000002,0.004107912381490053,0.872623085975647,0.0033944208174943925,0.0003326765727251768,5.12730039190501e-05,0.0025291494093835354,143389.73778691073,0.037735190242528915,229002.4375,577803.375
3084000,1,0.003860000000000002,0.004108111063639286,0.8737245202064514,0.0033968180418014523,0.00032910278532654046,4.893926670774817e-05,0.002531979465857148,143389.7403160606,0.03773511201143265,228401.625,578424.5
3086000,1,0.003860000000000002,0.004108230272928837,0.8747846484184265,0.003386043757200241,0.0003270037705078721,4.688114568125457e-05,0.0025346323382109404,143389.742848041,0.03773529827594757,227823.734375,579018.1875
3088000,1,0.003860000000000002,0.0041082700093587055,0.8758009672164917,0.0033787094056606294,0.00032712675165385007,4.5951700303703544e-05,0.002535685431212187,143389.74538267264,0.037735361605882645,227271.0625,579589.5
3090000,1,0.003860000000000002,0.0041083494822183875,0.8767673373222351,0.0033769872039556502,0.000330330478027463,4.5408340520225464e-05,0.0025344914756715298,143389.747918359,0.037735048681497574,226746.375,580132.6875
3092000,1,0.003860000000000002,0.0041083494822183875,0.8776905536651611,0.003387048467993736,0.0003414336359128356,4.299900610931217e-05,0.002532131737098098,143389.75045285025,0.0376768596470356,226246.03125,580652.0
3094000,1,0.003860000000000002,0.004108548164367676,0.878573477268219,0.003407352417707443,0.0003435976803302765,4.040532221551985e-05,0.0025311242789030075,143389.75298498222,0.037676893174648285,225767.359375,581145.0625
3096000,1,0.003860000000000002,0.004108587900797489,0.8794552087783813,0.0034574411809444425,0.00034971991553902623,4.161236574873328e-05,0.0025303689762949944,143389.75551610417,0.037676990032196045,225288.296875,581621.4375
3098000,1,0.003860000000000002,0.004108508427937807,0.8806818723678589,0.0034066975116729733,0.0003670697566121817,4.98811830766499e-05,0.002519078552722931,143389.75804647314,0.03767701983451843,224611.65625,582157.6875
3100000,1,0.003860000000000002,0.004108468691507938,0.8818289041519165,0.003400159254670143,0.00034864263143390416,5.2599783521145584e-05,0.002508868696168065,143389.76056555193,0.0377352200448513,223997.15625,582769.0
3102000,1,0.003860000000000002,0.004108468691507938,0.8829602003097534,0.0033966049551963804,0.00033818790689110756,5.1286135567352174e-05,0.0025003838818520308,143389.76307442156,0.03773520886898041,223389.125,583377.8125
3104000,1,0.003860000000000002,0.004108468691507938,0.8840503096580505,0.0033800370991230013,0.00033061360009014603,4.964268300682306e-05,0.002494529355317354,143389.76557480474,0.03773508220911026,222802.796875,583973.5625
3106000,1,0.003860000000000002,0.004108508427937807,0.8850957751274109,0.0033746905624866485,0.00032628907356411216,4.829953832086176e-05,0.0024916918482631445,143389.76806933642,0.03773530200123787,222239.3125,584549.75
3108000,1,0.003860000000000002,0.004108508427937807,0.8861026763916016,0.003359246999025345,0.00033223240170627833,4.759969015140086e-05,0.0024918795097619295,143389.77056102874,0.037735097110271454,221696.3125,585106.25
3110000,1,0.003510000000000002,0.003758748372395815,0.8882008194923401,0.003343064710497856,0.00035430663265287874,7.38281523808837e-05,0.002471029758453369,143389.7730529087,0.03768452629446983,220340.46875,585926.625
3112000,1,0.003510000000000002,0.0037589073181152344,0.8897238373756409,0.0033423893153667447,0.000363283883780241,7.19893374480307e-05,0.0024633645080029964,143389.7755239387,0.037684716284275055,219514.53125,586769.3125
3114000,1,0.003510000000000002,0.0037589669227600098,0.8912456631660461,0.003397241234779358,0.000375910522416234,7.17763730790466e-05,0.002458417322486639,143389.77798730228,0.03764296695590019,218688.671875,587588.1875
3116000,1,0.003510000000000002,0.0037590861320495605,0.8928293585777283,0.0035216819494962694,0.0003899067174643278,7.378748268820346e-05,0.0024529534857720137,143389.78044571867,0.0376555435359478,217829.578125,588412.4375
3118000,1,0.003510000000000002,0.0037590463956197473,0.8945133090019226,0.003433951735496521,0.0004029530566185712,8.100807899609208e-05,0.0024454223457723856,143389.78289867216,0.0376846045255661,216916.671875,589263.6875
3120000,1,0.003510000000000002,0.0037590066591898785,0.8963678479194641,0.0033929921686649323,0.0004027430899441242,8.845116826705635e-05,0.0024336588103324175,143389.7853440952,0.037684641778469086,215912.953125,590184.125
3122000,1,0.003510000000000002,0.0037590861320495605,0.8985633850097656,0.004142313823103904,0.000544375367462635,0.00012829905608668923,0.002417727140709758,143389.7877777533,0.03768472746014595,214719.078125,591199.3125
3124000,1,0.003510000000000002,0.0037583510080973492,0.9017742872238159,0.0034854069352149965,0.000563364988192916,0.0001437236787751317,0.0023797028698027134,143389.79019548092,0.03778421878814697,212973.4375,592555.625
3126000,1,0.003510000000000002,0.0037581920623779297,0.9050149917602539,0.003530255705118179,0.0005683072376996279,0.00015772918704897164,0.0023515229113399982,143389.7925751838,0.03778421878814697,211233.578125,594114.75
3128000,1,0.003510000000000002,0.003757993380228697,0.9085631370544434,0.0035874754190444945,0.000578482775017619,0.0001739739323966205,0.0023266924545168877,143389.7949267074,0.037807896733284,209324.4375,595829.4375
3130000,1,0.003510000000000002,0.0037576357523600445,0.9126096963882446,0.00375090055167675,0.0006456509698182344,0.00020178700797259807,0.002300248946994543,143389.7972534008,0.037835463881492615,207140.734375,597728.0625
3132000,1,0.003510000000000002,0.003757218519846617,0.9168747067451477,0.00386444516479969,0.0006340832449495792,0.00020434113685041666,0.002274332335218787,143389.79955364997,0.03786544129252434,204851.546875,599847.875
3134000,1,0.003510000000000002,0.0037568608919779645,0.9210163950920105,0.003888830542564392,0.0006028877571225166,0.00020424388349056242,0.0022589336149394512,143389.8018279816,0.03785987198352814,202633.3125,602028.6875
3136000,1,0.003510000000000002,0.003756225109100342,0.925926685333252,0.0039903149008750916,0.000671641994267702,0.0002215587068349123,0.002236032159999013,143389.80408691382,0.037900492548942566,199979.84375,604331.0
3138000,1,0.003510000000000002,0.003756026426951109,0.9299160838127136,0.0039267193526029585,0.0005622089840471745,0.0002010315889492631,0.0022305736783891916,143389.80632294575,0.03786017373204231,197859.71875,606685.875
3140000,1,0.003510000000000002,0.0037560860315958844,0.9335890412330627,0.0038285057991743086,0.0004987298510968685,0.00018082270398735997,0.0022335685789585114,143389.80855351896,0.03784256428480148,195896.21875,608825.125
3142000,1,0.003510000000000002,0.0037562449773152484,0.9374249577522278,0.0038749340921640394,0.0005124237388372421,0.00018878318369388577,0.002233581617474556,143389.81078708614,0.03786536678671837,193827.4375,610834.1875
3144000,1,0.003510000000000002,0.0037566423416137695,0.9413954615592957,0.0039383664727211,0.0005515797995030879,0.00020866615232080222,0.002227600896731019,143389.81302066753,0.03785990923643112,191687.484375,612851.6875
3146000,1,0.003510000000000002,0.0037565628687540875,0.9465072154998779,0.004327917098999023,0.0007099153473973274,0.0002516402862966061,0.002201017690822482,143389.81524826842,0.037900410592556,188918.578125,615087.4375
3148000,1,0.003510000000000002,0.003756960233052553,0.9508696794509888,0.00428345575928688,0.0005851488094776869,0.00020573339425027372,0.002177204703912139,143389.81744928565,0.03790584206581116,186559.0625,617592.5625
3150000,1,0.003510000000000002,0.0037577152252197266,0.9542034864425659,0.004230612143874169,0.0004702015314251185,0.0001664774492383003,0.002176911337301135,143389.8196264899,0.03786563500761986,184759.765625,619818.3125
3152000,1,0.003510000000000002,0.003758668899536133,0.9568163752555847,0.004255066066980361,0.00039081852883100505,0.0001359907444566488,0.002189073245972395,143389.82180340146,0.037835586816072464,183335.03125,621654.4375
3154000,1,0.003510000000000002,0.0037596821784973145,0.959621250629425,0.004452030360698699,0.00041976599022746085,0.00015045757172629237,0.002199360867962241,143389.82399247424,0.03783547878265381,181811.359375,623217.5
3156000,1,0.003510000000000002,0.0037583510080973492,0.9638242721557617,0.004595698043704033,0.0004113470669835806,0.00014574480010196567,0.0021731758024543524,143389.82619183394,0.03790579363703728,179562.765625,625116.25
3158000,1,0.003510000000000002,0.00375974178314209,0.9661318063735962,0.004624540358781814,0.00035294773988425726,0.00012208394473418592,0.0021790897008031607,143389.8283650095,0.03783544898033142,178294.890625,626834.3125
3160000,1,0.003510000000000002,0.0037612716356913434,0.9681001305580139,0.00472959242761135,0.00032102554105222224,9.803050197660923e-05,0.002190428087487817,143389.83054409944,0.0377841554582119,177208.96875,628182.875
3162000,1,0.003510000000000002,0.0037620067596435547,0.9696448445320129,0.004792723432183265,0.0002950041554868221,7.787091308273374e-05,0.0022061606869101524,143389.83273452823,0.037784334272146225,176346.953125,629269.6875
3164000,1,0.003510000000000002,0.0037626028060913086,0.9708557724952698,0.004844007641077041,0.00026130173355340955,5.942141287960112e-05,0.0022248264867812395,143389.83494068892,0.03768472000956535,175664.78125,630139.25
3166000,1,0.003510000000000002,0.003763000170389774,0.9718088507652283,0.0048853885382413855,0.00025733201764523985,4.852787533309311e-05,0.002244633622467518,143389.83716551564,0.03764297813177109,175123.046875,630833.1875
3168000,1,0.003510000000000002,0.0037633180618286133,0.9725601673126221,0.004918012022972107,0.00022894525900483132,3.579784533940256e-05,0.0022645907010883093,143389.8394101481,0.03762536868453026,174692.5,631387.0625
3170000,1,0.003510000000000002,0.0037634770075479773,0.9731550812721252,0.004942272230982781,0.00024567085783928634,3.164590743836016e-05,0.002284402260556817,143389.8416747395,0.03762573376297951,174349.984375,631828.4375
3172000,1,0.003510000000000002,0.0037641127904256,0.9736266732215881,0.004960916563868522,0.00021493476815521715,2.1052098600193857e-05,0.0023037949576973915,143389.8439591427,0.03762584179639816,174078.0625,632181.25
3174000,1,0.003510000000000002,0.0037643512090047015,0.9740030169487,0.0049797635525465015,0.0002013419289141893,1.397045562043786e-05,0.0023227031342685223,143389.8462629374,0.03762586787343025,173860.609375,632463.1875
3176000,1,0.003510000000000002,0.0037644306818643836,0.9743061065673828,0.004985520243644714,0.00020714120473712682,1.5072377573233096e-05,0.002341003157198429,143389.8485856424,0.037625838071107864,173685.3125,632689.875
3178000,1,0.003510000000000002,0.003764669100443485,0.9745528101921082,0.004996825009584427,0.00022549093700945376,1.4664385525975375e-05,0.002358288737013936,143389.85092664557,0.037573084235191345,173542.453125,632872.0
3180000,1,0.003510000000000002,0.003764788309733036,0.974758505821228,0.005004036799073219,0.00022855626884847878,8.865229028742759e-06,0.002374313771724701,143389.853284935,0.0376008078455925,173423.921875,633020.5
3182000,1,0.003510000000000002,0.003764788309733036,0.9749573469161987,0.0050187896937131885,0.00021910150535404683,9.535998833598569e-06,0.002388713415712118,143389.85565924947,0.03752899914979935,173311.84375,633147.5
3184000,1,0.0031600000000000018,0.003415505091349247,0.9761722683906555,0.00509556233882904,0.00025497381575405597,4.017847531940788e-05,0.002382044680416584,143389.8580479629,0.03755240514874458,172452.6875,633504.875
3186000,1,0.0031600000000000018,0.00341598192850745,0.9771937727928162,0.005175651237368584,0.0002732171677052975,5.25704410392791e-05,0.002379168989136815,143389.86043000733,0.037728678435087204,171913.328125,633950.0
3188000,1,0.0031600000000000018,0.003415048122406006,0.9792061448097229,0.005445188656449318,0.0004209197591990232,0.00010545105906203389,0.002364321844652295,143389.8628091768,0.03781789913773537,170853.984375,634600.5625
3190000,1,0.0031600000000000018,0.003410538037617983,0.9803985953330994,0.005312946811318398,0.0002743184333667159,6.498686270788312e-05,0.002345048123970628,143389.8651734998,0.03769894689321518,170002.4375,635518.6875
3192000,1,0.0031600000000000018,0.003409743309020996,0.9811741709709167,0.005345255136489868,0.00025366628542542455,4.909095587208867e-05,0.0023439533542841673,143389.867518547,0.037639468908309937,169495.921875,636210.5625
3194000,1,0.0031600000000000018,0.0034097035725911273,0.9817813038825989,0.005376544594764708,0.0002246204065158963,3.6043362342752516e-05,0.002355130622163415,143389.86986250174,0.03760760277509689,169118.578125,636723.625
3196000,1,0.0031600000000000018,0.003409862518310547,0.9822426438331604,0.005409278348088264,0.00024303700774908066,3.121430345345288e-05,0.0023728099185973406,143389.87221763167,0.03755238279700279,168830.875,637111.875
3198000,1,0.0031600000000000018,0.003409862518310547,0.9825951457023621,0.005423909425735473,0.00021392698399722577,2.2827911016065625e-05,0.0023927295114845037,143389.87459044065,0.037728630006313324,168608.765625,637408.375
3200000,1,0.0031600000000000018,0.003409822781880678,0.982865035533905,0.005446068570017814,0.00019983169622719287,1.565854327054694e-05,0.0024126945063471794,143389.8769831697,0.03772859647870064,168437.78125,637638.0625
3202000,1,0.0031600000000000018,0.0034097035725911273,0.9830712676048279,0.005454626306891442,0.00020052888430655003,1.597144437255338e-05,0.00243173586204648,143389.8793958649,0.03772851079702377,168306.359375,637814.1875
3204000,1,0.0031600000000000018,0.0034096240997314453,0.983233630657196,0.005463442578911781,0.00021361459512263535,1.8189333786722273e-05,0.0024494777899235487,143389.88182760053,0.037715960294008255,168202.671875,637951.6875
3206000,1,0.0031600000000000018,0.0034095843633015765,0.9833529591560364,0.005469721555709839,0.00022795568220317363,1.339597802143544e-05,0.002465781755745411,143389.8842770788,0.03773822262883186,168125.609375,638054.5625
3208000,1,0.0031600000000000018,0.0034095048904418945,0.9834468364715576,0.00547737404704094,0.00022886437363922596,1.041514697135426e-05,0.002480757888406515,143389.88674286008,0.03773823380470276,168064.8125,638134.8125
3210000,1,0.0031600000000000018,0.0034095048904418945,0.983525276184082,0.005483670532703399,0.0002212263876572251,9.528108785161749e-06,0.0024944976903498173,143389.88922361773,0.037713054567575455,168014.484375,638203.3125
3212000,1,0.0028100000000000017,0.0030593474706013812,0.9843375086784363,0.0055291056632995605,0.00023368725087493658,3.110948600806296e-05,0.0024892115034163,143389.8917181152,0.037837713956832886,167319.578125,638462.4375
3214000,1,0.0028100000000000017,0.003059585889180483,0.9846102595329285,0.00554671511054039,0.0002105116145685315,2.1469395142048595e-05,0.0024943433236330748,143389.89420732623,0.03778228908777237,167140.046875,638701.75
3216000,1,0.0028100000000000017,0.003059466679890932,0.9848185777664185,0.005560246482491493,0.00020135934464633466,1.72259213286452e-05,0.002502287505194545,143389.8967016691,0.03775496035814285,167002.734375,638886.3125
3218000,1,0.0028100000000000017,0.0030593474706013812,0.9849770069122314,0.005574747547507286,0.00020280769094824791,1.7241467139683665e-05,0.002511099213734269,143389.89920395636,0.03777049481868744,166898.09375,639025.0625
3220000,1,0.0028100000000000017,0.00305938720703125,0.9851008057594299,0.005584444105625152,0.0002119174925610423,1.915064640343189e-05,0.0025201423559337854,143389.9017150551,0.037887051701545715,166816.046875,639134.875
3222000,1,0.0028100000000000017,0.0030593077341715125,0.9851954579353333,0.005585477873682975,0.00022373364772647618,1.767599023878574e-05,0.002528893295675516,143389.90423519677,0.03782761096954346,166753.40625,639218.3125
3224000,1,0.0028100000000000017,0.0030593077341715125,0.9852606058120728,0.0055890072137117375,0.00022982086520642042,1.4949981414247305e-05,0.0025372314266860485,143389.90676409053,0.03819764405488968,166709.21875,639277.6875
3226000,1,0.0028100000000000017,0.0030593077341715125,0.9853194952011108,0.005593000352382659,0.00023126185405999422,1.3190209574531764e-05,0.0025453681591898203,143389.90930132195,0.03818286582827568,166670.4375,639326.9375
3228000,1,0.0028100000000000017,0.0030593474706013812,0.9853531718254089,0.005591600015759468,0.00023167233448475601,1.2712570605799555e-05,0.002553067170083523,143389.91184669058,0.03807593509554863,166647.921875,639354.0
3230000,1,0.0028100000000000017,0.0030594269434610633,0.9853851795196533,0.005591955035924911,0.00023147822357714174,1.2489201617427169e-05,0.0025601063389331102,143389.91439975682,0.03807573765516281,166626.6875,639376.4375
3232000,1,0.0028100000000000017,0.003059466679890932,0.9854120016098022,0.005594061687588692,0.00023155566304922104,1.2268085265532135e-05,0.0025667892768979073,143389.91695986502,0.0380757674574852,166609.15625,639397.9375
3234000,1,0.0028100000000000017,0.003059546152750614,0.9854468107223511,0.005593113973736763,0.00022782604210078717,1.1956098751397803e-05,0.0025734088849276304,143389.91952665313,0.038075774908065796,166586.8125,639428.25
3236000,1,0.0028100000000000017,0.0030595064163208008,0.9854817986488342,0.005593341961503029,0.00022469309624284503,1.1634076508926226e-05,0.002579925348982215,143389.92210006085,0.03807587921619415,166563.84375,639458.9375
3238000,1,0.0028100000000000017,0.003059585889180483,0.9855055809020996,0.005596424266695976,0.00022312593646347522,1.1246321810176594e-05,0.0025861167814582586,143389.92467998643,0.03837161511182785,166547.9375,639478.375
3240000,1,0.0028100000000000017,0.003059585889180483,0.9855166077613831,0.00559735894203186,0.00022256558295339346,1.1010673188138752e-05,0.002591976197436452,143389.92726610182,0.03840159252285957,166540.453125,639487.5
3242000,1,0.0028100000000000017,0.003059585889180483,0.9855220913887024,0.005597000941634178,0.00022230292670428754,1.0960410145344213e-05,0.0025974682066589594,143389.92985807825,0.03840149566531181,166536.828125,639492.0
3244000,1,0.0028100000000000017,0.003059585889180483,0.9855260252952576,0.005597763136029243,0.00022210897877812384,1.0945014219032601e-05,0.0026026281993836164,143389.9324555467,0.03840157389640808,166534.171875,639495.125
3246000,1,0.0028100000000000017,0.0030596256256103516,0.9855287075042725,0.005597531422972679,0.00022199368104338645,1.0941727668978273e-05,0.0026075285859405994,143389.93505817535,0.03840172290802002,166532.4375,639497.125
3248000,1,0.0028100000000000017,0.003059585889180483,0.9855306148529053,0.005597628653049469,0.00022188771981745958,1.095834668376483e-05,0.002612230833619833,143389.93766570487,0.03840169310569763,166531.390625,639498.625
3250000,1,0.0028100000000000017,0.003059585889180483,0.985531747341156,0.005597711727023124,0.0002218081848695874,1.097334097721614e-05,0.0026167358737438917,143389.94027793477,0.038401614874601364,166530.53125,639499.75
3252000,1,0.0028100000000000017,0.003059585889180483,0.9855324625968933,0.005597554892301559,0.00022173752076923848,1.0997111530741675e-05,0.0026210173964500427,143389.94289467088,0.03840166702866554,166529.828125,639500.5625
3254000,1,0.0028100000000000017,0.0030596256256103516,0.9855332970619202,0.005597514286637306,0.00022166445851325988,1.1015099880751223e-05,0.0026250588707625866,143389.94551568897,0.03840158134698868,166529.296875,639501.1875
3256000,1,0.0028100000000000017,0.003059585889180483,0.9855336546897888,0.005597569793462753,0.00022160925436764953,1.1039066157536579e-05,0.0026288535445928574,143389.94814074668,0.038401611149311066,166529.0,639501.625
3258000,1,0.0028100000000000017,0.003059585889180483,0.9855340719223022,0.005597406253218651,0.00022154652979224917,1.1070170148741455e-05,0.002632406773045659,143389.95076960023,0.03840164095163345,166528.796875,639501.8125
3260000,1,0.0028100000000000017,0.003059585889180483,0.9855340719223022,0.005597319826483726,0.0002214940497651696,1.1101094423793255e-05,0.0026357248425483704,143389.953402007,0.03840159252285957,166528.671875,639502.0
3262000,1,0.0028100000000000017,0.003059585889180483,0.9855341911315918,0.005597361177206038,0.000221445644274354,1.1139733396703378e-05,0.002638820093125105,143389.95603773114,0.03840154409408569,166528.59375,639502.0
3264000,1,0.0028100000000000017,0.0030596256256103516,0.9855343103408813,0.005597414076328277,0.0002214005682617426,1.1182515299879014e-05,0.0026417048647999763,143389.95867655124,0.03840157389640808,166528.5625,639502.25
3266000,1,0.0028100000000000017,0.003059585889180483,0.9855343103408813,0.005597338080406188,0.00022133807651698588,1.1225086927879601e-05,0.002644391031935811,143389.96131825587,0.03840162977576256,166528.5625,639502.25
3268000,1,0.0028100000000000017,0.003059585889180483,0.9855343103408813,0.005597349628806114,0.00022129074204713106,1.1263984197285024e-05,0.0026468925643712282,143389.9639626469,0.03840155154466629,166528.5625,639502.125
3270000,1,0.0028100000000000017,0.003059585889180483,0.9855343103408813,0.005597342178225518,0.00022122794762253762,1.1308397370157762e-05,0.002649223431944847,143389.96660954016,0.03840154781937599,166528.546875,639502.125
3272000,1,0.0028100000000000017,0.003059585889180483,0.9855343103408813,0.005597291514277457,0.00022116592153906823,1.135044585680589e-05,0.002651397604495287,143389.96925876313,0.03840159997344017,166528.53125,639502.25
3274000,1,0.0028100000000000017,0.0030596256256103516,0.9855343103408813,0.005597328022122383,0.00022110319696366787,1.1394715693313627e-05,0.0026534253265708685,143389.97191016143,0.03840159624814987,166528.53125,639502.25
3276000,1,0.0028100000000000017,0.003059585889180483,0.9855343103408813,0.005597385391592979,0.00022105996031314133,1.1439371155574916e-05,0.0026553189381957054,143389.9745635856,0.03840158134698868,166528.5,639502.25
3278000,1,0.0028100000000000017,0.003059546152750614,0.9855344295501709,0.005597372725605965,0.00022098761983215808,1.1492296471260488e-05,0.0026570893824100494,143389.97721890546,0.038401614874601364,166528.484375,639502.25
3280000,1,0.0028100000000000017,0.003059585889180483,0.9855343103408813,0.005597385764122009,0.00022090363781899212,1.1545539018698035e-05,0.002658745739609003,143389.9798759953,0.038401633501052856,166528.484375,639502.375
3282000,1,0.0028100000000000017,0.003059585889180483,0.9855343103408813,0.0055972725152969366,0.00022082235664129256,1.1595017713261767e-05,0.0026602945290505886,143389.98253474035,0.038401562720537186,166528.46875,639502.375
3284000,1,0.0028100000000000017,0.003059585889180483,0.9855344295501709,0.0055972509086132044,0.00022073970176279543,1.164451168733649e-05,0.0026617434341460466,143389.98519503511,0.03840167820453644,166528.4375,639502.375
3286000,1,0.0028100000000000017,0.0030596256256103516,0.9855343103408813,0.005597226694226264,0.00022064705844968558,1.170150499092415e-05,0.002663098741322756,143389.98785677785,0.038401566445827484,166528.453125,639502.375
3288000,1,0.0028100000000000017,0.003059585889180483,0.9855344295501709,0.00559726133942604,0.00022053930442780256,1.1760051711462438e-05,0.002664367202669382,143389.99051987706,0.03840148448944092,166528.421875,639502.375
3290000,1,0.0028100000000000017,0.003059585889180483,0.9855344295501709,0.0055973120033741,0.00022041636984795331,1.1820677900686859e-05,0.002665554406121373,143389.99318424473,0.038401562720537186,166528.40625,639502.5
3292000,1,0.0024600000000000017,0.0027093887329101562,0.9862649440765381,0.005629462376236916,0.00023672706447541714,3.382656432222575e-05,0.0026476967614144087,143389.9958497989,0.03847002983093262,165869.171875,639715.5625
3294000,1,0.0024600000000000017,0.0027094284693399695,0.9864874482154846,0.005642635002732277,0.00021519658621400593,2.6154174702242016e-05,0.002641830127686262,143389.99849749636,0.038496408611536026,165716.515625,639918.0
3296000,1,0.0024600000000000017,0.0027093887329101562,0.9866543412208557,0.00564918927848339,0.00020678278524428604,2.0477619545999915e-05,0.002639779821038246,143390.0011393265,0.03840949758887291,165601.984375,640069.5
3298000,1,0.0024600000000000017,0.0027093092600504187,0.9867810606956482,0.005660388991236686,0.00020344341173768042,1.868383405962959e-05,0.0026398657355457544,143390.00377910677,0.03837994858622551,165514.1875,640186.75
3300000,1,0.0024600000000000017,0.0027092297871907367,0.9868780374526978,0.005662545561790466,0.00020319935865700244,1.837878080550581e-05,0.0026407926343381405,143390.00641897344,0.03783484175801277,165447.125,640275.125
3302000,1,0.0024600000000000017,0.0027092297871907367,0.9869514107704163,0.005663173273205756,0.00020519513636827467,1.8877295951824634e-05,0.0026419651694595814,143390.00905976584,0.03818226233124733,165396.46875,640340.9375
3304000,1,0.0024600000000000017,0.0027092297871907367,0.9870063662528992,0.0056654479354619975,0.00021240932401269674,1.94583015399985e-05,0.0026431214064359665,143390.01170173078,0.03821408003568649,165358.921875,640391.625
3306000,1,0.0024600000000000017,0.002709190050760868,0.9870436787605286,0.005665071681141854,0.0002144420985132456,1.9536062609404322e-05,0.002644074847921729,143390.01434485218,0.038214053958654404,165332.515625,640427.0
3308000,1,0.0024600000000000017,0.002709190050760868,0.9870754480361938,0.0056677658110857,0.00021878655534237623,2.0080382819287478e-05,0.0026447982527315617,143390.01698892633,0.038214121013879776,165310.515625,640457.5625
3310000,1,0.0024600000000000017,0.0027092297871907367,0.9871063828468323,0.0056662604212760915,0.00022140706423670053,1.961783564183861e-05,0.0026455388870090246,143390.01963372412,0.03821409493684769,165289.171875,640485.625
3312000,1,0.0024600000000000017,0.002709190050760868,0.9871237277984619,0.005667506158351898,0.00022291517816483972,1.9522043294273315e-05,0.0026461496017873287,143390.0222792644,0.03821408376097679,165277.078125,640501.0625
3314000,1,0.0024600000000000017,0.002709190050760868,0.987132728099823,0.0056669946759939195,0.00022336018737405537,1.9373379473108798e-05,0.0026465551927685738,143390.02492541494,0.03815101832151413,165270.96875,640508.5625
3316000,1,0.0024600000000000017,0.002709190050760868,0.9871362447738647,0.005667511373758316,0.00022350705694407225,1.926802797242999e-05,0.002646766137331724,143390.02757197106,0.038150958716869354,165268.296875,640511.9375
3318000,1,0.0024600000000000017,0.002709190050760868,0.987138569355011,0.005667871236801148,0.00022363967727869746,1.92092964425683e-05,0.002646874636411667,143390.0302187379,0.03813391551375389,165266.453125,640514.0625
3320000,1,0.0024600000000000017,0.002709190050760868,0.9871412515640259,0.005667552351951599,0.00022368982899934053,1.9176688510924578e-05,0.0026469333097338676,143390.0328656116,0.03815081715583801,165265.03125,640516.125
3322000,1,0.0024600000000000017,0.002709190050760868,0.9871426224708557,0.005667925253510475,0.00022370943333953618,1.914860476972535e-05,0.002646961249411106,143390.03551254375,0.03815092146396637,165263.8125,640517.5625
3324000,1,0.0024600000000000017,0.0027091503143310547,0.9871439337730408,0.005667614564299583,0.0002237288746982813,1.9121475634165105e-05,0.002646978013217449,143390.03815950546,0.03813817352056503,165262.890625,640518.8125
3326000,1,0.0024600000000000017,0.0027091503143310547,0.9871448278427124,0.0056676756590604786,0.00022375527769327163,1.9089065608568488e-05,0.0026469866279512644,143390.04080648487,0.03815098851919174,165262.125,640519.625
3328000,1,0.0024600000000000017,0.002709190050760868,0.9871457815170288,0.005667541548609733,0.00022373783867806195,1.9070615235250443e-05,0.0026469856966286898,143390.04345347127,0.03815080597996712,165261.515625,640520.4375
3330000,1,0.0024600000000000017,0.0027091503143310547,0.987146258354187,0.005667518824338913,0.0002237181644886732,1.9048225658480076e-05,0.002646976849064231,143390.04610045534,0.038133833557367325,165261.0,640521.1875
3332000,1,0.0024600000000000017,0.002709190050760868,0.9871468544006348,0.005667663738131523,0.00022368908394128083,1.9036042795050888e-05,0.0026469670701771975,143390.04874743265,0.038140080869197845,165260.609375,640521.5625
3334000,1,0.0024600000000000017,0.0027091503143310547,0.9871475100517273,0.0056676480919122686,0.00022366386838257313,1.901861105579883e-05,0.0026469631120562553,143390.05139439926,0.03813392296433449,165260.28125,640522.0625
3336000,1,0.0024600000000000017,0.0027091503143310547,0.9871479868888855,0.005667540431022644,0.00022362549789249896,1.9009457901120186e-05,0.0026469663716852665,143390.05404136353,0.03815067186951637,165260.015625,640522.4375
3338000,1,0.0024600000000000017,0.002709190050760868,0.9871483445167542,0.005667497217655182,0.00022359585855156184,1.900558854686096e-05,0.0026469738222658634,143390.0566883299,0.038150906562805176,165259.796875,640522.875
3340000,1,0.0024600000000000017,0.0027091503143310547,0.9871488213539124,0.005667683482170105,0.00022356880363076927,1.8992667901329696e-05,0.002646981505677104,143390.05933530512,0.03813823312520981,165259.59375,640523.125
3342000,1,0.0024600000000000017,0.0027091503143310547,0.9871490597724915,0.005667797476053237,0.00022354598622769116,1.89814149052836e-05,0.002646990120410919,143390.06198228663,0.038152966648340225,165259.453125,640523.3125
3344000,1,0.0024600000000000017,0.0027091503143310547,0.9871492981910706,0.005667774751782417,0.0002235259162262082,1.8972641555592418e-05,0.002646995708346367,143390.06462927768,0.03814033418893814,165259.28125,640523.4375
3346000,1,0.0024600000000000017,0.0027091503143310547,0.9871494174003601,0.00566771999001503,0.000223495764657855,1.8956280837301164e-05,0.002646997105330229,143390.06727627316,0.03815077617764473,165259.15625,640523.5625
3348000,1,0.0024600000000000017,0.0027091503143310547,0.9871494770050049,0.005667785555124282,0.0002234629588201642,1.8944646581076085e-05,0.002646996406838298,143390.0699232698,0.038150712847709656,165259.078125,640523.75
3350000,1,0.0024600000000000017,0.002709190050760868,0.987149715423584,0.00566781647503376,0.00022342975717037916,1.8939279834739863e-05,0.0026469931472092867,143390.0725702648,0.038138166069984436,165259.015625,640523.8125
3352000,1,0.0024600000000000017,0.0027091503143310547,0.9871499538421631,0.005667746067047118,0.00022339504212141038,1.8925599579233673e-05,0.002646987559273839,143390.07521725819,0.03815082088112831,165258.953125,640523.875
3354000,1,0.0024600000000000017,0.0027091503143310547,0.9871499538421631,0.005667746812105179,0.00022337618283927438,1.8926305347122253e-05,0.0026469831354916096,143390.07786424505,0.03815077617764473,165258.921875,640523.9375
3356000,1,0.0024600000000000017,0.0027091503143310547,0.9871499538421631,0.005667652562260628,0.00022334137465804813,1.891998981591314e-05,0.0026469784788787365,143390.0805112298,0.03815096616744995,165258.859375,640524.0
3358000,1,0.0024600000000000017,0.0027091503143310547,0.9871499538421631,0.005667678266763687,0.00022330761421471832,1.891382271423936e-05,0.0026469738222658634,143390.08315820922,0.0381508469581604,165258.796875,640524.0625
3360000,1,0.0024600000000000017,0.0027091503143310547,0.9871499538421631,0.005667666718363761,0.00022327725309878588,1.8911973165813832e-05,0.0026469703298062086,143390.08580518165,0.03815535828471184,165258.78125,640524.125
3362000,1,0.0024600000000000017,0.002709190050760868,0.9871499538421631,0.005667676404118537,0.00022325322497636078,1.8907367484644054e-05,0.002646966138854623,143390.08845215174,0.03815067186951637,165258.765625,640524.125
3364000,1,0.0024600000000000017,0.002709190050760868,0.9871500730514526,0.005667708441615105,0.00022323401644825934,1.8904476019088178e-05,0.0026469617150723934,143390.0910991165,0.03815082833170891,165258.734375,640524.125
3366000,1,0.0024600000000000017,0.002709190050760868,0.9871500730514526,0.005667664110660553,0.00022320994175970555,1.889982522698119e-05,0.0026469577569514513,143390.09374608053,0.03815089538693428,165258.71875,640524.125
3368000,1,0.0024600000000000017,0.0027091503143310547,0.9871499538421631,0.005667704343795776,0.0002231852617114782,1.890126441139728e-05,0.002646953798830509,143390.0963930383,0.03815070912241936,165258.703125,640524.1875
3370000,1,0.0024600000000000017,0.002709190050760868,0.9871499538421631,0.005667630210518837,0.00022315524984151122,1.8899052520282567e-05,0.0026469493750482798,143390.0990399907,0.03815082833170891,165258.6875,640524.1875
3372000,1,0.0021100000000000016,0.002359112103780092,0.9878503084182739,0.005700321868062019,0.00024234920274466277,4.0602529770694674e-05,0.002628001617267728,143390.10168694053,0.03837529942393303,164603.53125,640732.5625
3374000,1,0.0021100000000000016,0.002359151840209961,0.9880583882331848,0.005711085349321365,0.000240635615773499,3.509045927785337e-05,0.002620859071612358,143390.1043149433,0.038224052637815475,164454.34375,640927.5625
3376000,1,0.0021100000000000016,0.0023590723673502234,0.9882134795188904,0.0057168487459421154,0.00022950344718992708,3.120478068012744e-05,0.002617643913254142,143390.10693580005,0.03816297650337219,164343.703125,641074.25
3378000,1,0.0021100000000000016,0.00235903263092041,0.9883273243904114,0.005716786533594131,0.00022163186222314834,2.8620107332244516e-05,0.0026167090982198715,143390.1095534435,0.03816286474466324,164261.8125,641182.5
3380000,1,0.0021100000000000016,0.0023590723673502234,0.98841392993927,0.005720415711402893,0.0002139359712600708,2.6231745141558346e-05,0.002617571037262678,143390.1121701512,0.038162752985954285,164199.453125,641265.875
3382000,1,0.0021100000000000016,0.0023590723673502234,0.9884793162345886,0.005722979828715324,0.00021070213988423349,2.4127417418640107e-05,0.0026197261177003384,143390.114787722,0.0381627157330513,164152.75,641327.625
3384000,1,0.0021100000000000016,0.0023590723673502234,0.9885269403457642,0.005722915381193161,0.00020949533209204673,2.3033302568364885e-05,0.002622772939503193,143390.11740744673,0.038162712007761,164118.890625,641372.5625
3386000,1,0.0021100000000000016,0.0023589928944905414,0.9885616898536682,0.005724886804819107,0.00020889816805720328,2.2364489268511534e-05,0.0026266651693731546,143390.12003021874,0.03817984089255333,164093.578125,641405.4375
3388000,1,0.0021100000000000016,0.00235903263092041,0.9885867238044739,0.005725636705756188,0.00020875653717666864,2.1889296476729214e-05,0.0026315320283174515,143390.12265688507,0.038196999579668045,164075.375,641428.8125
3390000,1,0.0021100000000000016,0.0023589332898458215,0.9886050820350647,0.005726655572652816,0.00020936971995979547,2.2137374617159367e-05,0.002637309953570366,143390.12528841617,0.03819700703024864,164061.90625,641447.375
3392000,1,0.0021100000000000016,0.0023589134216308594,0.9886199831962585,0.005728423595428467,0.00020961903501302004,2.2012619592715054e-05,0.002643744694069028,143390.12792572542,0.03819704055786133,164050.765625,641461.625
3394000,1,0.0021100000000000016,0.0023588736852009906,0.9886307120323181,0.005729366838932036,0.00020963707938790322,2.2367101337295026e-05,0.002650514477863908,143390.13056946918,0.03819699212908745,164043.25,641473.0
3396000,1,0.0021100000000000016,0.0023589134216308594,0.988643229007721,0.0057292312383651735,0.00021007575560361147,2.2438603627961127e-05,0.0026573112700134516,143390.13321998343,0.03818010538816452,164034.171875,641485.0
3398000,1,0.0021100000000000016,0.0023589332898458215,0.9886518716812134,0.005729566887021065,0.00021080689039081334,2.2518316109199076e-05,0.002663925988599658,143390.1358772954,0.03818007931113243,164027.890625,641493.3125
3400000,1,0.0021100000000000016,0.0023589134216308594,0.9886552095413208,0.005730364844202995,0.00021154473070055245,2.2442358022090046e-05,0.0026702156756073236,143390.13854122092,0.03819698095321655,164025.0625,641496.4375
3402000,1,0.0021100000000000016,0.0023589134216308594,0.9886569976806641,0.0057304520159959784,0.0002126848557963967,2.2410409292206166e-05,0.0026760988403111696,143390.1412114366,0.038179852068424225,164024.09375,641497.8125
3404000,1,0.0021100000000000016,0.0023589134216308594,0.9886576533317566,0.005730641260743141,0.00021323179826140403,2.2406376956496388e-05,0.0026815400924533606,143390.14388753613,0.038179911673069,164023.71875,641498.1875
3406000,1,0.0021100000000000016,0.0023589332898458215,0.9886576533317566,0.005730895325541496,0.00021353622432798147,2.2429403907153754e-05,0.0026865259278565645,143390.14656907553,0.03819694370031357,164023.546875,641498.375
3408000,1,0.0021100000000000016,0.0023589134216308594,0.9886577725410461,0.00573090836405754,0.00021375217474997043,2.243580383947119e-05,0.002691081026569009,143390.14925560146,0.03817994147539139,164023.4375,641498.5625
3410000,1,0.0021100000000000016,0.0023589134216308594,0.9886578917503357,0.005730829387903213,0.0002139367861673236,2.2471182455774395e-05,0.002695266855880618,143390.15194668202,0.03819693624973297,164023.421875,641498.5
3412000,1,0.0021100000000000016,0.0023589531580606726,0.9886578917503357,0.005730919167399406,0.00021409837063401937,2.2514331794809548e-05,0.002699135337024927,143390.1546419484,0.03817974776029587,164023.375,641498.6875
3414000,1,0.0021100000000000016,0.0023589134216308594,0.9886580109596252,0.005730621516704559,0.00021424680016934872,2.2547153639607133e-05,0.00270271603949368,143390.15734108398,0.03817996755242348,164023.34375,641498.6875
3416000,1,0.0021100000000000016,0.0023589531580606726,0.9886581301689148,0.0057307261973619465,0.0002143678953871131,2.2577549680136143e-05,0.0027060327120125294,143390.16004380002,0.03819706663489342,164023.328125,641498.6875
3418000,1,0.0021100000000000016,0.0023589134216308594,0.9886581301689148,0.005730706080794334,0.00021446032915264365,2.2615869238507002e-05,0.0027091065421700478,143390.16274983133,0.03819705545902252,164023.328125,641498.625
3420000,1,0.0021100000000000016,0.0023589134216308594,0.9886580109596252,0.005730557441711426,0.00021453101653605698,2.265445946250111e-05,0.0027119587175548077,143390.1654589374,0.03819718956947327,164023.3125,641498.6875
3422000,1,0.0021100000000000016,0.0023589134216308594,0.9886581301689148,0.005730586498975754,0.00021456731483340263,2.269059041282162e-05,0.002714608097448945,143390.168170898,0.03817998617887497,164023.28125,641498.625
3424000,1,0.0021100000000000016,0.0023589134216308594,0.9886581301689148,0.005730639025568962,0.00021457897964864968,2.2727553732693193e-05,0.002717074006795883,143390.17088550585,0.03817986696958542,164023.28125,641498.75
3426000,1,0.0021100000000000016,0.0023589531580606726,0.9886582493782043,0.0057307139039039605,0.0002145941834896803,2.2763710876461116e-05,0.002719367388635874,143390.17360257916,0.03819701820611954,164023.234375,641498.6875
3428000,1,0.0021100000000000016,0.0023589134216308594,0.9886582493782043,0.005730688944458962,0.00021461937576532366,2.278835454490036e-05,0.0027215012814849615,143390.17632194865,0.03817980736494064,164023.21875,641498.6875
3430000,1,0.0021100000000000016,0.0023589134216308594,0.9886584877967834,0.005730624124407767,0.00021474380046129223,2.2876184084452687e-05,0.0027234882581979036,143390.179043449,0.03817997872829437,164023.1875,641498.9375
3432000,1,0.0021100000000000016,0.0023589531580606726,0.9886594414710999,0.005730795115232468,0.00021480831783264874,2.2898892348166554e-05,0.002725353231653571,143390.1817669368,0.038179852068424225,164022.6875,641499.625
3434000,1,0.0021100000000000016,0.0023589134216308594,0.9886595010757446,0.0057309530675411224,0.0002148187253624201,2.2907722450327127e-05,0.0027270843274891376,143390.18449229025,0.03817995265126228,164022.53125,641499.8125
3436000,1,0.0021100000000000016,0.0023589531580606726,0.9886596202850342,0.005730996280908585,0.0002148600062355399,2.293609140906483e-05,0.002728695049881935,143390.1872193748,0.03817993402481079,164022.5,641499.8125
3438000,1,0.0021100000000000016,0.0023589134216308594,0.9886596202850342,0.005731021985411644,0.00021491467487066984,2.295008598593995e-05,0.0027301975060254335,143390.18994806893,0.03819702938199043,164022.5,641499.8125
3440000,1,0.0021100000000000016,0.0023589134216308594,0.9886596202850342,0.0057310119271278374,0.00021496715489774943,2.2980332141742112e-05,0.0027316014748066664,143390.19267826644,0.03817973658442497,164022.5,641499.8125
3442000,1,0.0021100000000000016,0.0023589730262756348,0.9886595010757446,0.005731001123785973,0.00021504366304725409,2.2994921891950067e-05,0.0027329109143465757,143390.19540986628,0.038196999579668045,164022.515625,641499.8125
3444000,1,0.0021100000000000016,0.0023589531580606726,0.9886595010757446,0.005730988085269928,0.0002151195891201496,2.301282074768096e-05,0.002734133042395115,143390.19814277673,0.03819698467850685,164022.515625,641499.8125
3446000,1,0.0021100000000000016,0.0023589134216308594,0.9886595010757446,0.005731014162302017,0.00021519677247852086,2.3035141930449753e-05,0.0027352741453796625,143390.20087690838,0.03818002715706825,164022.515625,641499.8125
3448000,1,0.0021100000000000016,0.0023589531580606726,0.9886595010757446,0.005731024220585823,0.00021525104530155658,2.306366804987192e-05,0.0027363398112356663,143390.20361218345,0.03819695860147476,164022.515625,641499.8125
3450000,1,0.0021100000000000016,0.0023589531580606726,0.9886594414710999,0.005731008946895599,0.00021532140672206876,2.3084682470653207e-05,0.0027373332995921373,143390.20634852303,0.038197096437215805,164022.5,641499.8125
3452000,1,0.0017600000000000016,0.0020089944203694476,0.9893323183059692,0.005750303715467453,0.0002354794181883335,4.8134641838259994e-05,0.002718330128118396,143390.20908585633,0.03783755376935005,163368.6875,641701.25
3454000,1,0.0017600000000000016,0.0020092527071635113,0.9895240664482117,0.005754240229725837,0.00024397834204137325,4.3450645171105856e-05,0.002711474196985364,143390.2118041853,0.03756343945860863,163226.171875,641887.5625
3456000,1,0.0017600000000000016,0.0020091931025186804,0.989666223526001,0.0057605810463428496,0.0002487258519977331,3.956068831030279e-05,0.002708390122279525,143390.2145156595,0.03756355866789818,163120.953125,642025.4375
3458000,1,0.0017600000000000016,0.0020091931025186804,0.9897679090499878,0.0057644758373498915,0.0002496351487934589,3.7784018786624074e-05,0.002707516076043248,143390.21722404892,0.0382491759955883,163044.96875,642127.25
3460000,1,0.0017600000000000016,0.002009093761444092,0.9898446202278137,0.005769150331616402,0.00024723033420741557,3.648276324383914e-05,0.002707771258428693,143390.21993156406,0.03823646530508995,162987.09375,642202.25
3462000,1,0.0017600000000000016,0.0020090341567993164,0.9899008274078369,0.005768931284546852,0.00024448432959616183,3.5765022039413454e-05,0.0027086297050118446,143390.22263933485,0.038249190896749496,162945.515625,642256.5
3464000,1,0.0017600000000000016,0.0020090738932291297,0.9899405837059021,0.005769338831305504,0.0002427636180073023,3.5175145603716375e-05,0.0027098425198346376,143390.22534796316,0.03821926191449165,162915.515625,642295.1875
3466000,1,0.0017600000000000016,0.0020090341567993164,0.9899708032608032,0.00576905533671379,0.0002409669337794185,3.4787983167916536e-05,0.0027113016694784164,143390.22805780545,0.038219500333070755,162892.140625,642325.625
3468000,1,0.0017600000000000016,0.0020090341567993164,0.9899917840957642,0.00577014535665512,0.00024018532130867242,3.417403204366565e-05,0.0027129410300403833,143390.23076910642,0.03821941837668419,162876.3125,642347.0625
3470000,1,0.0017600000000000016,0.0020090341567993164,0.9900074005126953,0.005770524963736534,0.00023924785200506448,3.386360767763108e-05,0.0027147014625370502,143390.23348204652,0.03820227086544037,162864.5,642363.3125
3472000,1,0.0017600000000000016,0.0020090540250142785,0.9900238513946533,0.0057707343250513075,0.0002381748054176569,3.359247639309615e-05,0.002716595074161887,143390.23619674798,0.038202159106731415,162852.765625,642379.25
3474000,1,0.0017600000000000016,0.0020090738932291297,0.9900336265563965,0.005770903453230858,0.00023771547712385653,3.336371737532317e-05,0.002718508243560791,143390.2389133426,0.03824903815984726,162845.359375,642388.8125
3476000,1,0.0017600000000000016,0.0020090341567993164,0.9900397062301636,0.0057701475918293,0.0002374378964304924,3.325841098558157e-05,0.0027205077931284904,143390.2416318513,0.03824882581830025,162840.625,642394.9375
3478000,1,0.0017600000000000016,0.0020090341567993164,0.9900438785552979,0.005769361183047295,0.00023731093388050794,3.318495291750878e-05,0.0027226244565099478,143390.24435235816,0.03821719437837601,162837.234375,642399.0625
3480000,1,0.0017600000000000016,0.0020090341567993164,0.9900469183921814,0.005769342929124832,0.0002371887443587184,3.31198243657127e-05,0.0027248309925198555,143390.24707498238,0.03821730986237526,162834.859375,642402.1875
3482000,1,0.0017600000000000016,0.0020090341567993164,0.9900491237640381,0.005769889429211616,0.00023715447168797256,3.3097795676439996e-05,0.002727074781432748,143390.24979981338,0.03826387971639633,162833.234375,642404.3125
3484000,1,0.0017600000000000016,0.0020089944203694476,0.990050196647644,0.0057696387171745295,0.00023716946598142388,3.3087740303017195e-05,0.002729293890297413,143390.25252688746,0.038234394043684006,162832.328125,642405.4375
3486000,1,0.0017600000000000016,0.0020090142885844098,0.9900511503219604,0.005769659206271172,0.00023722206242382526,3.308431769255549e-05,0.0027314547915011644,143390.2552561802,0.03826608136296272,162831.71875,642406.125
3488000,1,0.0017600000000000016,0.0020090142885844098,0.9900515079498291,0.005769586563110351,0.00023725847713649273,3.309180028736591e-05,0.002733563305810094,143390.25798763474,0.038263946771621704,162831.390625,642406.5
3490000,1,0.0017600000000000016,0.0020090142885844098,0.990051805973053,0.005769703164696693,0.00023731482215225697,3.3106844057329e-05,0.0027356387581676245,143390.26072119782,0.038236409425735474,162831.15625,642406.75
3492000,1,0.0017600000000000016,0.0020090341567993164,0.9900521636009216,0.005769718438386917,0.00023735896684229374,3.3121151500381525e-05,0.00273769348859787,143390.2634568361,0.03824673593044281,162830.984375,642406.9375
3494000,1,0.0017600000000000016,0.0020089944203694476,0.9900524020195007,0.005769643560051918,0.0002373890019953251,3.314904752187431e-05,0.0027397258672863245,143390.26619452843,0.038217347115278244,162830.875,642407.125
3496000,1,0.0017600000000000016,0.0020090341567993164,0.9900526404380798,0.005770086869597435,0.00023742837365716695,3.3176047145389015e-05,0.0027417319361120462,143390.26893425407,0.038263916969299316,162830.734375,642407.25
3498000,1,0.0017600000000000016,0.0020090341567993164,0.9900526404380798,0.005770109221339225,0.00023746390361338853,3.320729883853346e-05,0.0027437061071395874,143390.27167598717,0.03821726515889168,162830.640625,642407.3125
3500000,1,0.0017600000000000016,0.0020090142885844098,0.9900527596473694,0.005770042538642882,0.00023750457912683487,3.3242502831853925e-05,0.002745638834312558,143390.27441969374,0.03821730241179466,162830.578125,642407.3125
3502000,1,0.0017600000000000016,0.0020090341567993164,0.9900527596473694,0.005770095437765121,0.00023752355482429264,3.327637969050556e-05,0.0027475187089294195,143390.27716533304,0.038247000426054,162830.53125,642407.375
3504000,1,0.0017600000000000016,0.0020090540250142785,0.9900527596473694,0.0057701017707586285,0.000237542693503201,3.331976768095046e-05,0.0027493350207805634,143390.27991285035,0.038234397768974304,162830.484375,642407.5625
3506000,1,0.0017600000000000016,0.0020090341567993164,0.9900529980659485,0.005770104005932808,0.0002375568263232708,3.3360469387844205e-05,0.0027510782238096,143390.2826621856,0.0382174476981163,162830.4375,642407.625
3508000,1,0.0017600000000000016,0.0020090341567993164,0.9900529980659485,0.005770140141248702,0.0002375728450715542,3.339640388730913e-05,0.0027527478523552418,143390.2854132643,0.03821723908185959,162830.390625,642407.625
3510000,1,0.0017600000000000016,0.0020090341567993164,0.9900529980659485,0.005770090594887733,0.00023758965544402598,3.3434241777285935e-05,0.0027543404139578342,143390.28816601308,0.03826400637626648,162830.390625,642407.625
3512000,1,0.0017600000000000016,0.0020090540250142785,0.9900529980659485,0.005770046263933182,0.0002376161515712738,3.3476485987193884e-05,0.0027558570727705956,143390.29092035373,0.03821719437837601,162830.40625,642407.625
3514000,1,0.0017600000000000016,0.0020090142885844098,0.9900528788566589,0.0057700291275978085,0.0002376314252614975,3.352128842379898e-05,0.002757296897470951,143390.29367621033,0.038236454129219055,162830.421875,642407.625
3516000,1,0.0017600000000000016,0.0020090341567993164,0.9900528788566589,0.005770009011030197,0.00023765619844198226,3.356696106493473e-05,0.0027586626820266247,143390.2964335077,0.03823641687631607,162830.421875,642407.625
3518000,1,0.0017600000000000016,0.0020089944203694476,0.9900527596473694,0.005770081281661987,0.00023767773527652025,3.361696435604245e-05,0.00275995722040534,143390.29919217108,0.03823430463671684,162830.453125,642407.5625
3520000,1,0.0017600000000000016,0.0020090341567993164,0.9900528788566589,0.005770057439804077,0.00023770038969814778,3.3653993159532544e-05,0.0027611840050667524,143390.30195212853,0.03823637589812279,162830.453125,642407.625
3522000,1,0.0017600000000000016,0.0020089944203694476,0.9900528788566589,0.005770019814372062,0.00023768888786435127,3.369978512637317e-05,0.0027623462956398726,143390.304713313,0.038219351321458817,162830.4375,642407.625
3524000,1,0.0017600000000000016,0.0020089944203694476,0.9900528788566589,0.005770014598965644,0.00023767603561282156,3.3741741208359596e-05,0.002763445721939206,143390.3074756586,0.038263916969299316,162830.453125,642407.625
3526000,1,0.0017600000000000016,0.0020089944203694476,0.9900527596473694,0.0057700686156749725,0.0002376700285822153,3.378034452907741e-05,0.002764481585472822,143390.31023910386,0.03823640197515488,162830.46875,642407.5
3528000,1,0.0017600000000000016,0.0020089944203694476,0.9900527596473694,0.0057700265198946,0.00023764963261783124,3.3826477010734377e-05,0.0027654627338051796,143390.31300358544,0.03826618939638138,162830.484375,642407.4375
3530000,1,0.0017600000000000016,0.0020090341567993164,0.9900526404380798,0.0057699989527463915,0.0002376147545874119,3.386467869859189e-05,0.002766390796750784,143390.3157690477,0.03824686259031296,162830.484375,642407.4375
3532000,1,0.0014100000000000015,0.0016593337059020996,0.9907121658325195,0.005795536562800407,0.00026095348875969647,5.692526465281844e-05,0.002746663289144635,143390.31853543804,0.03785993903875351,162173.1875,642606.0
3534000,1,0.0014100000000000015,0.0016592542330424176,0.9909000396728516,0.005793989077210426,0.00024727252312004564,5.470512551255524e-05,0.002739271381869912,143390.3212820997,0.03787477687001228,162028.40625,642792.0625
3536000,1,0.0014100000000000015,0.0016591350237528668,0.9910393357276917,0.005797958746552466,0.0002406297018751502,5.1885889843106266e-05,0.002735577756538987,143390.32402137225,0.03779001161456108,161922.15625,642928.3125
3538000,1,0.0014100000000000015,0.0016592144966125488,0.9911441206932068,0.005801396444439888,0.00023953181225806476,5.068061873316764e-05,0.0027339651715010405,143390.32675694907,0.03784935176372528,161843.453125,643030.3125
3540000,1,0.0014100000000000015,0.0016592542330424176,0.9912219643592834,0.005801189690828323,0.00024155131541192532,5.055364454165101e-05,0.0027334270998835564,143390.32949091494,0.03758165240287781,161785.1875,643104.4375
3542000,1,0.0014100000000000015,0.0016593337059020996,0.9912812113761902,0.005804000049829483,0.00024719398934394123,4.9300817772746085e-05,0.002733372151851654,143390.33222434227,0.03759400174021721,161741.828125,643160.1875
3544000,1,0.0014100000000000015,0.0016593734423319684,0.991327702999115,0.005806654691696167,0.00024926599580794574,4.765737394336611e-05,0.0027334692422300577,143390.33495771373,0.03758128359913826,161707.8125,643203.9375
3546000,1,0.0014100000000000015,0.0016593734423319684,0.9913626313209534,0.005807308852672577,0.00025013994891196487,4.659399564843625e-05,0.0027335730846971273,143390.33769118227,0.037581369280815125,161682.21875,643235.4375
3548000,1,0.0014100000000000015,0.0016594131787618371,0.9913895726203918,0.005806167051196099,0.00025110021233558654,4.5959261478856205e-05,0.0027337647043168545,143390.34042475396,0.03758146986365318,161662.75,643259.8125
3550000,1,0.0014100000000000015,0.0016593734423319684,0.9914098978042603,0.005806447565555573,0.00025161539670079944,4.549514851532877e-05,0.0027339980006217957,143390.34315851936,0.03758138045668602,161648.15625,643278.0
3552000,1,0.0014100000000000015,0.0016594131787618371,0.9914258718490601,0.005806286633014679,0.00025215065106749536,4.503793024923652e-05,0.0027343053370714188,143390.3458925169,0.0375814363360405,161636.765625,643291.75
3554000,1,0.0014100000000000015,0.0016593734423319684,0.9914373755455017,0.005807327851653098,0.00025241242256015536,4.4714316027238964e-05,0.002734735608100891,143390.34862682177,0.037581317126750946,161628.515625,643302.0625
3556000,1,0.0014100000000000015,0.0016594131787618371,0.9914462566375732,0.0058077268302440645,0.00025260543916374447,4.452129069250077e-05,0.0027353691402822733,143390.35136155784,0.03758135065436363,161622.28125,643309.6875
3558000,1,0.0014100000000000015,0.0016594131787618371,0.9914531111717224,0.005809074267745017,0.0002528181066736579,4.435373120941222e-05,0.002736257156357169,143390.35409692815,0.03758150711655617,161617.515625,643315.375
3560000,1,0.0014100000000000015,0.0016593734423319684,0.991457998752594,0.005808401852846146,0.0002528806682676077,4.4228238402865826e-05,0.0027373821940273046,143390.35683318623,0.037581440061330795,161613.984375,643319.8125
3562000,1,0.0014100000000000015,0.0016593734423319684,0.9914618134498596,0.0058078236877918245,0.00025298597756773233,4.41538606537506e-05,0.0027386511210352182,143390.35957056913,0.03758140280842781,161611.140625,643323.125
3564000,1,0.0014100000000000015,0.0016593734423319684,0.9914653301239014,0.005808314681053162,0.00025302313733845946,4.406266671139747e-05,0.0027399989776313305,143390.36230922,0.03758150711655617,161608.796875,643326.0
3566000,1,0.0014100000000000015,0.0016594131787618371,0.9914678931236267,0.005808877944946289,0.00025305391754955054,4.400796024128795e-05,0.0027413538191467524,143390.36504922016,0.0375814214348793,161606.96875,643328.125
3568000,1,0.0014100000000000015,0.0016594131787618371,0.991470217704773,0.0058088146150112145,0.0002531165024265647,4.396282020024955e-05,0.0027426909655332565,143390.36779057374,0.03758135810494423,161605.34375,643330.1875
3570000,1,0.0014100000000000015,0.0016594131787618371,0.9914721846580505,0.005809000879526138,0.00025313769001513716,4.392113187350333e-05,0.0027439924888312817,143390.370533264,0.03758138790726662,161603.96875,643332.125
3572000,1,0.0014100000000000015,0.0016594131787618371,0.9914739727973938,0.005809155851602554,0.00025316490791738033,4.389834066387266e-05,0.0027452493086457253,143390.37327725603,0.037581440061330795,161602.71875,643333.5
3574000,1,0.0014100000000000015,0.0016594131787618371,0.9914755821228027,0.005808971449732781,0.00025320430286228656,4.386188520584255e-05,0.0027464518789201975,143390.3760225065,0.037594057619571686,161601.640625,643335.125
3576000,1,0.0014100000000000015,0.0016594131787618371,0.991476833820343,0.005808863416314125,0.00025321766734123227,4.383073246572167e-05,0.0027475859969854355,143390.37876895885,0.037581365555524826,161600.625,643336.25
3578000,1,0.0014100000000000015,0.0016594131787618371,0.9914781451225281,0.005809061601758003,0.00025320523418486117,4.38221642980352e-05,0.002748643746599555,143390.38151654578,0.03758148476481438,161599.75,643337.375
3580000,1,0.0014100000000000015,0.0016594131787618371,0.9914791584014893,0.00580889917910099,0.0002532197395339608,4.37879265518859e-05,0.0027496255934238434,143390.3842651914,0.03758146986365318,161599.109375,643338.0
3582000,1,0.0014100000000000015,0.0016594131787618371,0.9914795160293579,0.005808999761939048,0.0002532022772356868,4.37683833297342e-05,0.002750538056716323,143390.38701481698,0.03758127987384796,161598.71875,643338.5
3584000,1,0.0014100000000000015,0.0016594131787618371,0.9914802312850952,0.005809136480093002,0.0002531851874664426,4.375837161205709e-05,0.0027513750828802586,143390.38976535574,0.03758146986365318,161598.40625,643338.875
3586000,1,0.0014100000000000015,0.0016594131787618371,0.9914805889129639,0.005809149146080017,0.00025317759718745947,4.373839183244854e-05,0.00275214109569788,143390.39251673198,0.037581440061330795,161598.15625,643339.25
3588000,1,0.0014100000000000015,0.0016594131787618371,0.991480827331543,0.005809103325009345,0.00025315887760370967,4.3724194983951745e-05,0.0027528349310159683,143390.39526887285,0.03758149594068527,161597.984375,643339.4375
3590000,1,0.0014100000000000015,0.0016594131787618371,0.9914811849594116,0.005808768793940544,0.00025312050711363555,4.372707335278392e-05,0.002753457985818386,143390.39802170824,0.03758139908313751,161597.78125,643339.6875
3592000,1,0.0014100000000000015,0.0016594131787618371,0.9914814233779907,0.005808671191334725,0.0002531010890379548,4.3717864900827405e-05,0.0027540174778550863,143390.40077516576,0.03758139908313751,161597.65625,643339.75
3594000,1,0.0014100000000000015,0.0016594131787618371,0.9914814233779907,0.005808716639876366,0.0002530852798372507,4.371024551801384e-05,0.0027545213233679533,143390.4035291837,0.03758140280842781,161597.515625,643339.875
3596000,1,0.0014100000000000015,0.0016594131787618371,0.991481602191925,0.005809183046221733,0.00025306043680757285,4.3706104042939836e-05,0.0027549732476472855,143390.4062837055,0.03758136183023453,161597.46875,643339.9375
3598000,1,0.0014100000000000015,0.0016594131787618371,0.991481602191925,0.005809122323989868,0.0002530298195779323,4.370426759123802e-05,0.0027553781401365995,143390.4090386785,0.037581440061330795,161597.46875,643340.0
3600000,1,0.0014100000000000015,0.0016594131787618371,0.9914817214012146,0.005809039622545242,0.00025300278794020413,4.370462847873568e-05,0.002755742985755205,143390.41179405688,0.037581440061330795,161597.421875,643340.125
3602000,1,0.0014100000000000015,0.0016594131787618371,0.9914817214012146,0.005809074640274047,0.0002529659541323781,4.3701642425730824e-05,0.0027560717426240444,143390.41454980057,0.037581413984298706,161597.4375,643340.125
3604000,1,0.0014100000000000015,0.0016594131787618371,0.9914817214012146,0.005809024721384048,0.0002529282355681062,4.369158123154193e-05,0.0027563702315092087,143390.41730587278,0.03758149594068527,161597.40625,643340.125
3606000,1,0.0014100000000000015,0.0016594131787618371,0.9914817214012146,0.005809017270803451,0.0002528999000787735,4.368112422525883e-05,0.0027566419448703527,143390.42006224394,0.037581417709589005,161597.421875,643340.125
3608000,1,0.0014100000000000015,0.0016594131787618371,0.9914817214012146,0.005808953568339347,0.00025288048200309274,4.367556830402464e-05,0.0027568903751671314,143390.42281888518,0.037581365555524826,161597.421875,643340.125
3610000,1,0.0014100000000000015,0.0016594131787618371,0.9914817214012146,0.005809005722403526,0.0002528618322685361,4.3669759179465466e-05,0.0027571178507059813,143390.42557577393,0.03758140653371811,161597.421875,643340.125
3612000,1,0.0010600000000000015,0.0013100107510884973,0.9923611879348755,0.0059122353792190555,0.0002842178335413337,8.499262039549648e-05,0.0027342457324266434,143390.4283328934,0.03782937303185463,160842.828125,643556.1875
3614000,1,0.0010600000000000015,0.001310129960378048,0.992933988571167,0.005814051628112793,0.0002792068989947438,7.666719029657543e-05,0.00271824118681252,143390.43106713844,0.037858881056308746,160517.453125,643879.9375
3616000,1,0.0010600000000000015,0.001310129960378048,0.9931938052177429,0.005802198871970176,0.00027975770644843577,7.179109961725771e-05,0.0027119345031678677,143390.43378537847,0.037916865199804306,160310.921875,644147.9375
3618000,1,0.0010600000000000015,0.0013101696968078613,0.9933739900588989,0.005794468894600868,0.00027950219810009,6.61887985188514e-05,0.002710247877985239,143390.43649731367,0.03793375939130783,160160.0,644343.3125
3620000,1,0.0010600000000000015,0.0013101696968078613,0.9935004115104675,0.005784511193633079,0.00027634259313344953,6.256651831790805e-05,0.002711436478421092,143390.439207562,0.03784207999706268,160052.515625,644483.1875
3622000,1,0.0010600000000000015,0.001310129960378048,0.993590235710144,0.0057762663811445234,0.0002727568615227938,6.0722080525010826e-05,0.00271382974460721,143390.44191899872,0.03797144815325737,159975.53125,644583.5625
3624000,1,0.0010600000000000015,0.001310129960378048,0.9936550259590149,0.00576377622783184,0.0002697451040148735,5.982905859127641e-05,0.002716405550017953,143390.44463282893,0.03797139599919319,159919.546875,644656.6875
3626000,1,0.0010600000000000015,0.001310129960378048,0.9936990737915039,0.005758632346987725,0.0002667716238647699,5.921557894907891e-05,0.0027185757644474506,143390.44734923495,0.03795887157320976,159880.84375,644706.9375
3628000,1,0.0010600000000000015,0.001310129960378048,0.9937304258346558,0.005754414945840835,0.00026484373956918715,5.867677391506732e-05,0.0027203517965972424,143390.45006781165,0.03795884922146797,159853.375,644742.875
3630000,1,0.0010600000000000015,0.001310129960378048,0.993752658367157,0.005750231072306633,0.0002636454999446869,5.8254960458725696e-05,0.002721969271078706,143390.45278816437,0.03767364099621773,159833.484375,644769.25
3632000,1,0.0010600000000000015,0.0013100504875183105,0.9937700033187866,0.005746720731258393,0.000262626213952899,5.815044860355556e-05,0.002723496640101075,143390.45551013434,0.0376734621822834,159818.296875,644789.625
3634000,1,0.0010600000000000015,0.0013100504875183105,0.9937821626663208,0.0057441070675849915,0.00026198334526270626,5.795652396045625e-05,0.0027250032871961594,143390.45823363075,0.03767361864447594,159807.34375,644803.3125
3636000,1,0.0010600000000000015,0.0013100504875183105,0.9937880635261536,0.005743882805109023,0.0002617423655465245,5.782388616353274e-05,0.0027263767551630735,143390.46095863497,0.03767377883195877,159801.390625,644810.5
3638000,1,0.0010600000000000015,0.0013100504875183105,0.9937931895256042,0.005744409561157226,0.0002613408491015434,5.7865766575559976e-05,0.00272758980281651,143390.4636850122,0.03767364099621773,159796.578125,644817.125
3640000,1,0.0010600000000000015,0.0013100902239481793,0.9937989115715027,0.005743908137083054,0.00026097027584910394,5.7816429762169716e-05,0.002728621242567897,143390.466412602,0.037673741579055786,159792.125,644823.3125
3642000,1,0.0010600000000000015,0.001310129960378048,0.9938032031059265,0.005743364989757537,0.0002607516711577773,5.7783996453508735e-05,0.002729400061070919,143390.46914122347,0.0376737043261528,159788.640625,644827.875
3644000,1,0.0010600000000000015,0.0013100902239481793,0.993806004524231,0.005742679908871651,0.0002606014488264918,5.7729938998818393e-05,0.002729938365519047,143390.47187062306,0.037673722952604294,159786.1875,644830.9375
3646000,1,0.0010600000000000015,0.001310129960378048,0.9938074350357056,0.005743133276700973,0.000260475929826498,5.7684129569679495e-05,0.002730320440605283,143390.47460056236,0.03767368197441101,159784.671875,644832.8125
3648000,1,0.0010600000000000015,0.001310129960378048,0.9938092827796936,0.005742527544498444,0.00026036254130303856,5.77007420361042e-05,0.0027306133415549994,143390.4773308842,0.03767365962266922,159783.390625,644834.8125
3650000,1,0.0010600000000000015,0.001310129960378048,0.99381023645401,0.005742662772536277,0.00026030028238892554,5.769780836999416e-05,0.002730817999690771,143390.48006149917,0.03767365962266922,159782.484375,644836.0
3652000,1,0.0010600000000000015,0.001310129960378048,0.9938108921051025,0.0057424139231443405,0.0002602576510980725,5.7697750162333246e-05,0.0027309199795126915,143390.48279231787,0.03767364099621773,159781.9375,644836.625
3654000,1,0.0010600000000000015,0.001310129960378048,0.9938111305236816,0.005742765218019485,0.00026021383237093685,5.769244744442403e-05,0.0027309248689562082,143390.4855232397,0.03767364099621773,159781.5625,644837.125
3656000,1,0.0010600000000000015,0.001310129960378048,0.9938113689422607,0.005742653831839561,0.0002601610030978918,5.7694542920216915e-05,0.002730840351432562,143390.48825416458,0.03767366707324982,159781.34375,644837.375
3658000,1,0.0010600000000000015,0.001310129960378048,0.9938114881515503,0.005743078887462616,0.0002601190935820341,5.7696748990565544e-05,0.002730677602812648,143390.49098500446,0.03767366334795952,159781.265625,644837.5
3660000,1,0.0010600000000000015,0.001310129960378048,0.9938116073608398,0.005742933973670005,0.00026008663699030873,5.770295974798501e-05,0.002730449428781867,143390.49371568277,0.03767360374331474,159781.1875,644837.625
3662000,1,0.0010600000000000015,0.001310129960378048,0.9938116073608398,0.00574299618601799,0.0002600489417091012,5.772301810793578e-05,0.0027301691006869078,143390.49644613173,0.03767366334795952,159781.1875,644837.6875
3664000,1,0.0010600000000000015,0.001310129960378048,0.9938117265701294,0.00574292279779911,0.000260009104385972,5.7736848248168826e-05,0.0027298505883663893,143390.49917630083,0.03767368569970131,159781.15625,644837.6875
3666000,1,0.0010600000000000015,0.001310129960378048,0.9938117265701294,0.00574290007352829,0.00026008852291852235,5.773877492174506e-05,0.0027295041363686323,143390.50190615212,0.03767366707324982,159781.0625,644837.8125
3668000,1,0.0010600000000000015,0.001310129960378048,0.9938117265701294,0.005742977187037468,0.00026013876777142286,5.774752935394645e-05,0.002729136263951659,143390.5046356558,0.037673577666282654,159781.0,644837.875
3670000,1,0.0010600000000000015,0.001310129960378048,0.993811845779419,0.005742982029914856,0.0002601678017526865,5.7755474699661136e-05,0.002728756284341216,143390.50736479182,0.037673622369766235,159780.921875,644837.875
3672000,1,0.0010600000000000015,0.001310129960378048,0.993811845779419,0.005742986872792244,0.00026017453055828806,5.7769735576584935e-05,0.002728370251134038,143390.51009354764,0.037673577666282654,159780.890625,644837.875
3674000,1,0.0010600000000000015,0.001310129960378048,0.993811845779419,0.005742997303605079,0.0002601642394438386,5.7776871835812925e-05,0.002727983985096216,143390.5128219165,0.03767363354563713,159780.875,644838.0
3676000,1,0.0010600000000000015,0.001310129960378048,0.993811845779419,0.0057430159300565714,0.0002601501531898975,5.778751801699399e-05,0.0027275998145341873,143390.51554990094,0.037673674523830414,159780.875,644838.0625
3678000,1,0.0010600000000000015,0.0013100902239481793,0.993811845779419,0.005742974579334259,0.00026013089809566735,5.780086503364146e-05,0.002727221231907606,143390.51827750052,0.03767364099621773,159780.859375,644838.0625
3680000,1,0.0010600000000000015,0.001310129960378048,0.993811845779419,0.005742986872792244,0.00026010493747889994,5.781216314062476e-05,0.002726849867030978,143390.5210047213,0.0376737043261528,159780.84375,644838.0625
3682000,1,0.0010600000000000015,0.001310129960378048,0.993811845779419,0.005743062123656272,0.00026008549612015485,5.7821947848424315e-05,0.0027264871168881655,143390.52373157186,0.037673696875572205,159780.859375,644838.0625
3684000,1,0.0010600000000000015,0.001310129960378048,0.993811845779419,0.0057430945336818685,0.0002600675681605935,5.782818770967424e-05,0.002726134145632386,143390.52645805897,0.03767358139157295,159780.859375,644838.0625
3686000,1,0.0010600000000000015,0.0013100902239481793,0.993811845779419,0.00574306957423687,0.00026002631057053804,5.7832180755212906e-05,0.002725791884586215,143390.52918419475,0.037673696875572205,159780.859375,644838.0625
3688000,1,0.0010600000000000015,0.001310129960378048,0.993811845779419,0.005743115395307541,0.00025988207198679447,5.784020177088678e-05,0.002725460799410939,143390.5319099864,0.03767358511686325,159780.84375,644838.0625
3690000,1,0.0010600000000000015,0.001310129960378048,0.993811845779419,0.005743126943707467,0.00025977306067943574,5.784668610431254e-05,0.0027251415885984898,143390.53463544766,0.03767363354563713,159780.84375,644838.0625
3692000,1,0.0007100000000000014,0.0009607076644897461,0.9943516850471497,0.0056862842291593545,0.00029931606259196996,8.270560647360979e-05,0.002704465063288808,143390.5373605895,0.03785105422139168,159132.515625,645025.25
3694000,1,0.0007100000000000014,0.0009611248970031738,0.9944904446601868,0.005675768107175827,0.0002918520476669073,8.027759613469244e-05,0.002695878967642784,143390.54006505455,0.0369899645447731,159003.53125,645198.8125
3696000,1,0.0007100000000000014,0.0009613633155822754,0.9945858120918274,0.005672238394618034,0.00028736472595483067,7.915244204923511e-05,0.002691232832148671,143390.54276093352,0.037838954478502274,158913.1875,645319.9375
3698000,1,0.0007100000000000014,0.0009615222613016949,0.9946513175964355,0.005666700378060341,0.0002909018890932202,7.741618319414555e-05,0.0026888202410191298,143390.54545216565,0.03792602941393852,158850.828125,645404.3125
3700000,1,0.0007100000000000014,0.0009614427884420129,0.9946966171264648,0.005664120614528656,0.00029180606361478567,7.515383185818791e-05,0.0026878081262111664,143390.54814098612,0.037895675748586655,158806.4375,645463.375
3702000,1,0.0007100000000000014,0.0009616216023762836,0.9947276711463928,0.005663058161735534,0.0002922742161899805,7.387392688542604e-05,0.0026877112686634064,143390.55082879425,0.03792652115225792,158776.0625,645503.625
3704000,1,0.0007100000000000014,0.0009618004163106653,0.9947496652603149,0.005663692206144333,0.00029288819059729575,7.299337303265928e-05,0.002688333624973893,143390.55351650575,0.03792646899819374,158755.671875,645531.4375
3706000,1,0.0007100000000000014,0.0009618401527404785,0.9947646260261536,0.005663095414638519,0.0002932526636868715,7.2491419268772e-05,0.0026895098853856325,143390.55620483938,0.03792647644877434,158741.359375,645551.6875
3708000,1,0.0007100000000000014,0.0009618004163106653,0.9947763681411743,0.005661086365580559,0.00029346647206693886,7.20455020200461e-05,0.0026910030283033848,143390.5588943488,0.03792649507522583,158729.734375,645566.6875
3710000,1,0.0007100000000000014,0.0009618004163106653,0.9947829842567444,0.00566188097000122,0.0002936658915132284,7.173736812546848e-05,0.0026926356367766857,143390.56158535322,0.037926625460386276,158723.0625,645576.25
3712000,1,0.0007100000000000014,0.0009618004163106653,0.9947896599769592,0.0056598614901304245,0.00029374833684414625,7.14319059625268e-05,0.002694403287023306,143390.56427799026,0.0378524586558342,158716.578125,645584.875
3714000,1,0.0007100000000000014,0.0009618401527404785,0.9947940707206726,0.005659953132271766,0.0002937844023108482,7.122318493202329e-05,0.002696207258850336,143390.56697239424,0.03785254433751106,158711.953125,645590.625
3716000,1,0.0007100000000000014,0.0009618401527404785,0.9947965145111084,0.005659317597746848,0.00029376002494245767,7.109096040949225e-05,0.0026979828253388405,143390.56966860103,0.03785233199596405,158709.78125,645593.1875
3718000,1,0.0007100000000000014,0.0009618401527404785,0.9947971105575562,0.005659548938274384,0.0002937547629699111,7.103525567799806e-05,0.0026997211389243603,143390.57236658456,0.03785255178809166,158708.984375,645594.3125
3720000,1,0.0007100000000000014,0.0009618401527404785,0.9947977066040039,0.005659815296530724,0.00029376987367868423,7.100565126165747e-05,0.002701425924897194,143390.5750663057,0.03785254433751106,158708.640625,645594.8125
3722000,1,0.0007100000000000014,0.0009618401527404785,0.9947977066040039,0.005659695714712143,0.0002938372315838933,7.09865998942405e-05,0.0027031032368540764,143390.57776773255,0.03785250335931778,158708.484375,645594.9375
3724000,1,0.0007100000000000014,0.0009618401527404785,0.994797945022583,0.005659713596105575,0.00029387695249170063,7.09714542608708e-05,0.0027047430630773306,143390.58047083486,0.03785247728228569,158708.4375,645594.9375
3726000,1,0.0007100000000000014,0.0009618401527404785,0.9947978258132935,0.00565970279276371,0.0002939176047220826,7.096430053934454e-05,0.0027063351590186357,143390.58317557885,0.03785243257880211,158708.4375,645594.9375
3728000,1,0.0007100000000000014,0.0009618401527404785,0.994797945022583,0.00565977580845356,0.0002939611673355102,7.095442269928753e-05,0.0027078716084361076,143390.58588191564,0.03785241022706032,158708.421875,645594.9375
3730000,1,0.0007100000000000014,0.0009618401527404785,0.9947978258132935,0.005659655109047889,0.00029400105122476814,7.094488246366382e-05,0.0027093447279185057,143390.58858978655,0.03785240277647972,158708.40625,645595.0
3732000,1,0.0007100000000000014,0.0009618401527404785,0.994797945022583,0.0056596662849187854,0.0002940665232017636,7.093555759638547e-05,0.0027107528876513243,143390.59129913035,0.037852492183446884,158708.40625,645595.0
3734000,1,0.0007100000000000014,0.0009618401527404785,0.994797945022583,0.00565968006849289,0.00029410133138298985,7.092647138051689e-05,0.0027120925951749086,143390.59400988254,0.03785235807299614,158708.40625,645594.9375
3736000,1,0.0007100000000000014,0.0009618401527404785,0.9947978258132935,0.005659639462828636,0.0002941304352134466,7.091977167874574e-05,0.0027133640833199024,143390.5967219756,0.0378524549305439,158708.421875,645594.9375
3738000,1,0.0007100000000000014,0.0009618401527404785,0.9947978258132935,0.005659632384777069,0.00029415420722216367,7.091461447998882e-05,0.002714568516239524,143390.59943534038,0.0378524474799633,158708.421875,645594.9375
3740000,1,0.0007100000000000014,0.0009618401527404785,0.9947978258132935,0.005659670010209084,0.0002941730199381709,7.091073784977197e-05,0.002715706592425704,143390.60214990866,0.03785250708460808,158708.421875,645594.9375
3742000,1,0.0007100000000000014,0.0009618401527404785,0.9947978258132935,0.005659661442041397,0.00029419385828077793,7.090694853104652e-05,0.0027167820371687412,143390.60486561572,0.0378524474799633,158708.421875,645594.9375
3744000,1,0.0007100000000000014,0.0009618401527404785,0.9947978258132935,0.0056596934795379635,0.00029417367186397315,7.090498693287372e-05,0.0027177962474524975,143390.60758239753,0.037852413952350616,158708.421875,645594.9375
3746000,1,0.0007100000000000014,0.0009618401527404785,0.9947978258132935,0.005659690871834755,0.00029418650083243845,7.090104627422988e-05,0.002718750387430191,143390.61030019308,0.037852346897125244,158708.421875,645594.9375
3748000,1,0.0007100000000000014,0.0009618401527404785,0.9947978258132935,0.005659595876932144,0.00029419579077512027,7.090186700224875e-05,0.002719647716730833,143390.61301894323,0.03783979266881943,158708.421875,645594.9375
3750000,1,0.0007100000000000014,0.0009618401527404785,0.9947978258132935,0.005659635365009307,0.00029419742058962585,7.089488208293914e-05,0.00272049056366086,143390.6157385914,0.03785250708460808,158708.4375,645594.9375
3752000,1,0.0007100000000000014,0.0009618401527404785,0.9947978258132935,0.005659624934196471,0.0002941997488960624,7.08939041942358e-05,0.002721281722187996,143390.6184590815,0.03785257041454315,158708.4375,645594.9375
3754000,1,0.0007100000000000014,0.0009618401527404785,0.9947978258132935,0.00565958134829998,0.0002941968152299523,7.089201244525611e-05,0.0027220239862799644,143390.62118036347,0.037852492183446884,158708.4375,645594.9375
3756000,1,0.0007100000000000014,0.0009618401527404785,0.9947978258132935,0.005659505352377891,0.00029419390484690665,7.089318824000656e-05,0.002722720382735133,143390.62390238792,0.03785243257880211,158708.4375,645594.9375
3758000,1,0.0007100000000000014,0.0009618401527404785,0.9947978258132935,0.005659529939293861,0.00029418610502034425,7.089158170856535e-05,0.002723373007029295,143390.62662510807,0.0378524512052536,158708.421875,645594.9375
3760000,1,0.0007100000000000014,0.0009618401527404785,0.9947978258132935,0.005659537762403488,0.0002941838698461652,7.088763522915541e-05,0.0027239848859608173,143390.62934848154,0.03785249590873718,158708.421875,645594.9375
3762000,1,0.0007100000000000014,0.0009618401527404785,0.9947978258132935,0.005659417062997818,0.0002941792830824852,7.088245474733413e-05,0.0027245597448199987,143390.63207246503,0.037852492183446884,158708.4375,645594.9375
3764000,1,0.0007100000000000014,0.0009618401527404785,0.9947978258132935,0.005659447610378266,0.00029420168139040467,7.08830077201128e-05,0.002725097583606839,143390.6347970236,0.03783978894352913,158708.421875,645594.9375
3766000,1,0.0007100000000000014,0.0009618401527404785,0.9947978258132935,0.005659369379281997,0.0002942037535831332,7.087929989211262e-05,0.0027256004977971315,143390.63752212073,0.03785237297415733,158708.40625,645594.9375
3768000,1,0.0007100000000000014,0.0009618401527404785,0.9947978258132935,0.00565945841372013,0.00029420244973152874,7.087567937560379e-05,0.0027260726783424616,143390.64024772006,0.0378524586558342,158708.421875,645594.9375
3770000,1,0.0007100000000000014,0.0009618401527404785,0.9947978258132935,0.0056594617664813985,0.0002942048944532871,7.087413687258958e-05,0.0027265134267508984,143390.6429737946,0.03785243630409241,158708.421875,645594.9375
3772000,1,0.00036000000000000143,0.000612417856852232,0.9952643513679504,0.0056239828467369085,0.00032261356245726346,9.758456726558507e-05,0.0027065493632107973,143390.6457003071,0.037817612290382385,158066.640625,645777.3125
3774000,1,0.00036000000000000143,0.0006125569343566895,0.9953743815422058,0.005591420084238052,0.0003208516165614128,9.229230927303434e-05,0.0026984261348843575,143390.64840685693,0.03763865306973457,157945.8125,645939.3125
3776000,1,0.00036000000000000143,0.0006126960118611469,0.9954476356506348,0.005571889877319335,0.0003196291858330369,8.984330925159157e-05,0.0026935823261737823,143390.6511052826,0.03753411024808884,157864.296875,646048.25
3778000,1,0.00036000000000000143,0.000612636407216427,0.9954965710639954,0.005562565103173256,0.0003173462813720107,8.859647787176072e-05,0.0026896956842392683,143390.65379886422,0.03750445321202278,157808.203125,646121.375
3780000,1,0.00036000000000000143,0.0006127357482910156,0.99552983045578,0.005554363131523132,0.0003157731611281633,8.779004565440117e-05,0.0026858404744416475,143390.6564885606,0.03750431910157204,157770.640625,646172.0
3782000,1,0.00036000000000000143,0.0006127357482910156,0.9955523014068604,0.005546433851122856,0.00031454714480787515,8.723092032596469e-05,0.0026814828161150217,143390.65917440085,0.03791441768407822,157744.546875,646205.6875
3784000,1,0.00036000000000000143,0.0006127357482910156,0.9955676794052124,0.005542001873254776,0.00031384015455842017,8.695385186001659e-05,0.0026765873190015554,143390.66185588366,0.03700309619307518,157727.078125,646228.6875
3786000,1,0.00036000000000000143,0.0006127357482910156,0.995577335357666,0.005539767071604728,0.0003134212223812938,8.669653325341642e-05,0.0026712825056165457,143390.66453247122,0.03700292855501175,157716.109375,646242.8125
3788000,1,0.00036000000000000143,0.0006127754847208844,0.9955852627754211,0.005538191273808479,0.00031307884491980074,8.660600869916379e-05,0.0026658058632165194,143390.66720375326,0.037000175565481186,157707.28125,646254.875
3790000,1,0.00036000000000000143,0.0006127754847208844,0.9955893754959106,0.005536661669611931,0.0003129214514046907,8.644115296192466e-05,0.0026602286379784346,143390.66986956005,0.03700287640094757,157702.3125,646260.875
3792000,1,0.00036000000000000143,0.0006127754847208844,0.9955907464027405,0.0055368378758430484,0.00031291281338781114,8.639302104711533e-05,0.0026546483859419823,143390.67252978892,0.03700307011604309,157700.265625,646263.8125
3794000,1,0.00036000000000000143,0.0006128152211506976,0.9955920577049255,0.005536733195185661,0.0003129391930997372,8.641323074698448e-05,0.002649146830663085,143390.67518443754,0.037000346928834915,157698.75,646265.75
3796000,1,0.00036000000000000143,0.000612795352935791,0.9955934286117554,0.005536501482129097,0.0003129445016384125,8.642446482554078e-05,0.002643757266923785,143390.6778335846,0.03700033947825432,157697.40625,646267.75
3798000,1,0.00036000000000000143,0.0006128152211506976,0.9955945014953613,0.005535921826958655,0.00031297514215111727,8.64345405716449e-05,0.00263852602802217,143390.68047734047,0.03700043633580208,157696.09375,646269.5625
3800000,1,0.00036000000000000143,0.0006128152211506976,0.9955964684486389,0.0055353429168462755,0.0003128940938040614,8.64745525177568e-05,0.002633503871038556,143390.68311586604,0.03698305785655975,157694.265625,646272.0625
3802000,1,0.00036000000000000143,0.000612795352935791,0.995598316192627,0.005534296482801438,0.00031287807505577805,8.645823108963669e-05,0.0026287338696420193,143390.68574936967,0.03700292855501175,157691.953125,646275.4375
3804000,1,0.00036000000000000143,0.0006128152211506976,0.9955999851226807,0.005533871427178383,0.00031284166034311055,8.642091415822506e-05,0.0026241985615342855,143390.68837810354,0.03700292855501175,157690.328125,646277.4375
3806000,1,0.00036000000000000143,0.0006128152211506976,0.9956006407737732,0.005533399432897567,0.0003128699027001858,8.641498279757797e-05,0.0026198949199169874,143390.69100230187,0.03700283542275429,157689.40625,646278.5625
3808000,1,0.00036000000000000143,0.000612795352935791,0.995601236820221,0.005533677339553832,0.00031291556078940627,8.641051826998592e-05,0.0026158166583627462,143390.69362219702,0.03700278699398041,157688.84375,646279.5
3810000,1,0.00036000000000000143,0.000612795352935791,0.9956017136573792,0.005533619597554207,0.00031299046240746976,8.641778258606791e-05,0.002611967036500573,143390.69623801392,0.037002965807914734,157688.390625,646280.0625
3812000,1,0.00036000000000000143,0.0006128152211506976,0.9956018328666687,0.005533627420663833,0.00031300089322030546,8.641898166388272e-05,0.0026083551347255707,143390.69884998119,0.03700294718146324,157688.140625,646280.4375
3814000,1,0.00036000000000000143,0.0006128152211506976,0.9956019520759583,0.005533467978239059,0.00031303262803703544,8.641942404210567e-05,0.002604982815682888,143390.70145833679,0.037002820521593094,157688.046875,646280.5625
3816000,1,0.00036000000000000143,0.0006128152211506976,0.9956017136573792,0.005533389002084731,0.0003130638739094138,8.642533211968839e-05,0.0026018472854048014,143390.70406331914,0.03700299933552742,157688.140625,646280.4375
3818000,1,0.00036000000000000143,0.0006128152211506976,0.9956017136573792,0.005533383786678315,0.0003131023375317454,8.643653709441423e-05,0.0025989466812461615,143390.70666516572,0.03700289875268936,157688.21875,646280.375
3820000,1,0.00036000000000000143,0.0006128152211506976,0.9956017136573792,0.005533370375633239,0.00031310894992202514,8.644241606816649e-05,0.0025962754152715206,143390.70926411054,0.0370028093457222,157688.203125,646280.3125
3822000,1,0.00036000000000000143,0.000612795352935791,0.9956018328666687,0.00553320199251175,0.0003131225472316146,8.645238704048097e-05,0.0025938223116099834,143390.71186038665,0.037003036588430405,157688.15625,646280.4375
3824000,1,0.00036000000000000143,0.0006128152211506976,0.9956018328666687,0.00553317442536354,0.00031311304774135347,8.645626367069781e-05,0.0025915647856891155,143390.71445421036,0.03700285777449608,157688.109375,646280.625
3826000,1,0.00036000000000000143,0.000612795352935791,0.9956018328666687,0.005533162131905555,0.0003131089033558965,8.64641391672194e-05,0.0025894863065332174,143390.71704577468,0.03700285777449608,157688.125,646280.5
3828000,1,0.00036000000000000143,0.000612795352935791,0.9956017136573792,0.005533136427402496,0.00031310350168496366,8.646599599160254e-05,0.002587570110335946,143390.7196352603,0.03698563203215599,157688.15625,646280.5
3830000,1,0.00036000000000000143,0.0006128152211506976,0.9956017136573792,0.0055330503731966015,0.00031309826299548145,8.646450005471707e-05,0.0025857998989522457,143390.72222283087,0.037002865225076675,157688.171875,646280.4375
3832000,1,0.00036000000000000143,0.000612795352935791,0.9956017136573792,0.005533133447170257,0.00031310780905187126,8.6468638619408e-05,0.0025841640308499336,143390.72480863053,0.037002984434366226,157688.171875,646280.4375
3834000,1,0.00036000000000000143,0.000612795352935791,0.9956017136573792,0.005533114448189735,0.0003131282282993197,8.647305658087135e-05,0.0025826506316661835,143390.7273927941,0.03700297698378563,157688.1875,646280.375
3836000,1,0.00036000000000000143,0.0006128152211506976,0.9956017136573792,0.005533057823777199,0.0003131345147266984,8.647418580949305e-05,0.002581249224022031,143390.72997544473,0.03700285777449608,157688.171875,646280.375
3838000,1,0.00036000000000000143,0.000612795352935791,0.9956017136573792,0.005532968044281006,0.0003131469711661339,8.648239308968186e-05,0.0025799518916755915,143390.73255669395,0.03700285777449608,157688.171875,646280.4375
3840000,1,0.00036000000000000143,0.0006128152211506976,0.9956017136573792,0.005533066391944885,0.0003131557023152709,8.648962830193341e-05,0.0025787504855543375,143390.73513664468,0.03700289502739906,157688.15625,646280.4375
3842000,1,0.00036000000000000143,0.0006128152211506976,0.9956018328666687,0.005532993376255035,0.00031315286178141833,8.649586234241725e-05,0.0025776380207389593,143390.73771539493,0.03700288012623787,157688.140625,646280.5
3844000,1,0.00036000000000000143,0.0006128152211506976,0.9956018328666687,0.005533033236861229,0.00031315041705965997,8.64989822730422e-05,0.002576605649664998,143390.7402930325,0.037002988159656525,157688.140625,646280.5
3846000,1,0.00036000000000000143,0.000612795352935791,0.9956018328666687,0.0055328119546175,0.0003131590317934751,8.650406962260604e-05,0.0025756473187357187,143390.7428696372,0.03700287267565727,157688.140625,646280.5
3848000,1,0.00036000000000000143,0.0006128152211506976,0.9956018328666687,0.005532829836010932,0.00031315786764025684,8.650598465465008e-05,0.002574756508693099,143390.74544528476,0.03700282424688339,157688.125,646280.5
3850000,1,0.00036000000000000143,0.000612795352935791,0.9956017136573792,0.005532842501997948,0.00031316073145717385,8.650939562357963e-05,0.002573927864432335,143390.74802004057,0.03700292110443115,157688.15625,646280.5
