step,leg,pc,pc_meas,sw,ca_iface,ca_bulk,plate_leak,scrubbed,u_max,m_red,m_blue
0,0,0.00561,0.005609869956970215,1.0,0.0,0.0,0.0,0.0,0.0,166597.40625,668290.0625
2000,0,0.00561,0.005641480286916134,0.9849663376808167,0.0058373983949422835,0.0006402310449630022,1.9946260199077415e-09,0.0,0.028627993538975716,174409.8125,664300.5
4000,0,0.00561,0.005635360876719175,0.9806457757949829,0.005564410239458084,0.00048385695554316045,2.922434077845537e-06,1.9946264639969513e-09,0.028852660208940506,176993.96875,660644.625
6000,0,0.00561,0.00563154617945355,0.9774026870727539,0.005339778587222099,0.0003954034298658371,3.578693940653466e-05,2.9244284769358586e-06,0.028888920322060585,178885.890625,658062.875
8000,0,0.00561,0.005629301071166992,0.9749208688735962,0.005172280594706535,0.0003341871779412031,0.00012727786088362336,3.8711367883470515e-05,0.027439499273896217,180314.984375,656186.625
10000,0,0.00561,0.005627791086832701,0.9729759097099304,0.005040134489536286,0.0002939815865829587,0.0002734297595452517,0.00016598922876709388,0.02639196440577507,181426.5625,654775.3125
12000,0,0.00561,0.005626777807871519,0.9714105129241943,0.004935457557439803,0.0002707240870222449,0.0004557533538900316,0.0004394190465200065,0.02629273757338524,182316.703125,653678.875
14000,0,0.00561,0.005626002947489439,0.9701198935508728,0.004846980422735214,0.0002507701748982072,0.0006566132651641965,0.0008951725459291904,0.026209445670247078,183048.203125,652803.9375
16000,0,0.00561,0.005625486373901367,0.9690245985984802,0.004780514165759087,0.0002358659403398633,0.0008629022049717605,0.001551786334962335,0.026058128103613853,183667.453125,652084.25
18000,0,0.00561,0.005625128746032715,0.9680596590042114,0.004738735780119896,0.0002245033159852028,0.00106631382368505,0.0024146884817264347,0.02591668628156185,184211.890625,651474.125
20000,0,0.00561,0.0056248505910238,0.9671384692192078,0.004713195562362671,0.00022818564902991057,0.001262329169549048,0.0034810030039034157,0.025854511186480522,184729.8125,650932.4375
22000,0,0.00561,0.005624731381734249,0.9661691188812256,0.004692326113581657,0.0002325495472177863,0.0014493768103420734,0.004743332755529073,0.025854341685771942,185274.078125,650405.625
24000,0,0.00561,0.0056246121724446985,0.9651141166687012,0.004660174995660782,0.00023695647250860928,0.0016268669860437512,0.006192709565871146,0.025913408026099205,185865.734375,649852.6875
26000,0,0.00561,0.005624453226725279,0.9640206694602966,0.0046155817806720735,0.0002377225086092949,0.0017941482365131378,0.007819576784745541,0.025913530960679054,186478.40625,649267.125
28000,0,0.00561,0.005624334017435728,0.9628797173500061,0.004618813470005989,0.00024450041819363834,0.0019506631651893258,0.009613724788428035,0.02591443806886673,187117.703125,648661.0
30000,0,0.00561,0.005624294281005859,0.9616621732711792,0.0045474633574485775,0.00024651668500155207,0.0020967195741832256,0.01156438853569397,0.025950437411665916,187798.953125,648017.5625
32000,0,0.00561,0.005624175071716309,0.9606150388717651,0.004468376934528351,0.00022752033546566964,0.0022287252359092236,0.013661107644215909,0.025823960080742836,188385.546875,647387.5625
34000,0,0.00561,0.005623976389567076,0.9597295522689819,0.004419427365064621,0.00022075241431593896,0.0023461421951651573,0.01588983334578642,0.025671115145087242,188881.890625,646829.625
36000,0,0.00561,0.0056236982345581055,0.9589818716049194,0.004378402233123779,0.0002187008038163185,0.002450451487675309,0.01823597577378222,0.02547142654657364,189300.96875,646351.4375
38000,0,0.00561,0.0056235392888387414,0.9583472609519958,0.004348666220903396,0.00021778601221740247,0.0025439017917960882,0.02068642795994946,0.025296509265899658,189656.640625,645945.4375
40000,0,0.00561,0.005623340606689453,0.9578080177307129,0.004314378276467324,0.00019482260104268788,0.0026283373590558767,0.023230330217406836,0.025141283869743347,189959.078125,645598.625
42000,0,0.00561,0.005623261133829771,0.957343578338623,0.004297316819429397,0.00018121085595339536,0.0027052024379372597,0.025858668507785287,0.024958761408925056,190218.984375,645302.6875
44000,0,0.007010000000000001,0.007022122542063414,0.9520365595817566,0.004077796638011932,0.0003566418774425983,0.0028661382384598255,0.028563871411383834,0.022891247645020485,193968.578125,643667.4375
46000,0,0.007010000000000001,0.007021307945251465,0.9492351412773132,0.003998474031686783,0.0003381824353709817,0.0029736014548689127,0.031430009882674304,0.022479284554719925,195538.875,641970.375
48000,0,0.007010000000000001,0.007020990053812681,0.9463592767715454,0.00399462953209877,0.0003509431844577193,0.0030699160415679216,0.03440361203603515,0.02201220765709877,197153.234375,640385.3125
50000,0,0.007010000000000001,0.007020910580952999,0.943374752998352,0.003954922035336495,0.00033081842120736833,0.003161204978823662,0.03747352691344985,0.02181311883032322,198826.703125,638724.8125
52000,0,0.007010000000000001,0.00702059268951416,0.9408782124519348,0.00390741191804409,0.0003156346501782536,0.0032298159785568714,0.04063472909830579,0.0218418650329113,200222.46875,637212.375
54000,0,0.007010000000000001,0.007020354270935059,0.9385483264923096,0.00387999452650547,0.0003085374366492033,0.0032868687994778156,0.04386454577535459,0.021830102428793907,201527.3125,635850.3125
56000,0,0.007010000000000001,0.007019996643066406,0.9364610314369202,0.0038101367652416227,0.0002736319787800312,0.0033348025754094124,0.04715141527332434,0.0218171626329422,202693.53125,634575.125
58000,0,0.007010000000000001,0.0070197184880574914,0.9347155690193176,0.003768762946128845,0.00026359201874583956,0.0033695700112730265,0.050486218081564394,0.021797604858875275,203667.828125,633491.5
60000,0,0.007010000000000001,0.007019440333048521,0.933160126209259,0.003738337382674217,0.0002425760729238391,0.0033990037627518177,0.05385578925699064,0.021763315424323082,204536.1875,632544.6875
62000,0,0.007010000000000001,0.0070192813873291016,0.9317741394042969,0.0037187408655881883,0.00023559131659567353,0.003424378577619791,0.0572547932525731,0.02174561284482479,205310.1875,631707.25
64000,0,0.007010000000000001,0.0070191224416097375,0.9304845333099365,0.0037391990423202514,0.00024223024956882,0.003447101917117834,0.06067917113170096,0.02177126519382,206030.8125,630953.625
66000,0,0.007010000000000001,0.0070191224416097375,0.9291340708732605,0.0037379004061222076,0.00025806538760662077,0.003470399882644415,0.06412627351448008,0.021771248430013657,206787.640625,630233.375
68000,0,0.007010000000000001,0.0070191224416097375,0.9275925159454346,0.0036677222698926924,0.0002545366995036602,0.0034994378220289946,0.06759667362995514,0.021790113300085068,207655.0625,629441.25
70000,0,0.007010000000000001,0.007018844286600767,0.9262906312942505,0.003653428703546524,0.00023805461823940278,0.0035227241460233927,0.07109611238330671,0.021802859380841255,208383.78125,628660.8125
72000,0,0.007010000000000001,0.007018764813741085,0.9250658750534058,0.003630992770195007,0.00022231158800423145,0.0035420593339949846,0.07461883769348332,0.021771574392914772,209068.734375,627938.75
74000,0,0.007010000000000001,0.007018566131591797,0.9240332841873169,0.003621505945920944,0.00019846865907311437,0.0035543451085686684,0.07816089656181702,0.021758761256933212,209643.34375,627296.75
76000,0,0.007010000000000001,0.007018407185872433,0.9231407046318054,0.003614472970366478,0.00019189866725355387,0.0035621440038084984,0.08171524143755504,0.02169531211256981,210140.265625,626741.375
78000,0,0.007010000000000001,0.007018327713012695,0.9223726987838745,0.0035955794155597687,0.00019201540853828192,0.0035672341473400593,0.08527738567419418,0.021661242470145226,210567.453125,626264.6875
80000,0,0.007010000000000001,0.0070182085037231445,0.9216949939727783,0.003574483841657639,0.00020224605686962603,0.003571097506210208,0.08884461912304231,0.021651912480592728,210944.59375,625850.5
82000,0,0.007010000000000001,0.0070182085037231445,0.9210838675498962,0.0035670459270477294,0.00018655918538570404,0.003574566449970007,0.09241571639642188,0.021645216271281242,211284.859375,625482.3125
84000,0,0.007010000000000001,0.007018089294433594,0.9205267429351807,0.0035562243312597273,0.00017085663275793195,0.0035788551904261112,0.09599028051808545,0.021620772778987885,211595.375,625153.5625
86000,0,0.007010000000000001,0.007018009821573912,0.9199894666671753,0.0035465195775032043,0.00016355550615116955,0.003584079910069704,0.09956913407869705,0.021609852090477943,211895.328125,624843.5
88000,0,0.007010000000000001,0.0070180495580037805,0.9194622039794922,0.003540501743555069,0.00016290912171825766,0.003589714178815484,0.10315321352310547,0.021586265414953232,212190.359375,624549.75
90000,0,0.007010000000000001,0.007017970085144043,0.9188917875289917,0.0035379685461521147,0.00017310321563854811,0.0035970306489616632,0.10674292816758224,0.02162076160311699,212510.84375,624249.8125
92000,0,0.007010000000000001,0.007018009821573912,0.9182031154632568,0.0035460729151964186,0.00020517532248049976,0.0036084805615246296,0.11033995904937455,0.021637065336108208,212899.09375,623915.125
94000,0,0.007010000000000001,0.0070181290308634625,0.9173980951309204,0.0035536866635084152,0.00020749238319694996,0.0036229947581887245,0.11394843961089918,0.021679401397705078,213352.65625,623517.9375
96000,0,0.007010000000000001,0.007018168767293331,0.9165388345718384,0.003559811040759086,0.00020079838577657938,0.0036367259453982115,0.11757143483474919,0.02168891951441765,213835.375,623072.5625
98000,0,0.007010000000000001,0.007018089294433594,0.9156884551048279,0.003562016412615776,0.00019697677344083787,0.00364676327444613,0.12120816124580869,0.021708127111196518,214311.578125,622605.75
100000,0,0.007010000000000001,0.0070181290308634625,0.9148767590522766,0.0035592626780271528,0.00019563985988497735,0.0036526855546981096,0.12485492382176289,0.021709732711315155,214765.78125,622151.0625
102000,0,0.007010000000000001,0.007018089294433594,0.9140937924385071,0.0035536624491214752,0.000197089952416718,0.0036544594913721085,0.12850760914363035,0.021698780357837677,215203.671875,621709.8125
104000,0,0.007010000000000001,0.007018009821573912,0.9133226275444031,0.003547171503305435,0.00019945071544498206,0.0036544424947351217,0.13216206863500246,0.02169218100607395,215635.328125,621279.1875
106000,0,0.007010000000000001,0.00701793034871423,0.9125365614891052,0.003535369038581848,0.00020096797961741684,0.003654239233583212,0.13581651043124565,0.02169148623943329,216075.75,620850.125
108000,0,0.007010000000000001,0.007017970085144043,0.911713719367981,0.0035118181258440018,0.00020173985976725816,0.003654096508398652,0.1394707503633208,0.02169051393866539,216537.921875,620414.0
110000,0,0.007010000000000001,0.007017970085144043,0.9108083248138428,0.0034912824630737305,0.00020670166704803706,0.0036572881508618593,0.14312484477624365,0.021688958629965782,217047.453125,619947.0625
112000,0,0.007010000000000001,0.00701793034871423,0.9097776412963867,0.0034719489514827727,0.00021383052226155993,0.0036678314208984375,0.14678213199578294,0.02178705669939518,217628.359375,619428.6875
114000,0,0.007010000000000001,0.00701793034871423,0.908575177192688,0.003447718173265457,0.00023060906678438184,0.0036841691471636295,0.15044996341668138,0.021796278655529022,218306.984375,618833.0
116000,0,0.007010000000000001,0.00701793034871423,0.9071205258369446,0.0034377023577690123,0.00026065693236887455,0.0037039569579064846,0.1541341341936595,0.021812524646520615,219129.578125,618131.5625
118000,0,0.007010000000000001,0.0070181290308634625,0.905265748500824,0.003465241566300392,0.00030158692970871925,0.0037301229313015938,0.1578380927813805,0.021861989051103592,220180.28125,617261.4375
120000,0,0.007010000000000001,0.007018248240153013,0.9026997685432434,0.0037224814295768738,0.0004172563087195158,0.0037715204525738955,0.1615682157126821,0.021905578672885895,221639.8125,616125.875
122000,0,0.007010000000000001,0.007018963495890318,0.8991080522537231,0.0035644248127937317,0.0003729627234861254,0.0038429899141192436,0.16533973523393342,0.021899856626987457,223673.0,614422.0625
124000,0,0.007010000000000001,0.007018844286600767,0.8962901830673218,0.003479662537574768,0.00031008205842226745,0.003882229793816805,0.16918272491522202,0.021875398233532906,225246.3125,612748.375
126000,0,0.007010000000000001,0.007018605868021666,0.8937414288520813,0.003460699692368507,0.0002928450237959623,0.003907425794750452,0.1730649551747001,0.021876707673072815,226667.515625,611230.375
128000,0,0.007010000000000001,0.007018367449442564,0.8916047811508179,0.003474842011928558,0.0002560694236308336,0.003919271286576986,0.17697238096945056,0.021875962615013123,227853.4375,609905.3125
130000,0,0.007010000000000001,0.007018188635508238,0.8898933529853821,0.003485981002449989,0.00024042590521275995,0.003923449665307999,0.18089165132470497,0.02185571938753128,228799.9375,608808.5625
132000,0,0.007010000000000001,0.00701793034871423,0.8884308338165283,0.0035346478223800657,0.0002244374016299844,0.003928517922759056,0.18481510238699683,0.021834908053278923,229611.953125,607906.125
134000,0,0.007010000000000001,0.007017890612284361,0.8871660828590393,0.0035391900688409804,0.00021691499277949332,0.003937998320907354,0.1887436198440946,0.021802527830004692,230311.234375,607112.5625
136000,0,0.007010000000000001,0.007017652193705259,0.8862270712852478,0.003539864718914032,0.00019072778522968292,0.003944558557122946,0.19268161956198582,0.021738341078162193,230827.765625,606491.4375
138000,0,0.007010000000000001,0.007017532984415709,0.8854755163192749,0.0035340458154678347,0.00019266813760623335,0.003951488994061947,0.19662617858477005,0.02166358008980751,231241.484375,606000.25
140000,0,0.007010000000000001,0.007017532984415709,0.8848700523376465,0.003532776981592178,0.00018489909125491978,0.003961764741688967,0.2005776671131707,0.021644968539476395,231574.71875,605605.9375
142000,0,0.007010000000000001,0.00701749324798584,0.8843772411346436,0.003528331592679024,0.00015948512591421602,0.0039744130335748196,0.20453943185485968,0.021583953872323036,231846.3125,605288.4375
144000,0,0.00841,0.008417169253031431,0.8791361451148987,0.0035646606236696245,0.00032944853883236646,0.004113462753593922,0.20851384395711192,0.021306801587343216,235655.34375,603631.5
146000,0,0.00841,0.008416493733723995,0.8762993812561035,0.003542717546224594,0.000312685314565897,0.004179819021373987,0.21262730671070584,0.021413428708910942,237237.484375,601945.5
148000,0,0.00841,0.008416334788004576,0.8735353946685791,0.0035380441695451736,0.0003066545119509101,0.004240219946950674,0.21680712573207983,0.021491076797246933,238786.75,600376.0625
150000,0,0.00841,0.008416136105855343,0.870974600315094,0.003538210317492485,0.0003007996128872037,0.004294202663004398,0.22104734381638536,0.02148565836250782,240218.09375,598894.1875
152000,0,0.00841,0.008416056632995605,0.8683404922485352,0.003564661368727684,0.00032400086056441065,0.004349967464804649,0.22534154741071233,0.02153126709163189,241706.140625,597477.9375
154000,0,0.00841,0.008415897687276241,0.8659242987632751,0.0034992609173059466,0.0002920706057921052,0.004400833044201136,0.22969151487551698,0.02151244319975376,243052.375,596057.75
156000,0,0.00841,0.008415699005126953,0.8635697364807129,0.0034229077398777005,0.00030444904696196317,0.004447010811418295,0.23409234605707296,0.021519692614674568,244377.59375,594753.3125
158000,0,0.00841,0.008415579795837402,0.860927164554596,0.00335257463157177,0.0003574979258701205,0.004501212388277054,0.23853935733415255,0.021537771448493004,245879.96875,593389.9375
160000,0,0.00841,0.00841550032297772,0.8577948212623596,0.0034011777490377424,0.00043063168413937086,0.004575314931571484,0.24304056879110703,0.021506475284695625,247668.5,591833.6875
162000,0,0.00841,0.008416016896565792,0.8540254831314087,0.00343196727335453,0.00045441454276442525,0.004653695970773697,0.24761588465400108,0.021357180550694466,249812.296875,589932.5625
164000,0,0.00841,0.008416056632995605,0.8508266806602478,0.0034273602068424225,0.00035979447420686483,0.004676263313740492,0.2522695806247748,0.021357320249080658,251585.96875,588032.9375
166000,0,0.00841,0.008416096369425474,0.8481010794639587,0.0033615332096815108,0.00031393473036587236,0.004666695836931467,0.2569458439385153,0.02144177444279194,253092.515625,586376.6875
168000,0,0.00841,0.008416096369425474,0.8456259369850159,0.0033274393528699873,0.0003146465867757797,0.00466032512485981,0.2616125379128016,0.021512329578399658,254471.171875,584932.3125
170000,0,0.00841,0.008416056632995605,0.8431264162063599,0.0033113081008195877,0.0003338469890877604,0.004678579978644848,0.26627286070935496,0.021514350548386574,255878.328125,583560.4375
172000,0,0.00841,0.008416136105855343,0.84034663438797,0.003333920985460281,0.00038457096088677644,0.004713249858468771,0.2709514402223385,0.02152221091091633,257457.46875,582115.125
174000,0,0.00841,0.008416295051574707,0.8371416926383972,0.003403019905090332,0.00044992747716605664,0.004763306118547916,0.2756646891494847,0.02148175984621048,259285.46875,580486.0
176000,0,0.00841,0.008416374524434445,0.8335105180740356,0.0033074162900447843,0.0004769205581396818,0.004813283681869507,0.2804279966650165,0.021379947662353516,261352.203125,578612.1875
178000,0,0.00841,0.008416612943013546,0.829285740852356,0.0032548446208238604,0.0005708538927137851,0.0048712510615587234,0.2852412808125473,0.02132416144013405,263769.84375,576486.5
180000,0,0.00841,0.008416970570882198,0.8241995573043823,0.0031895451247692104,0.0006307746283710003,0.0049459910951554775,0.29011253373675117,0.021168017759919167,266681.0625,573919.125
182000,0,0.00841,0.008417248725891113,0.8186758160591125,0.003120319917798042,0.0006619327235966921,0.005016613751649857,0.2950585262288905,0.02109854482114315,269821.59375,571007.5
184000,0,0.00841,0.008417288462320982,0.8132049441337585,0.0032169468700885768,0.0008552763611078262,0.005063923541456461,0.30007513998054036,0.021098461002111435,272909.53125,567997.125
186000,0,0.00841,0.008417606353759766,0.8069261312484741,0.0032339684665203096,0.0008155438117682934,0.005131825804710388,0.3051390649189807,0.025177501142024994,276501.53125,564744.375
188000,0,0.00841,0.008417963981628418,0.8003473877906799,0.0033016018569469448,0.0006915693171322346,0.005212427116930485,0.31027089165501365,0.021274391561746597,280228.5625,561172.625
190000,0,0.00841,0.008418103059132875,0.7944791316986084,0.003385132178664207,0.0005910830106586217,0.0052968780510127544,0.3154833197032667,0.021202465519309044,283496.71875,557740.25
192000,0,0.00841,0.008418083190917969,0.7894220352172852,0.003317081183195114,0.0005162761546671391,0.005389583762735128,0.32078019821994075,0.021107647567987442,286296.46875,554717.5625
194000,0,0.00841,0.008418023586273193,0.7853391170501709,0.0033126942813396453,0.00045094825327396393,0.0054817115887999535,0.32616978337965974,0.021129420027136803,288539.96875,552215.625
196000,0,0.00841,0.008417805035909054,0.7819108963012695,0.003312460333108902,0.00041751549579203127,0.005584056954830885,0.33165149264015326,0.02125793695449829,290429.46875,550141.625
198000,0,0.00841,0.008417765299479185,0.7788747549057007,0.0033239264041185377,0.00039970306679606434,0.0057020774111151695,0.3372355514576293,0.02134636975824833,292115.25,548356.0
200000,0,0.00841,0.008417725563049316,0.7760875821113586,0.003353115916252136,0.00038836963940411804,0.005827144719660282,0.34293762980006703,0.021441670134663582,293669.8125,546746.875
202000,0,0.00841,0.008417685826619503,0.77354496717453,0.003364860266447067,0.00037929113022983074,0.005942157469689846,0.34876477312274345,0.02144569344818592,295084.375,545268.125
204000,0,0.00841,0.008417606353759766,0.7712191343307495,0.0034163154661655424,0.00039429054595530033,0.006031411234289408,0.3547069296611107,0.021475130692124367,296387.28125,543944.875
206000,0,0.00841,0.008417606353759766,0.7690224051475525,0.0033941343426704407,0.0003535552881658077,0.006095894146710634,0.36073833949841627,0.021521739661693573,297606.28125,542660.0
208000,0,0.00841,0.008417606353759766,0.7671895623207092,0.003395882248878479,0.0003510484239086508,0.0061236717738211155,0.3668342345764495,0.021583769470453262,298620.5,541574.75
210000,0,0.00841,0.00841754674911499,0.765510618686676,0.003394465893507004,0.00033490967471152546,0.006141591817140579,0.3729579068159319,0.021606460213661194,299554.78125,540598.9375
212000,0,0.00841,0.008417407671610533,0.7639625668525696,0.00339679941534996,0.0003351605264469981,0.006162391044199467,0.37909949537344345,0.02164808288216591,300421.75,539717.6875
214000,0,0.00841,0.008417407671610533,0.7624603509902954,0.003395074605941772,0.00032813665457069873,0.0061934287659823895,0.38526188502065906,0.02167227678000927,301262.65625,538863.0625
216000,0,0.00841,0.008417367935180664,0.7611413598060608,0.003392798081040382,0.0003236744785681367,0.006230302155017853,0.391455314717964,0.02172989957034588,301995.21875,538093.4375
218000,0,0.00841,0.008417288462320982,0.759951114654541,0.0033931031823158262,0.0003187493653967976,0.00628003990277648,0.39768562059827217,0.021734680980443954,302657.875,537403.1875
220000,0,0.00841,0.008417288462320982,0.7588645219802856,0.0033967740833759307,0.0003121132962405682,0.00634097820147872,0.40396565724141964,0.021795962005853653,303263.78125,536776.0625
222000,0,0.00841,0.008417248725891113,0.7578665614128113,0.003404286131262779,0.000312788737937808,0.006390410475432873,0.41030663544289836,0.021799074485898018,303820.1875,536201.5
224000,0,0.00841,0.0084172089894613,0.7569403052330017,0.0034058157354593275,0.00031500135082751507,0.006440785247832537,0.4166970477809764,0.021802600473165512,304337.625,535671.375
226000,0,0.00841,0.008417169253031431,0.7560625076293945,0.0034144587814807894,0.00031618729699403044,0.0064667994156479836,0.42313783163182506,0.021873589605093002,304829.875,535175.125
228000,0,0.00841,0.00841708978017175,0.7552028894424438,0.0034165747463703153,0.0003181000472977757,0.006473398767411709,0.42960463011615047,0.02186955139040947,305314.125,534696.1875
230000,0,0.00841,0.00841708978017175,0.7543479204177856,0.0034156404435634613,0.00032069776207208637,0.006480703596025705,0.43607802934922346,0.021938763558864594,305795.6875,534219.75
232000,0,0.00841,0.008417129516601562,0.7534980177879333,0.0034131057560443877,0.00032520678360015154,0.006498000584542751,0.44255873294524917,0.021899867802858353,306274.90625,533748.5625
234000,0,0.00841,0.008417129516601562,0.7526293396949768,0.0034029133617877955,0.0003314533736556769,0.00653038639575243,0.4490567344611145,0.02191118150949478,306767.03125,533273.8125
236000,0,0.00841,0.008417169253031431,0.7517094016075134,0.00338997021317482,0.0003401073394343257,0.006550563033670187,0.45558711945988306,0.021917711943387985,307290.8125,532780.0
238000,0,0.00841,0.008417169253031431,0.7506793141365051,0.003365230560302734,0.00035266533959656956,0.006547007709741592,0.46213768528752097,0.02188178524374962,307880.65625,532238.1875
240000,0,0.00841,0.0084172089894613,0.7494572401046753,0.003327557817101478,0.00038126488216221326,0.006515078712254763,0.46868469672255286,0.021901831030845642,308585.59375,531610.5625
242000,0,0.00841,0.008417288462320982,0.7478869557380676,0.003277745470404625,0.00044741895981132985,0.006471037864685059,0.4751997731065012,0.021821575239300728,309498.65625,530827.8125
244000,0,0.00841,0.00841732819875085,0.7456756234169006,0.0032269839197397233,0.0005794933531433344,0.006437312811613083,0.48167081050552496,0.021732259541749954,310795.90625,529757.8125
246000,0,0.00841,0.008417606353759766,0.7425246238708496,0.0031976066529750824,0.0006956446450203657,0.006450505927205086,0.48810812657676705,0.021530482918024063,312642.8125,528223.1875
248000,0,0.00841,0.008417884508768736,0.7388584613800049,0.0032244056463241575,0.000674829538911581,0.0064804223366081715,0.49455862924434313,0.021419377997517586,314752.1875,526311.75
250000,0,0.00841,0.008417963981628418,0.7352817058563232,0.003215820342302322,0.000624092435464263,0.006491410546004772,0.5010390525122739,0.021370859816670418,316766.25,524311.3125
252000,0,0.00841,0.008417924245198605,0.7319436073303223,0.003201897069811821,0.0005943507887423038,0.006482607685029507,0.5075304635239399,0.021377498283982277,318646.65625,522437.375
254000,0,0.00841,0.008417924245198605,0.7284175753593445,0.003202206641435623,0.0006009856704622507,0.006501012947410345,0.514013068880663,0.02134636975824833,320653.4375,520520.03125
256000,0,0.00841,0.008418083190917969,0.7245736122131348,0.003232418745756149,0.000595527607947588,0.006560480687767267,0.5205140836907185,0.021334389224648476,322851.84375,518456.71875
258000,0,0.00841,0.008418083190917969,0.7208716869354248,0.003214810788631439,0.0005581200588494539,0.006613822653889656,0.5270745662411309,0.021334335207939148,324937.15625,516380.5
260000,0,0.00841,0.008418122927347838,0.7173477411270142,0.0032080747187137604,0.0005428419448435306,0.006663138046860695,0.5336883893606819,0.021334506571292877,326919.375,514393.6875
262000,0,0.00841,0.008418043454488155,0.7139719128608704,0.0032148808240890503,0.0005367418751120567,0.0067109353840351105,0.5403515274075426,0.0213457103818655,328819.5,512492.46875
264000,0,0.00841,0.008418003718058287,0.710710883140564,0.0032288555055856706,0.0005355214234441519,0.006756593938916922,0.5470624609289325,0.02134234644472599,330656.71875,510659.65625
266000,0,0.00841,0.008417924245198605,0.7075549364089966,0.0032518386840820314,0.0005336221307516097,0.006790234241634607,0.553819055799172,0.021365851163864136,332435.25,508886.84375
268000,0,0.00841,0.008417924245198605,0.7044728994369507,0.00327189713716507,0.0005404558964073658,0.006812602281570435,0.5606092900408066,0.021940704435110092,334174.78125,507161.625
270000,0,0.00841,0.008417884508768736,0.7013835310935974,0.003286701440811157,0.0005625596735626459,0.0068404520861804485,0.5674218918567158,0.022286007180809975,335925.3125,505449.15625
272000,0,0.00841,0.008417805035909054,0.6981592178344727,0.0033117040991783144,0.0006008601281791925,0.006865878123790026,0.5742623453398801,0.025495948269963264,337762.4375,503685.75
274000,0,0.00841,0.008417844772338867,0.6947723627090454,0.0033189840614795685,0.0006138069555163383,0.006875777617096901,0.5811282262576378,0.02896665409207344,339690.71875,501828.875
276000,0,0.00841,0.008417844772338867,0.6913617849349976,0.0033117473125457765,0.000620513642206788,0.00685687642544508,0.5880040062030412,0.02975792996585369,341623.84375,499938.59375
278000,0,0.00841,0.008417884508768736,0.6877927184104919,0.0032961368560791016,0.0006612302269786597,0.006855443120002747,0.5948608803001798,0.028504811227321625,343660.75,497990.84375
280000,0,0.00841,0.008417924245198605,0.684087336063385,0.003265784308314323,0.0007136703468859195,0.0068509564734995365,0.6017163243515051,0.02781485952436924,345762.53125,495943.5
282000,0,0.00841,0.008418003718058287,0.6799983978271484,0.0032132655382156373,0.0006731371860951186,0.0068415687419474125,0.6085672803593434,0.02785193920135498,348107.15625,493737.03125
284000,0,0.00841,0.008418043454488155,0.6758942604064941,0.003199397772550583,0.0006492482032626867,0.006843675393611193,0.6154088495669521,0.027594681829214096,350439.21875,491469.96875
286000,0,0.00841,0.008418122927347838,0.6718279123306274,0.0032086838036775585,0.000652598449960351,0.006870601326227188,0.6222525272888697,0.02685856819152832,352742.9375,489206.21875
288000,0,0.00841,0.008418122927347838,0.6677581667900085,0.0032056801021099093,0.0006810090970247983,0.006911065429449081,0.6291231309434033,0.026451967656612396,355047.875,486940.09375
290000,0,0.00841,0.00841820240020752,0.6635975241661072,0.003186316043138504,0.0006900409702211618,0.00695814797654748,0.6360341949758685,0.0261257104575634,357419.03125,484654.375
292000,0,0.00841,0.008417805035909054,0.6592562794685364,0.004068542271852493,0.0010483606718480587,0.007016264367848635,0.6429923438837386,0.035975053906440735,359918.65625,482321.4375
294000,0,0.00841,0.008419533570607485,0.652649462223053,0.0032526917755603788,0.0008135369978845119,0.00719779497012496,0.6500086063889421,0.025689922273159027,363865.0,479087.6875
296000,0,0.00841,0.00841925541559857,0.6467770338058472,0.0032108761370182037,0.0007092231884598731,0.0072577646933496,0.6572064004277445,0.025214508175849915,367148.78125,475699.03125
298000,0,0.00841,0.008419056733449282,0.6414652466773987,0.0032151132822036744,0.0006547213532030582,0.007288616616278887,0.6644641637241102,0.02454647235572338,370119.53125,472637.53125
300000,0,0.00841,0.008418798446655273,0.6367157101631165,0.0032080568373203276,0.000627859542146325,0.0073427860625088215,0.671752781737373,0.023960504680871964,372774.625,469901.25
302000,0,0.00841,0.008418560028076172,0.6323651671409607,0.0032061558216810223,0.0006210597697645426,0.007437639869749546,0.6790955677998818,0.023181693628430367,375214.53125,467411.84375
304000,0,0.00841,0.008418440818786621,0.6282863616943359,0.003192915394902229,0.0006074406206607819,0.0075464751571416855,0.6865332090666152,0.02238786593079567,377508.1875,465091.15625
306000,0,0.00841,0.008418281873067257,0.624467134475708,0.0031777646392583845,0.0005983687937259674,0.007646824698895216,0.6940796832924343,0.021595193073153496,379654.9375,462918.5625
308000,0,0.00841,0.008418281873067257,0.620842695236206,0.0031632721424102784,0.0006153745111078024,0.007737522479146719,0.7017265079913295,0.02506619319319725,381697.90625,460870.46875
310000,0,0.00841,0.008418281873067257,0.617163896560669,0.003124724328517914,0.0006251334212720394,0.007795456796884537,0.7094640318674601,0.021121792495250702,383806.3125,458850.28125
312000,0,0.00841,0.00841820240020752,0.6134520173072815,0.0031455587595701213,0.0006419627927243709,0.007852081209421158,0.7172594868016995,0.02104104310274124,385915.875,456776.28125
314000,0,0.00841,0.008418043454488155,0.6096245646476746,0.003162392973899841,0.0006695495452731848,0.00790425669401884,0.7251115689424432,0.021109895780682564,388100.6875,454652.84375
316000,0,0.00841,0.008418043454488155,0.6056566834449768,0.0031555209308862684,0.0006740137934684754,0.007914598099887371,0.7330158274991072,0.021161552518606186,390362.0625,452447.125
318000,0,0.00841,0.008418043454488155,0.6017056703567505,0.003166975826025009,0.0006618826650083065,0.007881264202296734,0.7409304265303172,0.021153276786208153,392602.375,450232.5625
320000,0,0.00841,0.008417924245198605,0.5978928804397583,0.0031748924404382704,0.0006453041452914477,0.007861186750233173,0.748811692595259,0.021182410418987274,394756.875,448083.21875
322000,0,0.00841,0.008417924245198605,0.594218909740448,0.003179636225104332,0.0006509599741548299,0.007911435328423977,0.7566728802768148,0.021180888637900352,396834.875,446015.6875
324000,0,0.00841,0.008417924245198605,0.5903138518333435,0.0031931132078170774,0.0007743843831121921,0.00803168211132288,0.7645843174678839,0.02119419351220131,399087.90625,443882.96875
326000,0,0.00841,0.008417884508768736,0.5862137675285339,0.003184762969613075,0.0007163154892623425,0.008137635886669159,0.7726159958539165,0.021182533353567123,401419.8125,441595.0
328000,0,0.00841,0.008417884508768736,0.5822728276252747,0.0031734339892864226,0.0006848780438303947,0.008292917162179947,0.7807536289466179,0.02118253894150257,403651.53125,439380.21875
330000,0,0.00841,0.008417844772338867,0.5784883499145508,0.0031588949263095857,0.0006705933716148138,0.008473957888782024,0.7890465470401204,0.02119414322078228,405794.0625,437251.6875
332000,0,0.00841,0.008417844772338867,0.5748394131660461,0.0031705427914857864,0.0006591003388166427,0.008667227812111378,0.7975205039975799,0.021194836124777794,407860.46875,435200.21875
334000,0,0.00841,0.008417805035909054,0.5712485909461975,0.0031530477106571195,0.0006665114313364028,0.008874485269188881,0.8061877299470461,0.021257854998111725,409902.8125,433192.5625
336000,0,0.00841,0.008417844772338867,0.5676470994949341,0.0031572476029396055,0.0006804732140153647,0.009078554809093475,0.8150622189415253,0.021270671859383583,411951.9375,431179.65625
338000,0,0.00841,0.008417765299479185,0.5641815662384033,0.0031838808208703995,0.0006318087223917247,0.009264253079891205,0.8241407728192962,0.021270787343382835,413911.625,429226.09375
340000,0,0.00841,0.008417805035909054,0.5609738230705261,0.003194399550557136,0.0005953377112746239,0.009378552436828613,0.83340502683051,0.021305253729224205,415721.90625,427412.875
342000,0,0.00841,0.008417765299479185,0.5579723119735718,0.0032047953456640246,0.0005837434902787209,0.009479684755206108,0.8427835774046935,0.021334584802389145,417414.6875,425714.09375
344000,0,0.00841,0.008417685826619503,0.5551258325576782,0.0032177690416574476,0.0005745569709688425,0.00961365271359682,0.8522632649538673,0.021353356540203094,419022.5,424106.40625
346000,0,0.00841,0.008417646090189634,0.5524114966392517,0.003231944516301155,0.0005718731787055731,0.00975453294813633,0.8618769130108512,0.021356606855988503,420559.84375,422577.9375
348000,0,0.00841,0.008417606353759766,0.549738883972168,0.0032432150095701214,0.0005657479632645845,0.009848950430750847,0.8716314440963424,0.021367745473980904,422079.25,421080.875
350000,0,0.00841,0.008417606353759766,0.5471894145011902,0.003233358636498451,0.0005664234980940819,0.009904902428388596,0.8814804010463513,0.02142617106437683,423522.8125,419645.46875
352000,0,0.00841,0.008417566617329952,0.5444403290748596,0.003259941190481186,0.0006709825713187455,0.01007642038166523,0.8913852997494496,0.024578575044870377,425154.34375,418189.28125
354000,0,0.00841,0.008417606353759766,0.5412998199462891,0.003230154886841774,0.0006577679421752691,0.010296325199306011,0.9014617229250825,0.021368440240621567,426935.71875,416425.5
356000,0,0.00841,0.008417606353759766,0.5377660393714905,0.003279290720820427,0.0007323621306568384,0.010580804198980331,0.9117580434677757,0.021368252113461494,428954.90625,414458.0625
358000,0,0.00841,0.008417685826619503,0.5340064764022827,0.003303365036845207,0.0006427402142435312,0.011346222832798958,0.9223388467354334,0.021342219784855843,431107.8125,412368.9375
360000,0,0.00841,0.008417685826619503,0.530971109867096,0.0032969865947961806,0.0005555914249271154,0.011859660968184471,0.9336850677055872,0.021333059296011925,432808.875,410638.5
362000,0,0.00841,0.008417685826619503,0.5284162759780884,0.003296750411391258,0.0005261965095996856,0.012378095649182796,0.9455447296050943,0.021345576271414757,434241.5625,409181.78125
364000,0,0.00841,0.008417606353759766,0.5260952115058899,0.003280290216207504,0.000510214315727353,0.012781952507793903,0.957922818735019,0.021434228867292404,435549.96875,407866.34375
366000,0,0.00841,0.008417606353759766,0.5239902138710022,0.0032698694616556164,0.000496818358078599,0.013051827438175678,0.9707047656548775,0.021426377817988396,436737.625,406674.125
368000,0,0.00841,0.008417526880900084,0.522045910358429,0.003268424794077873,0.0004921623971313238,0.013140215538442135,0.9837565968183435,0.02142670564353466,437838.21875,405576.875
370000,0,0.00841,0.008417526880900084,0.5202264785766602,0.0032688971608877183,0.0004849197808653116,0.01327574998140335,0.9968968179447211,0.021465152502059937,438867.09375,404548.78125
372000,0,0.00841,0.008417487144470215,0.5185346007347107,0.003266700729727745,0.0004773226566612721,0.013401968404650688,1.010172562338189,0.021465947851538658,439823.71875,403593.125
374000,0,0.00841,0.008417407671610533,0.5169280171394348,0.0032645095139741892,0.0004728300031274557,0.013326631858944893,1.0235745307428397,0.021547863259911537,440734.90625,402688.1875
376000,0,0.00841,0.008417407671610533,0.5153670310974121,0.003249578177928924,0.0004714417736977339,0.01338895969092846,1.0369011626017846,0.02165868505835533,441623.0,401812.59375
378000,0,0.00841,0.00841732819875085,0.5138272047042847,0.0032331254333257675,0.00047180512920022013,0.013398254290223122,1.050290122292713,0.021779241040349007,442500.1875,400949.6875
380000,0,0.00841,0.00841732819875085,0.5122708678245544,0.00321732722222805,0.00047725979238748555,0.013436851091682911,1.0636883700636781,0.02182924374938011,443390.0,400081.21875
382000,0,0.00841,0.00841732819875085,0.5106402635574341,0.0032107967883348463,0.0004898966755717993,0.013434252701699734,1.0771252164987482,0.021834000945091248,444327.46875,399177.28125
384000,0,0.00841,0.00841732819875085,0.5088937282562256,0.0032257802784442903,0.0005223167594522238,0.013243293389678001,1.0905594654751576,0.02170933410525322,445334.53125,398212.59375
386000,0,0.00841,0.008417487144470215,0.5067592263221741,0.0032179143279790876,0.0005792096722871065,0.013043064624071121,1.1038027607274807,0.02149123139679432,446591.5625,397063.03125
388000,0,0.00841,0.008417606353759766,0.5047157406806946,0.003205173835158348,0.0004957538563758135,0.013037756085395813,1.1168458262828744,0.02143603190779686,447741.5625,395906.28125
390000,0,0.00841,0.008417606353759766,0.5030741691589355,0.0032053101807832714,0.0004637448582798242,0.013230620883405209,1.1298835879562057,0.021426193416118622,448657.84375,394967.5
392000,0,0.00841,0.008417566617329952,0.5016947984695435,0.0032079588621854783,0.0004482480697333813,0.013505521230399609,1.143114208839611,0.02142646722495556,449429.5625,394179.0
394000,0,0.00841,0.008417566617329952,0.5004915595054626,0.003207986056804657,0.00043918779119849204,0.013621491380035877,1.1566197300700105,0.021426653489470482,450103.75,393492.25
396000,0,0.00841,0.008417526880900084,0.49943357706069946,0.003215409815311432,0.0004381928592920303,0.013656776398420334,1.1702412139994658,0.02146516740322113,450697.53125,392888.84375
398000,0,0.00841,0.008417487144470215,0.49849945306777954,0.003216487541794777,0.0004369089845567942,0.013675680384039879,1.183897995054499,0.02160864695906639,451220.25,392354.46875
400000,0,0.00841,0.008417447408040402,0.49767813086509705,0.003213643282651901,0.00043449462391436094,0.01383410394191742,1.1975736726445712,0.021865619346499443,451679.84375,391884.40625
402000,0,0.00841,0.008417407671610533,0.49694615602493286,0.0032133195549249646,0.0004269121214747429,0.01385857816785574,1.2114077728611983,0.02210272289812565,452089.9375,391465.625
404000,0,0.00841,0.008417367935180664,0.4962855875492096,0.003212391957640648,0.000420749094337225,0.013853768818080425,1.2252663584796346,0.022292304784059525,452460.46875,391088.46875
406000,0,0.00841,0.008417288462320982,0.49568092823028564,0.0032113663852214812,0.0004165005870163441,0.013866429217159748,1.2391201235724247,0.02247922308743,452800.21875,390743.8125
408000,0,0.00841,0.008417288462320982,0.4951215386390686,0.003210170194506645,0.0004129890818148851,0.01394576858729124,1.252986551858262,0.02259870246052742,453115.0,390425.1875
410000,0,0.00841,0.008417288462320982,0.49461793899536133,0.003209920227527618,0.0004104004241526127,0.013897654600441456,1.2669323167202629,0.022760489955544472,453398.0,390138.03125
412000,0,0.00841,0.008417248725891113,0.49414727091789246,0.0032096017152070996,0.0004087508656084537,0.013849208131432533,1.2808299769086398,0.022841498255729675,453661.71875,389869.0625
414000,0,0.009810000000000001,0.009817361831665039,0.48937341570854187,0.0032310184091329575,0.0005533433053642511,0.01444997824728489,1.2946791822461046,0.022922802716493607,458002.375,388085.15625
416000,0,0.009810000000000001,0.009816964467366573,0.4861210882663727,0.0032209571450948714,0.0005362138617783785,0.014809120446443558,1.3091291576994217,0.023208608850836754,459845.5,386238.71875
418000,0,0.009810000000000001,0.009816845258077023,0.48317185044288635,0.003222373500466347,0.0005207623355090617,0.015382843092083931,1.3239382818711556,0.02339904196560383,461519.0,384566.09375
420000,0,0.009810000000000001,0.009816765785217285,0.48046573996543884,0.0032241109758615496,0.0005062172655016184,0.016688663512468338,1.3393211156500138,0.023583432659506798,463056.46875,383032.84375
422000,0,0.009810000000000001,0.009816765785217285,0.4780155420303345,0.003223405405879021,0.0004949219059199095,0.019358839839696884,1.356009777299837,0.023698581382632256,464447.65625,381643.8125
424000,0,0.009810000000000001,0.009816646575927734,0.47580480575561523,0.0032236710190773005,0.0004833023529499769,0.02453072927892208,1.3753686227274693,0.027586491778492928,465702.25,380389.4375
426000,0,0.009810000000000001,0.009816567103068052,0.4738008379936218,0.0032128643244504927,0.00047423737123608584,0.030437830835580826,1.3998993557316817,0.02385280467569828,466843.34375,379255.6875
428000,0,0.009810000000000001,0.00981648763020837,0.47192883491516113,0.0032141625881195067,0.00046896273270249364,0.03594066947698593,1.4303371847046173,0.023862387984991074,467915.84375,378202.25
430000,0,0.009810000000000001,0.009816408157348633,0.47012320160865784,0.0032076206058263778,0.0004677900578826666,0.0405513159930706,1.4662778653574742,0.02383415773510933,468955.59375,377190.46875
432000,0,0.009810000000000001,0.00981632868448895,0.4683120846748352,0.0031970128417015075,0.00047173853963613507,0.04429496452212334,1.5068291813505448,0.023759806528687477,470004.71875,376181.5
434000,0,0.009810000000000001,0.009816249211629269,0.4663923382759094,0.003176237270236015,0.00048678861930966376,0.0457669273018837,1.55112416822441,0.023575587198138237,471126.25,375120.0625
436000,0,0.009810000000000001,0.009816169738769531,0.4641656279563904,0.003141947090625763,0.0005299176089465618,0.04392749443650246,1.5968911104274548,0.02317037619650364,472442.75,373902.375
438000,0,0.009810000000000001,0.00981609026590985,0.4612007141113281,0.003105727769434452,0.0006435242015868424,0.037516579031944275,1.640818601138667,0.024203356355428696,474218.125,372300.8125
440000,0,0.009810000000000001,0.009815971056620298,0.45687735080718994,0.003062496520578861,0.0008295959793031216,0.026269689202308655,1.6783351727200306,0.023669175803661346,476814.28125,369969.28125
442000,0,0.009810000000000001,0.009815911451975523,0.4512183368206024,0.0030445322394371034,0.0008635573089122771,0.01981940120458603,1.7046048544717587,0.020536882802844048,480149.03125,366858.71875
444000,0,0.009810000000000001,0.009815971056620298,0.4456358551979065,0.0030530307441949843,0.0007568404078483581,0.018660321831703186,1.7244242631269253,0.020743560045957565,483336.90625,363704.03125
446000,0,0.009810000000000001,0.009815990924835205,0.4405430555343628,0.003105777129530907,0.0007043913938105105,0.018911587074398994,1.743084590546564,0.02630492113530636,486240.6875,360821.875
448000,0,0.009810000000000001,0.009815891583760616,0.4360295832157135,0.003115483745932579,0.0006623294670134783,0.02020411007106304,1.7619961701703823,0.020533263683319092,488817.96875,358269.9375
450000,0,0.009810000000000001,0.00981593132019043,0.4319257140159607,0.0031474363058805466,0.0006749943830072879,0.022114498540759087,1.7822002858293808,0.02053329162299633,491177.28125,355962.75
452000,0,0.009810000000000001,0.009816010793050167,0.4276932179927826,0.003118285723030567,0.0006880705710500478,0.024154875427484512,1.8043147955460108,0.02053898200392723,493616.59375,353587.28125
454000,0,0.009810000000000001,0.009816010793050167,0.423667311668396,0.003117363154888153,0.0006656412035226822,0.026970306411385536,1.8284696691108502,0.020533282309770584,495924.84375,351316.375
456000,0,0.009810000000000001,0.009815971056620298,0.419927716255188,0.003107413649559021,0.0006510774139314889,0.029111599549651146,1.8554399755222357,0.020538970828056335,498049.53125,349191.75
458000,0,0.009810000000000001,0.009815772374471066,0.4163825809955597,0.00309284720569849,0.00065512852743268,0.031097382307052612,1.8845515676213063,0.02056693285703659,500072.40625,347182.875
460000,0,0.009810000000000001,0.009815692901611328,0.412796288728714,0.003089584223926067,0.0006740537937730551,0.032827574759721756,1.915648951791004,0.020572567358613014,502131.03125,345159.75
462000,0,0.009810000000000001,0.009815732638041197,0.4089450538158417,0.003083694167435169,0.0007012566085904836,0.03479766100645065,1.948476541451887,0.02059265226125717,504351.375,342994.09375
464000,0,0.009810000000000001,0.009815692901611328,0.4048163890838623,0.0030560038983821866,0.0007356935180723667,0.035494282841682434,1.9832742024583376,0.020568959414958954,506723.96875,340666.65625
466000,0,0.009810000000000001,0.009815533955891964,0.4004446268081665,0.0030455179512500763,0.0007451809011399746,0.05905253440141678,2.0187684741241494,0.020555976778268814,509237.9375,338202.46875
468000,0,0.009810000000000001,0.0098143418629964,0.3960364758968353,0.0030700556933879854,0.0007470270618796348,2.338698148727417,2.077821030877308,0.022308392450213432,511771.03125,335711.03125
470000,0,0.009810000000000001,0.009803533554077148,0.3921235501766205,0.0030836269259452817,0.0007533562369644641,56.524845123291016,4.416518702767567,0.0585327185690403,514091.21875,333433.8125
472000,0,0.009810000000000001,0.009798765182495117,0.3892631530761719,0.003114752285182476,0.0007387856021523476,92.82732391357422,60.94136764075585,0.069732666015625,515766.65625,331764.65625
474000,0,0.009810000000000001,0.009794155756632505,0.38697028160095215,0.003135610744357109,0.0007249406073242425,117.16710662841797,153.76878310706445,0.0688629299402237,517095.125,330432.0
476000,0,0.009810000000000001,0.009792049725850405,0.3850269913673401,0.0031446829438209535,0.0007126317825168372,130.64239501953125,270.9359278824551,0.0643768385052681,518214.28125,329309.21875
478000,0,0.009810000000000001,0.009790460268656431,0.38344109058380127,0.0031496159732341765,0.0007009490393102168,138.29420471191406,401.57839919593164,0.0684356689453125,519124.71875,328397.125
480000,0,0.009810000000000001,0.009791413942972838,0.3821089267730713,0.0031523082405328752,0.0006917555350810289,134.738037109375,539.8726344254238,0.0789947584271431,519878.46875,327639.96875
482000,0,0.009810000000000001,0.0097913344701131,0.38094714283943176,0.003156386688351631,0.0006855200044810772,147.95704650878906,674.6106562760098,0.0771179348230362,520550.78125,326964.15625
484000,0,0.009810000000000001,0.009788711865742983,0.37990567088127136,0.003161970153450966,0.0006806084886193275,150.11439514160156,822.5676570084316,0.06597900390625,521144.03125,326369.28125
486000,0,0.009810000000000001,0.009787877400716127,0.3789600729942322,0.0031642451882362365,0.000676683010533452,148.8950653076172,972.6820979264004,0.0752563551068306,521678.09375,325831.0
488000,0,0.009810000000000001,0.009787837664286314,0.3780776560306549,0.0031704969704151155,0.0006714328657835722,152.50856018066406,1121.5771784928065,0.0699767917394638,522180.375,325323.0625
490000,0,0.009810000000000001,0.009788314501444462,0.377277672290802,0.0031763788312673567,0.0006656627636402845,153.76309204101562,1274.0857234146815,0.0853424146771431,522634.5,324864.84375
492000,0,0.009810000000000001,0.009786725044250488,0.37656083703041077,0.0031817257404327393,0.0006607507821172475,159.28688049316406,1427.8488612320643,0.06190492585301399,523046.03125,324451.0625
494000,0,0.009810000000000001,0.009786526362101255,0.3759085237979889,0.0031821109354496,0.0006569977384060621,159.90089416503906,1587.1357417252284,0.062896728515625,523416.125,324078.34375
496000,0,0.009810000000000001,0.009786367416381836,0.37530985474586487,0.003184721618890762,0.0006538175046443939,160.3409423828125,1747.036544337533,0.0629425048828125,523755.5,323736.59375
498000,0,0.009810000000000001,0.009786923726399721,0.37475717067718506,0.003187008574604988,0.0006515061482787132,162.62893676757812,1907.3775172379237,0.0671539381146431,524070.90625,323419.15625
500000,0,0.009810000000000001,0.009787599245707157,0.37424302101135254,0.0031898457556962965,0.0006493067368865012,155.0277557373047,2070.0064082291346,0.0867767408490181,524355.3125,323133.59375
502000,0,0.009810000000000001,0.00978696346282959,0.37375956773757935,0.003194053843617439,0.0006472534965723753,159.9590606689453,2225.0341639664393,0.0805206447839737,524634.9375,322853.75
504000,0,0.011210000000000001,0.011181791623433412,0.3696114122867584,0.0032315883785486222,0.000821491051465273,187.99070739746094,2384.9932246353846,0.0603485144674778,528909.6875,321168.9375
506000,0,0.011210000000000001,0.011180599530537905,0.3669373393058777,0.0032368674874305725,0.0007990660145878792,198.32241821289062,2572.9839472916346,0.0671844631433487,530451.0,319632.0625
508000,0,0.011210000000000001,0.011177500089009584,0.3647594749927521,0.0032429870218038557,0.0007793198805302381,205.5719451904297,2771.3063655045253,0.060989391058683395,531699.9375,318380.78125
510000,0,0.011210000000000001,0.011177102724711063,0.3629409372806549,0.0032503962516784667,0.0007691869977861642,210.08084106445312,2976.8781733658534,0.06610107421875,532743.5,317338.0
512000,0,0.011210000000000001,0.011175990104675293,0.3614335060119629,0.0032268006354570387,0.0007986780256032944,214.73329162597656,3186.9590144303065,0.0623931922018528,533611.125,316476.6875
514000,0,0.011210000000000001,0.011174201965332031,0.3600228726863861,0.0031998027116060257,0.0007648375350981951,217.16346740722656,3401.6921839859706,0.065765380859375,534463.25,315698.5625
516000,0,0.011210000000000001,0.011175195376078306,0.35871410369873047,0.0031935248523950574,0.0007454956416040659,217.18145751953125,3618.8557124283534,0.0821228176355362,535215.125,314953.46875
518000,0,0.011210000000000001,0.011171936988830566,0.35749587416648865,0.003188416361808777,0.0007389490026980638,233.84796142578125,3836.0371852066737,0.0586242750287056,535929.25,314242.125
520000,0,0.011210000000000001,0.011173288027445438,0.35631826519966125,0.0031846992671489714,0.0007350862491875887,232.75856018066406,4069.885116114877,0.0567932203412056,536599.1875,313569.53125
522000,0,0.011210000000000001,0.011171857515970829,0.35518983006477356,0.0031843401491641996,0.0007303655613213777,229.83729553222656,4302.643676295541,0.0789032056927681,537242.125,312928.625
524000,0,0.011210000000000001,0.011171619097391783,0.3541358709335327,0.00318409763276577,0.0007264548912644386,228.7099609375,4532.480956568978,0.0798645168542862,537845.0,312328.9375
526000,0,0.011210000000000001,0.011171738306681334,0.35313713550567627,0.0031848452985286714,0.0007228161673992872,231.06158447265625,4761.190841212533,0.0766143798828125,538420.5,311758.09375
528000,0,0.011210000000000001,0.011171023050944029,0.3521835505962372,0.0031841557472944257,0.0007193268742412327,234.27688598632812,4992.252379908822,0.052252333611249924,538971.875,311213.28125
530000,0,0.011210000000000001,0.011171460151672363,0.3512754440307617,0.0031843252480030057,0.0007157889194786549,226.26806640625,5226.529204859994,0.0689087063074112,539487.0,310705.09375
532000,0,0.011210000000000001,0.011170029640197754,0.3504042625427246,0.0031821947544813153,0.0007127019111067056,239.59768676757812,5452.797225489877,0.0533447340130806,540001.75,310197.5625
534000,0,0.011210000000000001,0.011170665423075377,0.3495626151561737,0.0031786058098077774,0.0007099374197423457,238.1719207763672,5692.394896998666,0.06459047645330429,540484.6875,309720.625
536000,0,0.011210000000000001,0.011170069376627623,0.348738431930542,0.003175189718604088,0.0007082941476255656,231.70709228515625,5930.566939845346,0.0640869140625,540953.6875,309259.8125
538000,0,0.011210000000000001,0.011172731717427553,0.34792765974998474,0.0031714536249637603,0.0007064221426844597,234.173828125,6162.274001612924,0.0762481763958931,541423.5625,308796.375
540000,0,0.011210000000000001,0.011172056198120117,0.34712815284729004,0.003165815398097038,0.0007052303291857242,230.2777099609375,6396.447860255502,0.0760650709271431,541881.75,308347.53125
542000,0,0.011210000000000001,0.011169473330179813,0.34632986783981323,0.0031612999737262726,0.0007039358839392662,238.79559326171875,6626.725585475228,0.060485851019620895,542351.1875,307887.59375
544000,0,0.011210000000000001,0.01116955280303955,0.345537006855011,0.0031528756022453307,0.0007037028204649686,240.93515014648438,6865.521163478158,0.069366455078125,542812.0625,307436.6875
546000,0,0.011210000000000001,0.011169672012329102,0.3447420299053192,0.0031494833528995514,0.0007028689607977866,245.4825897216797,7106.456252589486,0.0664825439453125,543278.0,306982.28125
548000,0,0.011210000000000001,0.01116943359375,0.3439582586288452,0.00314716212451458,0.0007013011723756789,239.1544189453125,7351.938903346322,0.0640106350183487,543725.4375,306545.625
550000,0,0.011210000000000001,0.011169513066609682,0.34321731328964233,0.0031448520720005033,0.0007010935805737972,241.18423461914062,7591.093307032846,0.0676727220416069,544155.875,306123.9375
552000,0,0.011210000000000001,0.011169115702311216,0.3425329029560089,0.003141041472554207,0.0007009816356003284,239.4635772705078,7832.277633204721,0.0632781907916069,544548.5625,305737.21875
554000,0,0.011210000000000001,0.011170228322346987,0.3418534994125366,0.0031498212367296217,0.0007111589889973402,246.4081268310547,8071.741195216439,0.0627288818359375,544946.6875,305344.28125
556000,0,0.011210000000000001,0.011168360710144043,0.34112510085105896,0.0031472101807594297,0.000708659878000617,234.95306396484375,8318.149276271128,0.07449343055486679,545356.75,304942.375
558000,0,0.011210000000000001,0.011167287826538086,0.3404628336429596,0.0031414434313774106,0.0007048016879707575,253.2373504638672,8553.102340235971,0.05847334489226341,545756.0625,304546.75
560000,0,0.011210000000000001,0.011167367299397768,0.339906245470047,0.003139151632785797,0.00070227044634521,241.61782836914062,8806.339599147104,0.0680389404296875,546063.8125,304240.625
562000,0,0.011210000000000001,0.011170268058776855,0.3394452631473541,0.003136535361409187,0.0007010013330727816,229.82237243652344,9047.957442775034,0.0778961256146431,546316.0,303987.625
564000,0,0.012610000000000001,0.012561122576395689,0.33574268221855164,0.003173163905739784,0.0008883649483323097,286.1039123535156,9277.779708400034,0.0682830959558487,550443.5625,302450.03125
566000,0,0.012610000000000001,0.012560089429219545,0.3336184322834015,0.0031838577240705488,0.000875782873481512,288.129638671875,9563.883651271128,0.0814971923828125,551664.5625,301225.4375
568000,0,0.012610000000000001,0.01255897680918372,0.3320823609828949,0.003191852942109108,0.0008676971308887004,304.66119384765625,9852.013412013315,0.0806121900677681,552562.1875,300325.0625
570000,0,0.012610000000000001,0.012557466824849428,0.3308335840702057,0.003194703906774521,0.0008570021018385887,320.40399169921875,10156.674666896128,0.0772857815027237,553296.5625,299594.78125
572000,0,0.012610000000000001,0.012557228406270327,0.3296380937099457,0.0031995590776205058,0.000853236112743616,319.4178466796875,10477.078628077768,0.0811615139245987,553992.8125,298919.53125
574000,0,0.012610000000000001,0.012556910514831543,0.3285730481147766,0.0032056596130132673,0.0008535164408385754,321.3397521972656,10796.4964137223,0.074554443359375,554602.625,298305.8125
576000,0,0.012610000000000001,0.012555678685506222,0.3277474343776703,0.0032120276242494582,0.000855496060103178,330.08856201171875,11117.836135401987,0.0762786939740181,555085.0625,297822.0625
578000,0,0.012610000000000001,0.0125552813212077,0.32710298895835876,0.003214726224541664,0.0008532818406820297,317.8893127441406,11447.924666896128,0.0837555006146431,555443.0625,297464.3125
580000,0,0.012610000000000001,0.012553652127583803,0.3265533149242401,0.0032142285257577897,0.0008533351123332977,327.25909423828125,11765.813888087534,0.0838470607995987,555768.375,297139.15625
582000,0,0.012610000000000001,0.012551466623942076,0.32610082626342773,0.0032146409153938293,0.0008519046939909459,340.92755126953125,12093.073165431284,0.072357177734375,556044.75,296867.5625
584000,0,0.014010000000000002,0.01394299666086829,0.3226141631603241,0.003249220922589302,0.0010378894396126269,409.0882873535156,12434.000838771128,0.0680236890912056,560079.625,295401.5625
586000,0,0.014010000000000002,0.013937870661417606,0.320669949054718,0.0032613713294267653,0.001029146648943424,440.1592712402344,12843.089156642221,0.0679626613855362,561228.375,294246.6875
588000,0,0.014010000000000002,0.013937155405680302,0.31919848918914795,0.0032728563994169238,0.0010254421271383763,435.045654296875,13283.248458400034,0.0835723951458931,562067.5625,293401.34375
590000,0,0.014010000000000002,0.013938228289286314,0.3180330693721771,0.003277131542563438,0.0010233176872134209,444.9131164550781,13718.294021144175,0.0932006910443306,562745.5625,292717.46875
592000,0,0.014010000000000002,0.013933062553405762,0.3171009421348572,0.003276657685637474,0.001020897552371025,475.8086853027344,14163.207320704721,0.0758514478802681,563316.125,292152.375
594000,0,0.014010000000000002,0.013930479685465458,0.3163512945175171,0.0032747633755207057,0.0010175438597798347,479.6123352050781,14639.015883937143,0.0754852369427681,563755.5625,291719.21875
596000,0,0.014010000000000002,0.013933777809143066,0.31572505831718445,0.0032715689390897746,0.0010153785347938537,463.93853759765625,15118.628127589487,0.0762786939740181,564102.875,291374.9375
598000,0,0.014010000000000002,0.01393171151479089,0.3151831328868866,0.0032689131796360014,0.0010114957578480242,464.624755859375,15582.566573634409,0.088653564453125,564421.6875,291067.1875
600000,0,0.014010000000000002,0.013931512832641602,0.31469711661338806,0.0032679460942745204,0.0010096834041178227,466.5054626464844,16047.191115870737,0.0816192701458931,564706.6875,290787.96875
602000,0,0.015410000000000002,0.015324036280314146,0.3111916184425354,0.003288057446479797,0.0012010807171463965,528.60205078125,16513.69645644691,0.07968142628669739,568798.375,289299.71875
604000,0,0.015410000000000002,0.015320897102355957,0.30897748470306396,0.0032944351434707644,0.00119287371635437,528.6793212890625,17042.29862929847,0.0863952785730362,570105.25,288035.1875
606000,0,0.015410000000000002,0.015323519706726074,0.3067716360092163,0.0033001933246850964,0.0011850586161017418,529.5647583007812,17570.978072657846,0.08045961707830429,571415.25,286782.15625
608000,0,0.015410000000000002,0.01532717545827228,0.3043803572654724,0.0032928813248872756,0.001204756274819374,498.5423889160156,18100.542708888315,0.0907592847943306,572797.125,285453.59375
610000,0,0.015410000000000002,0.015327294667561886,0.30137357115745544,0.0032750502228736877,0.0012552540749311448,500.8501892089844,18599.085158839487,0.090606689453125,574596.875,283751.875
612000,0,0.015410000000000002,0.015332579612731934,0.2973216772079468,0.0032879967242479325,0.0013411559164524076,477.2115173339844,19099.93534804847,0.0815582349896431,576999.875,281485.78125
614000,0,0.015410000000000002,0.015327692031860352,0.2909472584724426,0.0032107122242450714,0.0015131939202547072,482.7507629394531,19577.146895900034,0.0764160230755806,580800.5625,277856.0
616000,0,0.015410000000000002,0.015318155288696289,0.28589344024658203,0.003230787441134453,0.001460288371890783,552.6820678710938,20059.89744521644,0.0867156907916069,583801.375,274847.84375
618000,0,0.015410000000000002,0.015309135119120298,0.2825285792350769,0.003251627832651138,0.0014483621343970299,653.2139282226562,20612.57957412269,0.0822601467370987,585874.5625,272793.625
620000,0,0.015410000000000002,0.015301982561747196,0.2803569734096527,0.003259142115712166,0.0014236874878406523,689.4244384765625,21265.793563380503,0.0852813720703125,587188.875,271497.625
622000,0,0.015410000000000002,0.01529749234517419,0.2789560854434967,0.003259032592177391,0.0014123384840786456,742.9871215820312,21955.218184962534,0.08221437782049179,588057.5625,270631.09375
624000,0,0.015410000000000002,0.015295942624409975,0.27789369225502014,0.0032424006611108777,0.0014024788513779638,755.4768676757812,22698.205489650034,0.0810394361615181,588698.625,270009.34375
626000,0,0.015410000000000002,0.015295426050821959,0.27684617042541504,0.003222151845693588,0.00139538012444973,731.442138671875,23453.682540431284,0.0954437404870987,589293.625,269434.65625
628000,0,0.015410000000000002,0.015299439430236816,0.2757892906665802,0.003234589472413063,0.001399062853306532,724.0552368164062,24185.124557032846,0.0935821607708931,589909.5,268835.84375
630000,0,0.015410000000000002,0.015293359756469727,0.27468425035476685,0.0032497178763151164,0.0013992929831147193,737.0613403320312,24909.17967177894,0.0734710842370987,590585.0625,268198.21875
632000,0,0.015410000000000002,0.015293280283610045,0.27347853779792786,0.0032623670995235443,0.0014028121717274188,737.74755859375,25646.241134181284,0.0892181396484375,591310.6875,267512.5
634000,0,0.015410000000000002,0.015296101570129395,0.2721768915653229,0.003264905884861946,0.0014161705970764159,742.878662109375,26383.98857070472,0.0780181959271431,592094.5625,266766.5625
636000,0,0.015410000000000002,0.015295664469401005,0.27053460478782654,0.0032336309552192686,0.0013958049938082695,746.9713134765625,27126.867599025034,0.0849762111902237,593080.0,265828.4375
638000,0,0.015410000000000002,0.015291849772135435,0.2695113718509674,0.0032349459826946257,0.0013786509633064267,749.1769409179688,27873.838790431284,0.0836792141199112,593654.3125,265227.0625
640000,0,0.015410000000000002,0.01529383659362793,0.26885950565338135,0.003237836807966232,0.0013754001818597316,761.5064697265625,28623.015853419565,0.0765533521771431,594036.375,264833.78125
642000,0,0.015410000000000002,0.015291690826416016,0.26835471391677856,0.00323658250272274,0.0013718279078602789,763.2015991210938,29384.522384181284,0.0790558010339737,594331.6875,264542.25
644000,0,0.015410000000000002,0.015289107958475767,0.2679155766963959,0.003237792104482651,0.0013702842406928537,760.5667724609375,30147.724044337534,0.08715818077325821,594584.4375,264293.9375
646000,0,0.016810000000000002,0.016687989234924316,0.2649567425251007,0.003278468921780586,0.001549830101430416,863.6985473632812,30908.290572657846,0.0781097486615181,598488.25,262964.25
648000,0,0.016810000000000002,0.0166824261347453,0.26370343565940857,0.0032841444015502927,0.0015555670484900474,895.6998901367188,31771.989486232065,0.0771484375,599240.3125,262199.5
650000,0,0.016810000000000002,0.016681869824727358,0.26258912682533264,0.0033400498330593107,0.0016225898638367654,874.6964111328125,32667.689559474253,0.06904605031013489,599876.3125,261581.390625
652000,0,0.016810000000000002,0.01668826738993323,0.25861886143684387,0.0033405218273401256,0.001954331062734127,814.0040893554688,33542.38584853675,0.0837707594037056,602295.0,259427.65625
654000,0,0.016810000000000002,0.016690611839294434,0.2509714961051941,0.003185359016060829,0.0021020423620939253,807.7787475585938,34356.39012099769,0.0764160230755806,606887.5625,255078.984375
656000,0,0.016810000000000002,0.01669132709503174,0.24153392016887665,0.003113272413611412,0.00221182219684124,799.3751831054688,35164.16862441566,0.07717897742986679,612434.5625,249657.46875
658000,0,0.016810000000000002,0.016684889793395996,0.23115237057209015,0.003077058680355549,0.0022685781121253965,828.4945068359375,35963.54362441566,0.074981689453125,618592.75,243635.28125
660000,0,0.016810000000000002,0.016672531763712584,0.2222854048013687,0.0030384944751858708,0.002300959825515747,927.9821166992188,36792.038009181284,0.084381103515625,623928.625,238378.96875
662000,0,0.016810000000000002,0.016661643981933594,0.21452827751636505,0.0031111530959606172,0.0023473823443055154,1011.9295043945312,37720.0205531266,0.07715435326099396,628566.375,233804.796875
664000,0,0.016810000000000002,0.01665198802947998,0.2072809636592865,0.0030685685575008387,0.002346544899046421,1042.629150390625,38731.9498133805,0.0882415845990181,632834.9375,229566.09375
666000,0,0.016810000000000002,0.016638875007629395,0.20086045563220978,0.0030374623835086817,0.002353066951036453,1229.8831787109375,39774.57957412269,0.0830383375287056,636776.375,225643.203125
668000,0,0.016810000000000002,0.01661797364552814,0.1955471783876419,0.0030013099312782288,0.002367980033159256,1261.95068359375,41004.46324111488,0.0841369703412056,639915.0625,222521.28125
670000,0,0.016810000000000002,0.016617337862650572,0.19114340841770172,0.0030101936310529707,0.0023972483351826666,1275.677490234375,42266.41453506019,0.0866241529583931,642494.9375,219940.875
672000,0,0.016810000000000002,0.01660299301147461,0.18756888806819916,0.003009608946740627,0.002397281304001808,1335.9947509765625,43542.09214736488,0.0945434644818306,644650.5625,217797.171875
674000,0,0.016810000000000002,0.016593138376871763,0.18497370183467865,0.0030193105340003967,0.0024015109986066817,1371.820068359375,44878.086654200815,0.0821685865521431,646205.0625,216246.140625
676000,0,0.016810000000000002,0.01659572124481201,0.18305079638957977,0.0030265092849731446,0.0024095330387353896,1421.9630126953125,46249.90660048988,0.0860290676355362,647378.0,215068.6875
678000,0,0.016810000000000002,0.016584833463033022,0.18164731562137604,0.003028763458132744,0.002411442808806896,1411.1070556640625,47671.86961318519,0.0891265943646431,648187.8125,214263.921875
680000,0,0.016810000000000002,0.01658686002095544,0.18060144782066345,0.0030313285067677495,0.0024153918027877805,1493.9227294921875,49082.97642470863,0.0919952318072319,648880.125,213566.5
682000,0,0.016810000000000002,0.016580700874328613,0.1797536462545395,0.003034109808504581,0.002419811487197876,1447.813232421875,50576.89952041175,0.0797271728515625,649323.0,213122.046875
684000,0,0.016810000000000002,0.016581376393636105,0.17902405560016632,0.0030373878777027125,0.0024209078401327133,1506.2664794921875,52024.71299697425,0.0840301439166069,649813.5,212636.15625
686000,0,0.016810000000000002,0.016577760378519713,0.17844384908676147,0.00303958673030138,0.0024260781705379487,1476.330078125,53530.9791102555,0.0803680494427681,650114.9375,212329.09375
688000,0,0.016810000000000002,0.016576528549194336,0.1779652088880539,0.003040817193686962,0.002426261082291603,1482.463134765625,55007.308211818,0.0785064771771431,650401.4375,212045.46875
690000,0,0.01821,0.017969568570454952,0.17555676400661469,0.003060105443000793,0.002657468244433403,1624.29052734375,56489.771224513315,0.08349609375,654225.0,210815.015625
692000,0,0.01821,0.017961978912353516,0.17432571947574615,0.0030633389949798586,0.0026685409247875214,1679.91650390625,58114.060287013315,0.0895538330078125,655010.3125,210038.796875
694000,0,0.01821,0.017961859703063965,0.1734521985054016,0.0030663898214697838,0.002673870138823986,1722.0650634765625,59793.976180568,0.0937347337603569,655564.8125,209480.890625
696000,0,0.01821,0.01795653502146405,0.17278467118740082,0.0030699580907821654,0.0026787249371409416,1706.8587646484375,61516.041732325815,0.0889129638671875,655937.875,209107.375
698000,0,0.01821,0.017947514851888058,0.17222441732883453,0.00307480338960886,0.002684230171144009,1759.6646728515625,63222.90122939613,0.0788726732134819,656314.3125,208730.15625
700000,0,0.01821,0.017949899037679018,0.1717127561569214,0.00307700652629137,0.002689948491752148,1734.9376220703125,64982.56553603675,0.0818328857421875,656586.3125,208453.546875
702000,0,0.01821,0.01794127623240155,0.17128139734268188,0.003078624792397022,0.002698187716305256,1765.5008544921875,66717.50389052894,0.084747314453125,656865.75,208170.0625
704000,0,0.01961,0.019332846005757687,0.169128879904747,0.0031051037833094595,0.002936946973204613,1903.8470458984375,68483.00474502113,0.0841827541589737,660551.3125,207074.125
706000,0,0.01961,0.019327600797017397,0.1680653840303421,0.003109432011842728,0.002951548248529434,1953.1519775390625,70386.85191298988,0.0836792066693306,661235.625,206400.40625
708000,0,0.01961,0.019324779510498047,0.1673501580953598,0.0031120043247938154,0.0029568130150437353,2003.7738037109375,72340.00328017738,0.0815277248620987,661706.25,205927.6875
710000,0,0.01961,0.019321163495381655,0.16675110161304474,0.0031109157949686045,0.0029626181349158287,1979.8134765625,74343.77745009925,0.0905914306640625,662029.25,205599.140625
712000,0,0.01961,0.01931746800740558,0.16630883514881134,0.0031122520565986635,0.002962982282042503,1990.56298828125,76323.59153701332,0.079833984375,662301.0,205330.0
714000,0,0.021009999999999997,0.020709236462911007,0.16424331068992615,0.0031385138630867,0.0031963344663381572,2074.934814453125,78314.15330459144,0.086395263671875,665893.375,204324.546875
716000,0,0.021009999999999997,0.02070486545562744,0.1632585972547531,0.003142036870121956,0.003206919506192207,2218.678955078125,80389.08787490394,0.0773010328412056,666624.1875,203596.265625
718000,0,0.021009999999999997,0.02070816357930505,0.16257509589195251,0.0031450908631086346,0.0032088749110698697,2141.430419921875,82607.76731826332,0.0935211330652237,666950.1875,203270.125
720000,0,0.021009999999999997,0.020699620246887207,0.16204768419265747,0.003147752210497856,0.0032108277082443237,2168.302978515625,84749.19773818519,0.0816497951745987,667287.25,202935.90625
722000,0,0.021009999999999997,0.020702322324117006,0.16160805523395538,0.0031473703682422635,0.003208540007472038,2179.964111328125,86917.49998427894,0.0878906324505806,667563.3125,202663.0
724000,1,0.01961,0.019309401512145996,0.16289925575256348,0.003130749985575676,0.002975410223007202,2067.20458984375,89097.46360732582,0.0821685791015625,664389.5,203251.328125
726000,1,0.01961,0.019313573837280273,0.1631917953491211,0.00312737226486206,0.0029667647555470466,2075.496337890625,91164.66917373207,0.0843200758099556,664219.125,203415.46875
728000,1,0.01821,0.01792776584625244,0.1650187373161316,0.003106077201664448,0.0027330443263053894,1849.6123046875,93240.16697646644,0.0822448804974556,660622.375,204424.984375
730000,1,0.01821,0.01793642838795978,0.1657252162694931,0.003099052794277668,0.0027288729324936867,1777.6832275390625,95089.77952529457,0.0750122219324112,660116.875,204910.59375
732000,1,0.01821,0.01794437567392987,0.1660470962524414,0.0030957520008087157,0.0027271896600723267,1812.0242919921875,96867.462508693,0.0776824951171875,659961.5,205061.265625
734000,1,0.016810000000000002,0.016554792722066225,0.1679738163948059,0.0030806977301836014,0.002502634935081005,1669.7677001953125,98679.48631240394,0.0914154201745987,656397.0625,206033.703125
736000,1,0.016810000000000002,0.016559720039367676,0.16879117488861084,0.003074767626821995,0.0024954903870821,1597.1773681640625,100349.25376845863,0.08071897178888321,655839.375,206583.8125
738000,1,0.016810000000000002,0.016564011573791504,0.1692899763584137,0.0030760828405618666,0.002490916475653648,1571.72119140625,101946.43113662269,0.0907745435833931,655523.75,206902.8125
740000,1,0.015410000000000002,0.01517784595489502,0.1716778725385666,0.003064863383769989,0.0022590821608901024,1469.747314453125,103518.15306045082,0.09039306640625,651758.0,208085.25
742000,1,0.015410000000000002,0.015185554822286007,0.1730767786502838,0.0030550906434655186,0.0022469032555818558,1417.2471923828125,104987.89988662269,0.0850830078125,650876.6875,208950.359375
744000,1,0.015410000000000002,0.01518277327219647,0.17407859861850739,0.0030493523925542833,0.002242518588900566,1391.8179931640625,106405.14634658363,0.0847320631146431,650272.125,209563.296875
746000,1,0.015410000000000002,0.015186945597330748,0.17476631700992584,0.003045554831624031,0.002235918119549751,1386.3145751953125,107796.96421767738,0.0959930568933487,649872.8125,209968.421875
748000,1,0.015410000000000002,0.015198707580566406,0.17528632283210754,0.0030431577935814856,0.0022325417026877402,1363.75341796875,109183.27928115394,0.1000213772058487,649549.3125,210290.34375
750000,1,0.015410000000000002,0.015190919240315737,0.17566409707069397,0.003042066656053066,0.002232368104159832,1374.3046875,110547.032821193,0.0947418361902237,649332.3125,210502.34375
752000,1,0.014010000000000002,0.013798554738362612,0.17808644473552704,0.003031162731349468,0.0020027248188853263,1285.190673828125,111921.33702041175,0.0877838209271431,645577.375,211674.578125
754000,1,0.014010000000000002,0.013814528783162472,0.1795061230659485,0.003023647889494896,0.001963229663670063,1176.6495361328125,113206.52720595863,0.1010589599609375,644639.25,212606.953125
756000,1,0.014010000000000002,0.01381981372833252,0.18050764501094818,0.0030123678967356677,0.001964062638580799,1159.3944091796875,114383.17698623207,0.08636477589607239,644031.1875,213206.109375
758000,1,0.014010000000000002,0.013820528984069824,0.18117468059062958,0.0030068807303905484,0.001961900107562542,1147.515869140625,115542.57102920082,0.0814971849322319,643631.375,213606.90625
760000,1,0.014010000000000002,0.013826966285705566,0.18161918222904205,0.003004388883709907,0.001959660090506077,1129.592041015625,116690.0865321305,0.0906524732708931,643355.9375,213880.25
762000,1,0.012610000000000001,0.012435158093770382,0.18423616886138916,0.002997571788728237,0.0017482586205005645,1082.1468505859375,117819.6783290055,0.0972442477941513,639519.75,215099.90625
764000,1,0.012610000000000001,0.012435078620910645,0.18570128083229065,0.0029883034527301787,0.0017431115731596945,1053.50341796875,118901.82444716957,0.070526123046875,638626.375,215977.171875
766000,1,0.012610000000000001,0.012437383333841923,0.18667078018188477,0.0029827674850821497,0.0017394294962286949,1052.53662109375,119955.32798720863,0.0799102857708931,638066.1875,216538.859375
768000,1,0.012610000000000001,0.012440681457519531,0.18741299211978912,0.0029773278161883353,0.0017362672835588453,1016.1532592773438,121007.86448623207,0.0789489671587944,637605.9375,217003.8125
770000,1,0.012610000000000001,0.012442866961161259,0.1880069226026535,0.002970996312797069,0.0017351187765598296,1022.589111328125,122024.01774550941,0.0816192701458931,637267.875,217339.59375
772000,1,0.012610000000000001,0.0124386151631673,0.18847736716270447,0.002967816963791847,0.001733763702213764,1040.9986572265625,123046.60697890785,0.077392578125,637016.8125,217594.9375
774000,1,0.011210000000000001,0.01105638345082599,0.19141334295272827,0.0029483431950211524,0.001534899603575468,902.787109375,124087.60563613441,0.0796051099896431,632931.3125,219063.203125
776000,1,0.011210000000000001,0.011064926783243834,0.1934189796447754,0.0029405074194073675,0.0015266740694642067,880.5203857421875,124990.39201308753,0.0831604152917862,631744.125,220234.328125
778000,1,0.011210000000000001,0.011063019434610966,0.19499102234840393,0.0029329396784305573,0.0015231864526867864,860.2129516601562,125870.91276504066,0.0883636623620987,630814.9375,221158.9375
780000,1,0.011210000000000001,0.011065045992533384,0.196197509765625,0.002930215001106262,0.001521922368556261,879.574951171875,126731.12583877113,0.0709839016199112,630139.3125,221832.15625
782000,1,0.011210000000000001,0.011065443356831905,0.19718308746814728,0.0029279053211212157,0.001518968865275383,862.4610595703125,127610.70060683753,0.0903473049402237,629555.5,222415.890625
784000,1,0.011210000000000001,0.011070013046264648,0.19796155393123627,0.0029248351231217387,0.0015166197903454302,846.7630004882812,128473.161727443,0.08325197547674179,629091.8125,222877.28125
786000,1,0.011210000000000001,0.011070052782694517,0.19857871532440186,0.002920933812856674,0.0015147398225963116,806.467041015625,129319.92521621253,0.08239748328924179,628697.8125,223273.4375
788000,1,0.011210000000000001,0.011068503061930357,0.19907920062541962,0.002919058687984943,0.0015139389783143996,832.71484375,130126.39237929847,0.0745697095990181,628436.625,223534.671875
790000,1,0.011210000000000001,0.011070648829142271,0.19949939846992493,0.002916491404175758,0.0015134822577238082,820.93115234375,130959.10734511878,0.0833587646484375,628179.75,223786.015625
792000,1,0.009810000000000001,0.009676218032836914,0.20259523391723633,0.002907463349401951,0.0013201264664530754,751.7470703125,131780.03831435705,0.0697784498333931,624097.5625,225250.5625
794000,1,0.009810000000000001,0.009683291117350279,0.20472964644432068,0.0028973929584026337,0.0013122668489813805,748.6428833007812,132531.7853236344,0.0722045972943306,622854.0,226470.625
796000,1,0.009810000000000001,0.009688138961791992,0.20647045969963074,0.0028937669470906254,0.0013087974861264228,697.2743530273438,133280.42820693518,0.0737457349896431,621802.1875,227517.671875
798000,1,0.009810000000000001,0.009687701861063658,0.20794406533241272,0.0028894003480672836,0.0013054736889898777,696.1792602539062,133977.7023158219,0.0738983228802681,620953.875,228360.828125
800000,1,0.009810000000000001,0.009689370791117369,0.20919515192508698,0.002885576523840427,0.001302792876958847,684.266357421875,134673.88139297033,0.0670318603515625,620221.1875,229086.578125
802000,1,0.009810000000000001,0.0096893310546875,0.21027205884456635,0.002883162908256054,0.0013002002611756324,664.95703125,135358.14793349768,0.070831298828125,619581.0625,229720.890625
804000,1,0.009810000000000001,0.009693622589111328,0.21122348308563232,0.002880512550473213,0.0012965652160346508,681.4791870117188,136023.10490371252,0.0670013427734375,619051.625,230244.734375
806000,1,0.009810000000000001,0.009694337844848633,0.21207141876220703,0.0028788520023226736,0.0012933649122714996,670.2470092773438,136704.5845790055,0.0854950025677681,618553.0,230740.8125
808000,1,0.009810000000000001,0.009694377581278502,0.212830051779747,0.0028783828020095825,0.0012905818410217762,654.2512817382812,137374.8317713883,0.0772705152630806,618100.9375,231189.53125
810000,1,0.009810000000000001,0.009697198867797852,0.21354399621486664,0.002949617803096771,0.001305569987744093,695.803955078125,138029.08341933752,0.06807467341423035,617712.9375,231547.640625
812000,1,0.009810000000000001,0.0096970796585083,0.21446071565151215,0.0028759034350514415,0.0013201619498431681,649.3901977539062,138724.88725234533,0.0614776648581028,617079.9375,232105.625
814000,1,0.009810000000000001,0.009697039922078432,0.21527718007564545,0.002894211933016777,0.001345999725162983,636.6914672851562,139374.27775527502,0.0848541185259819,616558.0,232573.890625
816000,1,0.009810000000000001,0.009702285130818666,0.21589824557304382,0.002884214371442795,0.0012898059561848641,602.26513671875,140010.96910048986,0.07754518836736679,616200.6875,232970.46875
818000,1,0.009810000000000001,0.009700338045755985,0.2163313329219818,0.002885107882320881,0.001273506786674261,652.3449096679688,140613.23472548986,0.08413698524236679,616016.125,233168.828125
820000,1,0.00841,0.008308609326680483,0.2196703851222992,0.0028825707733631132,0.0010774070397019386,609.8325805664062,141265.579696193,0.07183537632226944,611876.625,234703.28125
822000,1,0.00841,0.008309642473856627,0.22215388715267181,0.0028733812272548676,0.001065558660775423,561.7911987304688,141875.4122767594,0.0692596510052681,610396.8125,236165.328125
824000,1,0.00841,0.008315404256184877,0.22430674731731415,0.00288508553057909,0.0010584165342152117,525.5175170898438,142437.20335341955,0.0724640041589737,609126.0,237424.609375
826000,1,0.00841,0.008316675821940123,0.22628158330917358,0.0028876291587948797,0.001042678765952587,545.1253051757812,142962.7208705094,0.10404970496892929,608019.125,238525.859375
828000,1,0.00841,0.008321205774943052,0.2282456010580063,0.0028884563595056533,0.0010375361889600754,537.5982055664062,143507.84623672033,0.0907440260052681,606889.375,239647.359375
830000,1,0.00841,0.008321921030680357,0.23017503321170807,0.0028967009857296944,0.0010345209389925002,528.779052734375,144045.44438125158,0.0825958326458931,605775.25,240751.5
832000,1,0.00841,0.008322914441426632,0.23204393684864044,0.002888636663556099,0.0010303338989615441,510.2447814941406,144574.22367812658,0.066986083984375,604683.5625,241831.4375
834000,1,0.00841,0.00832227865854901,0.2336709052324295,0.0028922460973262783,0.0010263703763484955,483.7264709472656,145084.46842910314,0.092498779296875,603726.9375,242785.546875
836000,1,0.00841,0.00832553704579675,0.23508429527282715,0.0028970243409276006,0.0010242596268653869,480.939453125,145568.194930568,0.0906219407916069,602913.25,243590.65625
838000,1,0.00841,0.008329788843790709,0.23635980486869812,0.002906688116490841,0.0010252663865685462,472.38543701171875,146049.13456679846,0.09391786903142929,602166.25,244320.59375
840000,1,0.00841,0.008325854937235533,0.23752740025520325,0.002906530536711216,0.0010252786800265313,489.1178894042969,146521.5202479508,0.0713501051068306,601500.1875,244965.8125
842000,1,0.00841,0.008336265881856264,0.2386055737733841,0.002907291240990162,0.0010164973326027393,462.71929931640625,147010.6381373551,0.0740203931927681,600856.125,245601.1875
844000,1,0.00841,0.008332212766011537,0.23960430920124054,0.0029077231884002686,0.0010105072520673274,465.8089904785156,147473.35737563635,0.0760498121380806,600288.0,246168.03125
846000,1,0.00841,0.008335391680399595,0.24056603014469147,0.0029074694961309434,0.0010046617127954958,456.01336669921875,147939.16636611486,0.0900726318359375,599725.875,246722.84375
848000,1,0.00841,0.008332292238871275,0.2415088564157486,0.0029077537357807158,0.0009987738914787768,453.43109130859375,148395.1798548844,0.0755615383386612,599183.1875,247262.734375
850000,1,0.00841,0.008333563804626465,0.24245209991931915,0.0029104521498084066,0.0009929866530001164,455.32330322265625,148848.610946193,0.0740203931927681,598642.875,247796.171875
852000,1,0.00841,0.008341828982035338,0.24343328177928925,0.002916497178375721,0.0009859745390713216,420.61236572265625,149303.93427993322,0.0907440185546875,598042.5,248383.640625
854000,1,0.00841,0.008334994316101074,0.24449287354946136,0.002912379242479801,0.0009770449250936508,433.24212646484375,149724.54670669104,0.0703735426068306,597441.5,248973.390625
856000,1,0.00841,0.008338610331217466,0.24575549364089966,0.0029207754880189894,0.0009754795581102372,425.3616027832031,150157.78877212072,0.088836669921875,596703.25,249692.46875
858000,1,0.00841,0.00833455721537274,0.24770216643810272,0.003004465438425541,0.0010066312737762929,464.49017333984375,150583.15043593908,0.067474365234375,595618.9375,250744.859375
860000,1,0.00841,0.00833467642466229,0.2506950795650482,0.0029692228883504866,0.0009851809591054916,446.520751953125,151047.64054824377,0.0833435133099556,593829.0,252440.75
862000,1,0.00841,0.008333365122477232,0.25381791591644287,0.0029691714793443676,0.0009681410156190395,464.5024108886719,151494.16136123205,0.0696258544921875,592027.25,254179.296875
864000,1,0.00841,0.0083390474319458,0.25647786259651184,0.002950968034565449,0.0009292643517255783,441.6101989746094,151958.66401626135,0.0763092041015625,590492.25,255713.984375
866000,1,0.00841,0.008341789245605469,0.25908637046813965,0.0029709655791521072,0.0009290503337979316,425.0419616699219,152400.27409316564,0.103179931640625,588956.4375,257197.71875
868000,1,0.00841,0.008347074190775572,0.2615870535373688,0.0029655748978257178,0.000927417166531086,410.8428039550781,152825.31593276525,0.0962371751666069,587510.75,258629.953125
870000,1,0.00841,0.008347948392232296,0.26343926787376404,0.0029458099976181983,0.0009360341355204582,404.31781005859375,153236.15882827307,0.09786989539861679,586457.375,259694.0
872000,1,0.00841,0.00835092862447101,0.2647237181663513,0.0029238970950245854,0.0009392684325575829,384.4346618652344,153640.47688247229,0.09112548828125,585713.5,260448.28125
874000,1,0.00841,0.008351405461629213,0.2656938433647156,0.002909605950117111,0.0009400464594364166,369.5196228027344,154024.91148330236,0.09837343543767929,585150.875,261017.359375
876000,1,0.00841,0.008351802825927734,0.266495019197464,0.0029025027528405186,0.0009401135146617889,370.95977783203125,154394.4312281754,0.0920715406537056,584697.0,261471.609375
878000,1,0.00841,0.008348902066548647,0.2672068774700165,0.002897784486413002,0.0009389439597725867,383.8899230957031,154765.39103652502,0.0842742919921875,584307.1875,261864.5
880000,1,0.00841,0.008348862330118778,0.2678608000278473,0.0028958126902580263,0.0009388045407831668,369.52764892578125,155149.2811427262,0.0941162109375,583918.875,262250.90625
882000,1,0.00841,0.008353511492411314,0.2684668004512787,0.0028951095417141916,0.0009386240504682064,357.9708251953125,155518.80870009924,0.0924529954791069,583560.0,262604.96875
884000,1,0.00841,0.008353590965270996,0.2690380811691284,0.002898941747844219,0.0009402117691934108,383.76513671875,155876.77952529455,0.0786895751953125,583254.75,262900.53125
886000,1,0.00841,0.00835418701171875,0.26958516240119934,0.0028911197558045385,0.0009357521310448646,369.2928771972656,156260.5447840836,0.0779113695025444,582928.25,263225.40625
888000,1,0.00841,0.008349696795145689,0.2701173722743988,0.0028876915574073793,0.0009353989735245704,387.98291015625,156629.8376307633,0.0743865966796875,582643.1875,263511.03125
890000,1,0.00841,0.008352518081665039,0.27061256766319275,0.0028878329321742058,0.000934538058936596,362.4208984375,157017.8204798844,0.0901489332318306,582336.875,263816.625
892000,1,0.007010000000000001,0.0069571733474731445,0.27437204122543335,0.0028888121247291564,0.0007904290221631527,339.05340576171875,157380.24125625158,0.0717315673828125,578091.0,265454.0
894000,1,0.007010000000000001,0.006957133611043331,0.27717822790145874,0.0028973635286092753,0.0007942223921418189,321.59454345703125,157719.29444839025,0.063140869140625,576466.0,267059.71875
896000,1,0.007010000000000001,0.0069676240285237445,0.27965882420539856,0.002884896099567413,0.0007992510683834553,278.9331359863281,158040.88893081213,0.1012267917394638,575005.6875,268501.34375
898000,1,0.007010000000000001,0.0069636503855387555,0.28176963329315186,0.0028785038739442825,0.0007814478129148484,291.5089416503906,158319.82206679846,0.0687103420495987,573821.5,269688.0625
900000,1,0.007010000000000001,0.006968776384989439,0.28352516889572144,0.00287147369235754,0.0007711288519203662,265.5498046875,158611.33085586096,0.0920257568359375,572804.4375,270709.46875
902000,1,0.007010000000000001,0.00696253776550293,0.2850285470485687,0.0028657756745815274,0.0007664372213184834,292.23626708984375,158876.88056899572,0.0529632531106472,571982.6875,271539.8125
904000,1,0.007010000000000001,0.00696591536204022,0.2863190174102783,0.0028609829023480415,0.0007667522877454758,280.1208190917969,159169.1166529801,0.0615081712603569,571241.1875,272282.46875
906000,1,0.007010000000000001,0.006969094276428223,0.287441611289978,0.002860697545111179,0.0007673092186450957,272.7427062988281,159449.23735000158,0.0756836012005806,570593.625,272925.5625
908000,1,0.007010000000000001,0.006969610850016239,0.2884184718132019,0.0028600797057151796,0.0007673185784369706,256.2749328613281,159721.98011733557,0.060165416449308395,570022.0,273496.65625
910000,1,0.007010000000000001,0.006971001625061035,0.2892813980579376,0.002859493717551231,0.0007676222827285528,255.3252716064453,159978.25501967932,0.07690431922674179,569530.625,273985.8125
912000,1,0.007010000000000001,0.006970485051472963,0.2900603711605072,0.0028590589761734006,0.0007681488059461117,266.5196533203125,160233.5803828385,0.055038463324308395,569098.25,274416.53125
914000,1,0.007010000000000001,0.006971200307210268,0.29077863693237305,0.0028598394244909284,0.000769438873976469,268.73138427734375,160500.09997512365,0.05901895463466644,568690.9375,274820.8125
916000,1,0.007010000000000001,0.006971915562947573,0.29144397377967834,0.0028627926483750345,0.000770879816263914,267.0421142578125,160768.83138991857,0.05700689181685448,568309.0625,275197.625
918000,1,0.007010000000000001,0.006972193717956543,0.2920732796192169,0.002864383719861507,0.0007724598981440067,262.4306335449219,161035.8735041764,0.0653228908777237,567943.25,275557.09375
920000,1,0.007010000000000001,0.006972630818684877,0.2926885187625885,0.002866967394948006,0.0007747666910290718,260.6024475097656,161298.30410720373,0.06263787299394608,567586.3125,275904.5
922000,1,0.007010000000000001,0.006972908973693848,0.29327917098999023,0.00287280548363924,0.000779453245922923,257.69091796875,161558.90658523107,0.06281304359436035,567237.125,276237.125
924000,1,0.007010000000000001,0.006973624229431152,0.29387933015823364,0.002905549481511116,0.0008029370568692684,253.79002380371094,161816.5974116471,0.0657501369714737,566851.8125,276563.3125
926000,1,0.007010000000000001,0.0069741805394490375,0.29444414377212524,0.002909359522163868,0.0008011682890355587,250.098388671875,162070.38740493322,0.0678711086511612,566519.0625,276882.75
928000,1,0.007010000000000001,0.006974776585896847,0.2949379086494446,0.0029078677296638486,0.000794883444905281,245.51036071777344,162320.48576308752,0.0706787109375,566223.0625,277161.5625
930000,1,0.00561,0.005580226580301939,0.29895052313804626,0.0028873439878225327,0.000692932540550828,208.96450805664062,162565.99601699377,0.0653076246380806,561877.0625,278896.625
932000,1,0.00561,0.005582412083943666,0.30220624804496765,0.0028734846040606495,0.0006859384011477231,192.98837280273438,162774.96044875646,0.0707550048828125,560002.3125,280739.53125
934000,1,0.00561,0.005586465199788393,0.30524808168411255,0.0028720321133732796,0.0006816623732447624,176.0463104248047,162967.94879104162,0.0773468092083931,558256.375,282465.96875
936000,1,0.00561,0.00558626651763916,0.3080956041812897,0.002864611335098743,0.0006775622721761466,165.13734436035156,163143.99516250158,0.085113525390625,556628.8125,284078.6875
938000,1,0.00561,0.005587855974833189,0.3108275830745697,0.0028733715415000913,0.0006815318018198013,161.4616241455078,163309.13250686193,0.0839080885052681,555077.1875,285618.375
940000,1,0.00561,0.005587418874104855,0.3137388229370117,0.002887616865336895,0.0006972089409828186,161.48562622070312,163470.59411574865,0.0759887844324112,553414.4375,287247.65625
942000,1,0.00561,0.005587498346964537,0.316991925239563,0.0028647685423493384,0.0007207375019788742,159.7536163330078,163632.07963515783,0.0760955810546875,551557.25,289070.9375
944000,1,0.00561,0.005588491757710756,0.3206353783607483,0.0028703849762678145,0.0007692273706197738,155.2733154296875,163791.833312526,0.0795898512005806,549473.5625,291115.78125
946000,1,0.00561,0.00558880964914954,0.32476624846458435,0.0028959341347217556,0.0008260412141680717,151.35653686523438,163947.10670424963,0.0818328782916069,547098.5,293425.78125
948000,1,0.00561,0.005589286486307743,0.3292807638645172,0.0029154296964406965,0.0008345448412001134,150.34849548339844,164098.46324111486,0.082855224609375,544503.9375,295945.1875
950000,1,0.00561,0.005589008331298828,0.3337652087211609,0.002894826978445053,0.000779270939528942,151.7280731201172,164248.8116755631,0.0835418701171875,541945.5,298453.46875
952000,1,0.00561,0.005589167277018248,0.3379220962524414,0.0029093725606799126,0.000761191314086318,151.42559814453125,164400.5397792008,0.0824737697839737,539589.25,300788.0625
954000,1,0.00561,0.005588968594869015,0.34223005175590515,0.0028566827997565268,0.0007633641362190247,152.74562072753906,164551.9654231217,0.0813903957605362,537117.8125,303189.09375
956000,1,0.00561,0.0055894454320271625,0.34616538882255554,0.0028252214193344115,0.0007049264386296272,150.23997497558594,164704.7110896256,0.0810089185833931,534897.875,305408.1875
958000,1,0.00561,0.005589922269185366,0.3497484028339386,0.0028199734166264533,0.0006816126871854066,146.41677856445312,164854.9510493424,0.0806427076458931,532867.1875,307426.5625
960000,1,0.00561,0.00559079647064209,0.35293424129486084,0.0028057986870408057,0.0006564530078321695,140.19845581054688,165001.36766006018,0.079437255859375,531069.8125,309230.53125
962000,1,0.00561,0.0055925051371256695,0.3557586669921875,0.002792605943977833,0.0006442836485803128,133.7837371826172,165141.5660090592,0.077178955078125,529475.375,310830.5625
964000,1,0.00561,0.005594293276468931,0.3583075702190399,0.002774462103843689,0.0006349712144583463,129.5006561279297,165275.3497615006,0.06707763671875,528037.625,312272.71875
966000,1,0.00561,0.005596001942952511,0.36063945293426514,0.0027586996555328367,0.0006287441123276948,117.02033996582031,165404.85043288732,0.0742645338177681,526710.0625,313599.375
968000,1,0.00561,0.00559671719868976,0.3627965450286865,0.002742055244743824,0.0006256659049540758,112.92298126220703,165521.87079574133,0.0760193020105362,525486.75,314817.875
970000,1,0.00561,0.005596637725830078,0.36481356620788574,0.002732251025736332,0.0006244360934942961,113.64939880371094,165634.79376937414,0.0727538987994194,524346.6875,315952.28125
972000,1,0.00561,0.005597035090128599,0.3667212724685669,0.002728442847728729,0.0006237007677555084,110.00391387939453,165748.44316054846,0.0698852613568306,523263.53125,317029.125
974000,1,0.00561,0.005597631136576353,0.3685775697231293,0.00274746548384428,0.0006299762986600399,105.78382873535156,165858.44708205725,0.07269289344549179,522205.3125,318074.9375
976000,1,0.00561,0.005597869555155455,0.3708938658237457,0.0027867382392287253,0.0007515745237469672,104.16637420654297,165964.23087264562,0.0755920559167862,520823.59375,319335.1875
978000,1,0.00561,0.005597710609436035,0.37389272451400757,0.002811569720506668,0.0007503213360905646,105.62776184082031,166068.39726211096,0.0767364576458931,519095.25,320996.15625
980000,1,0.00561,0.005597114562988281,0.3774546980857849,0.002881527878344059,0.0008482616394758224,110.34239959716797,166174.02507735754,0.0762176662683487,517014.1875,322945.34375
982000,1,0.00561,0.0055969158808390485,0.38138484954833984,0.0028455201536417007,0.000706538138911128,111.99052429199219,166284.36751510168,0.0771484524011612,514787.15625,325144.5625
984000,1,0.00561,0.0055970748265584125,0.3845100700855255,0.002830833941698074,0.0006530140526592731,110.81851959228516,166396.35805465246,0.07742311805486679,513072.8125,326934.375
986000,1,0.00561,0.005597114562988281,0.38714727759361267,0.002819775976240635,0.0006308048032224177,110.52571868896484,166507.17657424475,0.0774231031537056,511607.875,328432.71875
988000,1,0.00561,0.0055969953536987305,0.38946333527565,0.002812225557863712,0.0006180687807500363,111.4099349975586,166617.70234633947,0.075439453125,510316.375,329743.8125
990000,1,0.00561,0.00559687614440918,0.39158865809440613,0.0028067918494343756,0.0006121749524027109,111.95099639892578,166729.1123271134,0.0705413967370987,509123.40625,330942.4375
992000,1,0.00561,0.00559715429941815,0.3935403525829315,0.002798132784664631,0.0006046330556273461,110.04627227783203,166841.0633464005,0.0728759914636612,508031.375,332049.6875
994000,1,0.00561,0.005597511927286802,0.3953618109226227,0.0027865838259458543,0.0006005368661135434,107.8551025390625,166951.10964919592,0.0746765285730362,507005.78125,333079.4375
996000,1,0.00561,0.005597829818725586,0.39707714319229126,0.0027780091390013696,0.0005962508730590343,105.99740600585938,167058.96476699377,0.0748291164636612,506040.125,334049.4375
998000,1,0.00561,0.005598028500874819,0.39869388937950134,0.002770402655005455,0.0005923626944422722,104.37918853759766,167164.96218825842,0.0746460109949112,505130.3125,334963.5
1000000,1,0.00561,0.005598346392313658,0.4002738296985626,0.0027882810682058334,0.0006094176787883043,102.31822204589844,167269.3413920548,0.0755462720990181,504229.375,335849.75
1002000,1,0.00561,0.005598386128743527,0.40193691849708557,0.0027625564485788344,0.0005944684147834778,101.84881591796875,167371.6596369889,0.0745239332318306,503286.28125,336783.15625
1004000,1,0.00561,0.005598465601603153,0.4034646153450012,0.002756821922957897,0.0005896287504583597,101.4002685546875,167473.50846816564,0.07305908203125,502429.4375,337646.875
1006000,1,0.00561,0.005598465601603153,0.4049024283885956,0.002758845686912536,0.000588748836889863,101.12986755371094,167574.9087824967,0.0702667385339737,501622.3125,338459.1875
1008000,1,0.00561,0.00559842586517334,0.4062447249889374,0.00276764165610075,0.0005893766414374113,100.49606323242188,167676.03868819738,0.06871034950017929,500868.28125,339217.90625
1010000,1,0.00561,0.005598346392313602,0.407484233379364,0.0027557801455259322,0.000587428081780672,100.85163879394531,167776.53478194738,0.0686798095703125,500171.21875,339915.78125
1012000,1,0.00561,0.005598465601603209,0.40871763229370117,0.0027514647692441943,0.0005837300792336464,101.71968841552734,167877.38638259436,0.0693664699792862,499474.34375,340607.15625
1014000,1,0.00561,0.005598465601603209,0.4099642336368561,0.002741009555757046,0.000581388734281063,101.45467376708984,167979.10607863928,0.0696411207318306,498769.0625,341307.375
1016000,1,0.00561,0.005598545074462891,0.41121119260787964,0.0027358926832675933,0.0005811481270939111,100.67445373535156,168080.56075240637,0.0689850002527237,498062.4375,342008.21875
1018000,1,0.00561,0.0055988232294718054,0.41244789958000183,0.002733634598553181,0.0005823324900120497,98.86349487304688,168181.23520614172,0.0686035230755806,497361.1875,342705.375
1020000,1,0.00561,0.0055990616480509625,0.4136621952056885,0.002730198390781879,0.0005825512111186981,97.32633972167969,168280.09876204992,0.06834413856267929,496676.15625,343391.8125
1022000,1,0.00561,0.005599260330200195,0.41484227776527405,0.0027274060994386673,0.0005828203167766333,96.10635375976562,168377.425109401,0.0680542141199112,496010.6875,344058.71875
1024000,1,0.00561,0.005599578221639034,0.4159965217113495,0.002723996527493,0.0005830510519444943,95.15895080566406,168473.53145553137,0.0678558424115181,495359.25,344709.75
1026000,1,0.00561,0.005599657694498716,0.41714298725128174,0.0027257803827524184,0.0005839420948177575,94.46802520751953,168568.69042922521,0.0677337720990181,494709.8125,345354.65625
1028000,1,0.00561,0.005599776903788212,0.41830897331237793,0.0027320651337504388,0.0005883351899683475,93.93106842041016,168663.15844680334,0.0678253322839737,494041.96875,346004.40625
1030000,1,0.00561,0.0055998961130777625,0.4195002317428589,0.002725428529083729,0.000591200077906251,93.10516357421875,168757.08952285314,0.0680389404296875,493360.375,346668.0625
1032000,1,0.00561,0.005600015322367313,0.42066270112991333,0.002724175713956356,0.0005879211705178022,92.388916015625,168850.19465590979,0.0682830736041069,492705.40625,347323.53125
1034000,1,0.00561,0.005600055058797182,0.42181235551834106,0.002723715268075466,0.0005867892410606145,91.97984313964844,168942.58349563146,0.06843569129705429,492056.96875,347971.46875
1036000,1,0.00561,0.005600094795227051,0.42296117544174194,0.0027242885902523995,0.0005863712169229985,91.92387390136719,169034.56330062414,0.06858827918767929,491408.5625,348617.78125
1038000,1,0.00561,0.005600174268086733,0.4241201877593994,0.002725576050579548,0.0005868591833859682,92.28984069824219,169126.48709823156,0.0687103345990181,490754.125,349268.59375
1040000,1,0.00561,0.005600055058797182,0.42530250549316406,0.0027340013533830644,0.0005891751963645219,93.25244140625,169218.77690841223,0.0688171535730362,490085.875,349930.65625
1042000,1,0.00561,0.0055998166402180805,0.42652320861816406,0.00274764858186245,0.0005962593480944633,95.36370849609375,169312.02934218908,0.0689849928021431,489395.09375,350611.46875
1044000,1,0.00561,0.0055992205937703265,0.4278053939342499,0.00280311144888401,0.000649864925071597,101.27987670898438,169407.3929972794,0.0690155029296875,488668.09375,351317.125
1046000,1,0.00561,0.005596955617268862,0.42933759093284607,0.0028274357318878174,0.0007325691636651754,121.72245025634766,169508.672866359,0.0724182277917862,487777.40625,352114.59375
1048000,1,0.00561,0.005596677462259947,0.4315211772918701,0.0030035100877285003,0.0008516428992152214,122.30162048339844,169630.3952403214,0.0773773118853569,486490.4375,353296.5625
1050000,1,0.00561,0.005596518516540527,0.4346102774143219,0.002859798818826675,0.0008426662534475327,123.82939910888672,169752.69684554602,0.0686798095703125,484647.75,354949.375
1052000,1,0.00561,0.005599180857340513,0.43843644857406616,0.002831115201115608,0.0007603068836033344,105.2852783203125,169876.52628280187,0.07289125770330429,482451.9375,357106.875
1054000,1,0.00561,0.005600293477376339,0.4423236846923828,0.0027959100902080532,0.0006950660143047571,93.73390197753906,169981.81152297521,0.0707855373620987,480227.59375,359289.25
1056000,1,0.00561,0.005600770314534542,0.4459681212902069,0.002783273532986641,0.0006678353995084762,85.75697326660156,170075.54541732336,0.0637969896197319,478160.0625,361342.84375
1058000,1,0.00561,0.005602439244588198,0.44942721724510193,0.002826300635933876,0.000669734738767147,74.77305603027344,170161.30238296057,0.0627899244427681,476177.9375,363280.28125
1060000,1,0.00561,0.0056029558181762695,0.4529297947883606,0.0027883876115083694,0.0006874597165733576,68.41775512695312,170236.07546187902,0.0637359768152237,474137.34375,365199.6875
1062000,1,0.00561,0.005603710810343443,0.4563760459423065,0.002792896330356598,0.0007045960985124112,62.63581848144531,170304.49321700598,0.0632171556353569,472154.5625,367110.1875
1064000,1,0.00561,0.005604346593221066,0.4598500430583954,0.0028212193399667737,0.0007054164074361323,57.497650146484375,170367.12902404333,0.0617370679974556,470153.03125,369032.90625
1066000,1,0.00561,0.005605220794677734,0.46312618255615234,0.002812932431697845,0.0006552756763994694,51.985416412353516,170424.6266894486,0.05944826453924179,468315.53125,370891.375
1068000,1,0.00561,0.005606253941853823,0.46616196632385254,0.002821418642997742,0.0006431722082197665,46.104759216308594,170476.61209823156,0.0562896654009819,466581.34375,372590.4375
1070000,1,0.00561,0.005607287089029966,0.4689888060092926,0.0028401033952832225,0.00064036943949759,40.35235595703125,170522.71686507727,0.052947998046875,464954.75,374163.25
1072000,1,0.00561,0.005607922871907534,0.4716385304927826,0.002867165207862854,0.0006471924949437379,36.95268249511719,170563.0692095902,0.0509796105325222,463427.96875,375630.28125
1074000,1,0.00561,0.005607207616170229,0.4742390811443329,0.0028832126408815384,0.0006535112392157316,42.257205963134766,170600.0219149735,0.053924571722745895,461945.59375,377063.53125
1076000,1,0.00561,0.005605975786844908,0.47695407271385193,0.0028923548758029937,0.0006496328860521317,51.79087829589844,170642.27910949255,0.05937197431921959,460422.6875,378576.65625
1078000,1,0.00561,0.005605181058247866,0.47971272468566895,0.002896946296095848,0.0006413879804313182,59.432003021240234,170694.06996871496,0.0621490515768528,458899.84375,380142.8125
1080000,1,0.00561,0.005604465802510561,0.4824971854686737,0.002948303893208504,0.0006432458292692899,66.9921646118164,170753.50194503332,0.0655670166015625,457364.03125,381725.65625
1082000,1,0.00561,0.005602439244588198,0.485378623008728,0.003021362796425819,0.0006555431988090277,87.89570617675781,170820.49405623937,0.0672607570886612,455791.78125,383347.34375
1084000,1,0.00561,0.005602121353149414,0.48842865228652954,0.002962190844118595,0.0006081443745642901,87.84339904785156,170908.38976241613,0.0691070631146431,454081.09375,385073.96875
